StoreID,StoreName,Address,City,Region,Postcode,Country,CountryCode,Latitude,Longitude,Phone,Website,OpeningHours,Source,SourceRef,SourceURL,RetrievedAt
DEC-00001,Decathlon,Entre Ardis,Alger,Alger,,Algeria,DZ,36.7391476,3.1428367,,https://www.decathlon.com.dz/,,OpenStreetMap,node/9025326058,https://www.openstreetmap.org/node/9025326058,2026-07-11T20:29:07+00:00
DEC-00002,Decathlon,,Cheraga,Tipaza,,Algeria,DZ,36.7508917,2.9518127,,,,OpenStreetMap,node/11920100906,https://www.openstreetmap.org/node/11920100906,2026-07-11T20:29:07+00:00
DEC-00003,Decathlon,,باب الزوار,Alger,,Algeria,DZ,36.7119696,3.1967271,,,,OpenStreetMap,node/6896185986,https://www.openstreetmap.org/node/6896185986,2026-07-11T20:29:07+00:00
DEC-00004,Decathlon,,Olivos,Buenos Aires,,Argentina,AR,-34.5321861,-58.4664675,,,,OpenStreetMap,node/13479716163,https://www.openstreetmap.org/node/13479716163,2026-07-11T20:29:07+00:00
DEC-00005,Tempe,"634-726 Princes Hwy, Tempe NSW, Sydney",Arncliffe,New South Wales,2044,Australia,AU,-33.9224380,151.1661880,+61 2 6181 0987,https://www.decathlon.com.au/s/our-stores/tempe,Mo-We 09:00-20:00; Th 09:00-21:00; Fr-Sa 09:00-20:00; Su 09:00-19:00,AllThePlaces / localisateur officiel; OpenStreetMap,1789;way/791886318,https://www.decathlon.com.au/api/store-setting?countryCode=AU; https://www.openstreetmap.org/way/791886318,2026-07-11T20:29:07+00:00
DEC-00006,Bondi,"134 Campbell Parade, Bondi Beach, Sydney",Bondi Beach,New South Wales,2026,Australia,AU,-33.8908321,151.2740128,,,Mo-Su 09:30-17:30,AllThePlaces / localisateur officiel,3248,https://www.decathlon.com.au/api/store-setting?countryCode=AU,2026-07-11T20:29:07+00:00
DEC-00007,Auburn,"300 PARRAMATTA ROAD, Auburn",Granville,New South Wales,2144,Australia,AU,-33.8387389,151.0274436,+61 2 6181 0988,https://decathlon.com.au/pages/store-auburn,Mo-We 10:00-19:00; Th-Sa 10:00-20:00; Su 10:00-19:00,AllThePlaces / localisateur officiel; OpenStreetMap,1791;node/6816396957,https://www.decathlon.com.au/api/store-setting?countryCode=AU; https://www.openstreetmap.org/node/6816396957,2026-07-11T20:29:07+00:00
DEC-00008,Townhall,"SHOP T2-T3 570 George St, Town Hall CBD, Sydney",Haymarket,New South Wales,2000,Australia,AU,-33.8741218,151.2070921,+61 451 813 663,https://www.decathlon.com.au/s/our-stores/town-hall,Mo-Su 10:00-19:00,AllThePlaces / localisateur officiel; OpenStreetMap,3247;node/12979118674,https://www.decathlon.com.au/api/store-setting?countryCode=AU; https://www.openstreetmap.org/node/12979118674,2026-07-11T20:29:07+00:00
DEC-00009,Moorabbin,"405 Boundary Rd, Moorabbin Airport, VIC",Heatherton,Victoria,3194,Australia,AU,-37.9731086,145.1105692,+61 3 7067 5244,https://decathlon.com.au/pages/store-moorabbin,Mo-Fr 09:00-19:00; Sa-Su 10:00-18:00,AllThePlaces / localisateur officiel; OpenStreetMap,1790;way/703047988,https://www.decathlon.com.au/api/store-setting?countryCode=AU; https://www.openstreetmap.org/way/703047988,2026-07-11T20:29:07+00:00
DEC-00010,Manly Corso,"Shop 1 31 The Corso, Manly, Manly, Sydney",Manly,New South Wales,2095,Australia,AU,-33.7978744,151.2862091,+61 404 300 336,,Mo-Fr 09:30-17:30; Sa-Su 09:30-18:00,AllThePlaces / localisateur officiel; OpenStreetMap,3208;node/12791001620,https://www.decathlon.com.au/api/store-setting?countryCode=AU; https://www.openstreetmap.org/node/12791001620,2026-07-11T20:29:07+00:00
DEC-00011,Decathlon,,Mascot,New South Wales,,Australia,AU,-33.9354117,151.1795752,,,Mo-Su 06:00-20:00,OpenStreetMap,node/9896274727,https://www.openstreetmap.org/node/9896274727,2026-07-11T20:29:07+00:00
DEC-00012,Decathlon,,Mill Park,Victoria,,Australia,AU,-37.6490794,145.0733000,,,,OpenStreetMap,node/11245008513,https://www.openstreetmap.org/node/11245008513,2026-07-11T20:29:07+00:00
DEC-00013,Decathlon,,Sydney,New South Wales,2000,Australia,AU,-33.8661408,151.2070970,,https://decathlon.com.au,Mo-Fr 10:00-18:00; Sa-Su 10:00-17:00,OpenStreetMap,node/10722539590,https://www.openstreetmap.org/node/10722539590,2026-07-11T20:29:07+00:00
DEC-00014,Decathlon,,Ebenthal,Carinthia,,Austria,AT,46.6281843,14.3491444,,https://www.decathlon.at/,,OpenStreetMap,node/9859219082,https://www.openstreetmap.org/node/9859219082,2026-07-11T20:29:07+00:00
DEC-00015,Decathlon,6 Gewerbeparkstraße,Gerasdorf bei Wien,Lower Austria,1220,Austria,AT,48.2467953,16.4629302,+43 720 883156,https://www.decathlon.at/,Mo-Fr 09:30-19:00; Sa 09:00-18:00,OpenStreetMap,node/8906654019,https://www.openstreetmap.org/node/8906654019,2026-07-11T20:29:07+00:00
DEC-00016,Decathlon,60 Ganghoferstraße,Seiersberg,Styria,8055,Austria,AT,47.0140356,15.4106351,,,Mo-Fr 09:00-19:00; Sa 09:00-18:00; PH closed,OpenStreetMap,way/1064878006,https://www.openstreetmap.org/way/1064878006,2026-07-11T20:29:07+00:00
DEC-00017,Decathlon,,Traun,Upper Austria,,Austria,AT,48.2444178,14.2361011,,https://www.decathlon.at/,,OpenStreetMap,node/4609198232,https://www.openstreetmap.org/node/4609198232,2026-07-11T20:29:07+00:00
DEC-00018,Decathlon,42-48 Mariahilfer Straße,Vienna,Vienna,,Austria,AT,48.1998475,16.3531861,,,Mo-We 09:30-19:00; Th-Fr 09:30-20:00; Sa 09:30-18:00,OpenStreetMap,node/12064562801,https://www.openstreetmap.org/node/12064562801,2026-07-11T20:29:07+00:00
DEC-00019,Decathlon,1-3 Autoallee,Vosendorf,Lower Austria,2334,Austria,AT,48.1170803,16.3174871,+43720883156,https://www.scs.at/store/decathlon,Mo-Fr 09:30-19:00; Sa 09:00-18:00; Su off,OpenStreetMap,node/13130601771;node/6153962178,https://www.openstreetmap.org/node/13130601771; https://www.openstreetmap.org/node/6153962178,2026-07-11T20:29:07+00:00
DEC-00020,Decathlon,7-8 Columbusplatz,Wien,Vienna,1100,Austria,AT,48.1819428,16.3757150,,https://www.decathlon.at/content/253-magasin-columbus,Mo-Fr 09:00-19:00; Sa 09:00-18:00,OpenStreetMap,node/11379329692,https://www.openstreetmap.org/node/11379329692,2026-07-11T20:29:07+00:00
DEC-00021,Decathlon,"Rue du commerce, 20",Alleur,Wallonia,4432,Belgium,BE,50.6688000,5.5354000,+32 4 247 26 26,https://www.decathlon.be/nl/store-view/sportwinkel-alleur-0070018100181,Mo-Sa 09:00-19:30,AllThePlaces / localisateur officiel; OpenStreetMap,0070018100181;way/38159235;way/1330401708,https://api.woosmap.com/stores?key=woos-9f8c8ff6-ebbf-34aa-ae1c-437fde9f85e7&stores_by_page=300&page=1; https://www.openstreetmap.org/way/38159235; https://www.openstreetmap.org/way/1330401708,2026-07-11T20:29:07+00:00
DEC-00022,Decathlon,Drève Olympique 50,Anderlecht,Flanders,1070,Belgium,BE,50.8192000,4.2770000,+32 2 559 10 10,https://www.decathlon.be/nl/store-view/sportwinkel-anderlecht-0070037300373,Mo-Sa 09:00-20:00,AllThePlaces / localisateur officiel; OpenStreetMap,0070037300373;way/39349625,https://api.woosmap.com/stores?key=woos-9f8c8ff6-ebbf-34aa-ae1c-437fde9f85e7&stores_by_page=300&page=1; https://www.openstreetmap.org/way/39349625,2026-07-11T20:29:07+00:00
DEC-00023,Decathlon,"Noorderlaan 53, GPS adres = Groenendaallaan 393",Antwerpen,Flanders,2030,Belgium,BE,51.2464000,4.4177000,+32 3 544 31 00,https://www.decathlon.be/nl/store-view/sportwinkel-antwerpen-0070017300173,Mo-Sa 09:00-20:00,AllThePlaces / localisateur officiel; OpenStreetMap,0070017300173;way/51792400,https://api.woosmap.com/stores?key=woos-9f8c8ff6-ebbf-34aa-ae1c-437fde9f85e7&stores_by_page=300&page=1; https://www.openstreetmap.org/way/51792400,2026-07-11T20:29:07+00:00
DEC-00024,Decathlon,Rue de Grass 99,Arlon,Luxembourg,6700,Belgium,BE,49.6385000,5.8861000,+32 63 24 01 60,https://www.decathlon.be/nl/store-view/sportwinkel-arlon-0070101701017,Mo-Sa 09:00-20:00,AllThePlaces / localisateur officiel; OpenStreetMap,0070101701017;way/387216681,https://api.woosmap.com/stores?key=woos-9f8c8ff6-ebbf-34aa-ae1c-437fde9f85e7&stores_by_page=300&page=1; https://www.openstreetmap.org/way/387216681,2026-07-11T20:29:07+00:00
DEC-00025,Decathlon,Blankenbergsesteenweg 420,Brugge,Flanders,8000,Belgium,BE,51.2508000,3.2013000,+32 50 45 06 00,https://www.decathlon.be/nl/store-view/sportwinkel-brugge-0070050100501,Mo-Sa 09:00-19:30,AllThePlaces / localisateur officiel,0070050100501,https://api.woosmap.com/stores?key=woos-9f8c8ff6-ebbf-34aa-ae1c-437fde9f85e7&stores_by_page=300&page=1,2026-07-11T20:29:07+00:00
DEC-00026,Decathlon,Rue de l'Evêque 30,Brussels,Brussels Capital,1000,Belgium,BE,50.8495466,4.3528936,+32 2 896 91 90,https://www.decathlon.be/nl/store-view/sportwinkel-de-brouckere-0070191001910,Mo-Sa 10:00-19:30,AllThePlaces / localisateur officiel; OpenStreetMap,0070191001910;node/5237719322,https://api.woosmap.com/stores?key=woos-9f8c8ff6-ebbf-34aa-ae1c-437fde9f85e7&stores_by_page=300&page=1; https://www.openstreetmap.org/node/5237719322,2026-07-11T20:29:07+00:00
DEC-00027,Decathlon City,,Brussels,Brussels Capital,,Belgium,BE,50.8375861,4.3618407,+32 2 882 31 40,https://www.decathlon.be/fr/store-view/magasin-de-sports-city-porte-de-namur-0070267702677,Mo-Sa 10:00-19:30,OpenStreetMap,node/873887662,https://www.openstreetmap.org/node/873887662,2026-07-11T20:29:07+00:00
DEC-00028,Decathlon,Rue Trieu Kaisin 1,CHATELINEAU,Wallonia,6200,Belgium,BE,50.4058931,4.4976580,+32 71 24 30 40,https://www.decathlon.be/nl/store-view/sportwinkel-chatelineau-0070020700207,Mo-Sa 09:00-19:30,AllThePlaces / localisateur officiel; OpenStreetMap,0070020700207;way/108667271,https://api.woosmap.com/stores?key=woos-9f8c8ff6-ebbf-34aa-ae1c-437fde9f85e7&stores_by_page=300&page=1; https://www.openstreetmap.org/way/108667271,2026-07-11T20:29:07+00:00
DEC-00029,Decathlon,Rue de la Poire d'Or 21,Cuesmes,Wallonia,7033,Belgium,BE,50.4460916,3.9208560,+32 65 39 42 00,https://www.decathlon.be/nl/store-view/sportwinkel-mons-0070052500525,Mo-Sa 09:00-19:30,AllThePlaces / localisateur officiel,0070052500525,https://api.woosmap.com/stores?key=woos-9f8c8ff6-ebbf-34aa-ae1c-437fde9f85e7&stores_by_page=300&page=1,2026-07-11T20:29:07+00:00
DEC-00030,Decathlon,21 Rue de la Poire d'Or,Cuesmes,Wallonia,7033,Belgium,BE,50.4499026,3.9149878,,,Mo-Sa 09:00-19:30; Su off,OpenStreetMap,way/82963797,https://www.openstreetmap.org/way/82963797,2026-07-11T20:29:07+00:00
DEC-00031,Decathlon,Chaussée de Bruxelles 82,Dampremy,Wallonia,6020,Belgium,BE,50.4165330,4.4390840,+32 71 24 00 20,https://www.decathlon.be/nl/store-view/sportwinkel-charleroi-0070210802108,Mo-Sa 09:00-19:00; Su 10:00-18:00,AllThePlaces / localisateur officiel; OpenStreetMap,0070210802108;way/823823026,https://api.woosmap.com/stores?key=woos-9f8c8ff6-ebbf-34aa-ae1c-437fde9f85e7&stores_by_page=300&page=1; https://www.openstreetmap.org/way/823823026,2026-07-11T20:29:07+00:00
DEC-00032,Decathlon,Avenue Jules Bordet,Evere,Flanders,1140,Belgium,BE,50.8774000,4.4107000,+32 2 701 96 00,https://www.decathlon.be/nl/store-view/sportwinkel-evere-0070093900939,Mo-Sa 09:00-20:00,AllThePlaces / localisateur officiel; OpenStreetMap,0070093900939;node/5217857425;node/8062289675;node/11295281254,https://api.woosmap.com/stores?key=woos-9f8c8ff6-ebbf-34aa-ae1c-437fde9f85e7&stores_by_page=300&page=1; https://www.openstreetmap.org/node/5217857425; https://www.openstreetmap.org/node/8062289675; https://www.openstreetmap.org/node/11295281254,2026-07-11T20:29:07+00:00
DEC-00033,Decathlon,Rue de Maire 6d,Froyennes,Wallonia,7503,Belgium,BE,50.6249274,3.3697533,+32 69 49 50 22,https://www.decathlon.be/nl/store-view/sportwinkel-tournai-0070117301173,Mo-Sa 09:30-19:00,AllThePlaces / localisateur officiel; OpenStreetMap,0070117301173;way/550617465,https://api.woosmap.com/stores?key=woos-9f8c8ff6-ebbf-34aa-ae1c-437fde9f85e7&stores_by_page=300&page=1; https://www.openstreetmap.org/way/550617465,2026-07-11T20:29:07+00:00
DEC-00034,Decathlon,Vliegtuiglaan 8,Gent,Flanders,9000,Belgium,BE,51.0740000,3.7395000,+32 9 250 99 00,https://www.decathlon.be/nl/store-view/sportwinkel-gent-0070084800848,Mo-Sa 09:00-19:30,AllThePlaces / localisateur officiel; OpenStreetMap,0070084800848;node/8357456920;node/13763553811;way/307545969;way/1361005852,https://api.woosmap.com/stores?key=woos-9f8c8ff6-ebbf-34aa-ae1c-437fde9f85e7&stores_by_page=300&page=1; https://www.openstreetmap.org/node/8357456920; https://www.openstreetmap.org/node/13763553811; https://www.openstreetmap.org/way/307545969; https://www.openstreetmap.org/way/1361005852,2026-07-11T20:29:07+00:00
DEC-00035,Decathlon,Rue de Huy 54,HANNUT,Wallonia,4280,Belgium,BE,50.6647000,5.0918000,+32 19 65 60 46,https://www.decathlon.be/nl/store-view/sportwinkel-hannut-0070110301103,Mo-Sa 09:30-18:30,AllThePlaces / localisateur officiel; OpenStreetMap,0070110301103;node/12432825396,https://api.woosmap.com/stores?key=woos-9f8c8ff6-ebbf-34aa-ae1c-437fde9f85e7&stores_by_page=300&page=1; https://www.openstreetmap.org/node/12432825396,2026-07-11T20:29:07+00:00
DEC-00036,Decathlon,13 Chaussée d'Ixelles,Ixelles,Brussels Capital,1050,Belgium,BE,50.8327754,4.3666910,+32 2 882 31 40,https://www.decathlon.be/nl/store-view/sportwinkel-city-porte-de-namur-0070267702677,Mo-Sa 10:00-19:30,AllThePlaces / localisateur officiel,0070267702677,https://api.woosmap.com/stores?key=woos-9f8c8ff6-ebbf-34aa-ae1c-437fde9f85e7&stores_by_page=300&page=1,2026-07-11T20:29:07+00:00
DEC-00037,Decathlon,1 Beneluxlaan,Kortrijk,Flanders,8500,Belgium,BE,50.7999932,3.2821882,+32 56 24 36 60,https://www.decathlon.be/nl/store-view/sportwinkel-kortrijk-0070038400384,Mo-Sa 09:00-19:00; Su closed,OpenStreetMap,way/117968577,https://www.openstreetmap.org/way/117968577,2026-07-11T20:29:07+00:00
DEC-00038,Decathlon,Beneluxlaan 1,Kortrijk,Flanders,8500,Belgium,BE,50.8023000,3.2792000,+32 56 24 36 60,https://www.decathlon.be/nl/store-view/sportwinkel-kortrijk-0070038400384,Mo-Sa 09:00-19:00,AllThePlaces / localisateur officiel,0070038400384,https://api.woosmap.com/stores?key=woos-9f8c8ff6-ebbf-34aa-ae1c-437fde9f85e7&stores_by_page=300&page=1,2026-07-11T20:29:07+00:00
DEC-00039,Decathlon,Kuringersteenweg 493,Kuringen,Flanders,3511,Belgium,BE,50.9434050,5.2852180,+32 11 29 07 00,https://www.decathlon.be/nl/store-view/sportwinkel-hasselt-0070101601016,Mo-Sa 09:00-20:00,AllThePlaces / localisateur officiel; OpenStreetMap,0070101601016;node/11290712675;way/467727579,https://api.woosmap.com/stores?key=woos-9f8c8ff6-ebbf-34aa-ae1c-437fde9f85e7&stores_by_page=300&page=1; https://www.openstreetmap.org/node/11290712675; https://www.openstreetmap.org/way/467727579,2026-07-11T20:29:07+00:00
DEC-00040,Decathlon,Antwerpsesteenweg 69B,LOCHRISTI,Flanders,9080,Belgium,BE,51.0814000,3.7892000,+32 9 337 04 55,https://www.decathlon.be/nl/store-view/sportwinkel-lochristi-0070110401104,Mo-Sa 09:30-18:30,AllThePlaces / localisateur officiel,0070110401104,https://api.woosmap.com/stores?key=woos-9f8c8ff6-ebbf-34aa-ae1c-437fde9f85e7&stores_by_page=300&page=1,2026-07-11T20:29:07+00:00
DEC-00041,Decathlon,Boulevard Michel Debauque 10,La Louvière,Wallonia,7100,Belgium,BE,50.4854000,4.1918000,+32 64 23 28 00,https://www.decathlon.be/nl/store-view/sportwinkel-la-louviere-0070044600446,Mo-Sa 09:30-19:00,AllThePlaces / localisateur officiel; OpenStreetMap,0070044600446;way/161915065,https://api.woosmap.com/stores?key=woos-9f8c8ff6-ebbf-34aa-ae1c-437fde9f85e7&stores_by_page=300&page=1; https://www.openstreetmap.org/way/161915065,2026-07-11T20:29:07+00:00
DEC-00042,Decathlon,"1, Quai des Vennes",Liege,Wallonia,4020,Belgium,BE,50.6157466,5.5937472,+32 4 232 39 00,https://www.decathlon.be/nl/store-view/sportwinkel-belle-ile-0070031900319,Mo-Th 10:00-19:00; Fr 10:00-20:00; Sa 10:00-19:00,AllThePlaces / localisateur officiel; OpenStreetMap,0070031900319;way/1102401840,https://api.woosmap.com/stores?key=woos-9f8c8ff6-ebbf-34aa-ae1c-437fde9f85e7&stores_by_page=300&page=1; https://www.openstreetmap.org/way/1102401840,2026-07-11T20:29:07+00:00
DEC-00043,Decathlon,Antwerpsesteenweg 479,Lier,Flanders,2500,Belgium,BE,51.1454649,4.5421609,+32 3 302 46 60,https://www.decathlon.be/nl/store-view/sportwinkel-lier-0070210502105,Mo-Fr 10:00-19:00; Sa 09:00-19:00,AllThePlaces / localisateur officiel,0070210502105,https://api.woosmap.com/stores?key=woos-9f8c8ff6-ebbf-34aa-ae1c-437fde9f85e7&stores_by_page=300&page=1,2026-07-11T20:29:07+00:00
DEC-00044,Decathlon,479 Antwerpsesteenweg,Lier,Flanders,2500,Belgium,BE,51.1478204,4.5352952,+32 3 302 46 60,,"Mo-Fr 10:00-19:00; Sa 09:00-18:00; Su,PH off",OpenStreetMap,node/7884503068,https://www.openstreetmap.org/node/7884503068,2026-07-11T20:29:07+00:00
DEC-00045,Decathlon Lochristi,69B Antwerpse Steenweg,Lochristi,Flanders,9080,Belgium,BE,51.0887832,3.8123480,+32 9 337 04 55,https://www.decathlon.be/nl/store-view/sportwinkel-lochristi-0070110401104,Mo-Sa 9:30-18:30,OpenStreetMap,node/6587347705,https://www.openstreetmap.org/node/6587347705,2026-07-11T20:29:07+00:00
DEC-00046,Decathlon,Buitensingel 13,Lommel,Flanders,3920,Belgium,BE,51.2223460,5.3046790,+32 11 49 47 50,https://www.decathlon.be/nl/store-view/sportwinkel-lommel-0070210402104,Mo-Sa 10:00-18:00,AllThePlaces / localisateur officiel; OpenStreetMap,0070210402104;node/5939852663,https://api.woosmap.com/stores?key=woos-9f8c8ff6-ebbf-34aa-ae1c-437fde9f85e7&stores_by_page=300&page=1; https://www.openstreetmap.org/node/5939852663,2026-07-11T20:29:07+00:00
DEC-00047,Decathlon,270 Chaussée de Namur,Louvain-la-Neuve,Wallonia,1300,Belgium,BE,50.6908408,4.6186206,+32 10 23 22 00,https://www.decathlon.be/,Mo-Sa 09:00-19:30; Su 10:00-18:00,OpenStreetMap,way/130231737,https://www.openstreetmap.org/way/130231737,2026-07-11T20:29:07+00:00
DEC-00048,Decathlon,11 Avenue des Dessus-de-Lives,Loyers,Wallonia,5101,Belgium,BE,50.4627000,4.9239000,+32 81 32 65 00,https://www.decathlon.be/nl/store-view/sportwinkel-namur-0070065900659,Mo-Sa 09:00-19:30,AllThePlaces / localisateur officiel; OpenStreetMap,0070065900659;way/404614318,https://api.woosmap.com/stores?key=woos-9f8c8ff6-ebbf-34aa-ae1c-437fde9f85e7&stores_by_page=300&page=1; https://www.openstreetmap.org/way/404614318,2026-07-11T20:29:07+00:00
DEC-00049,Decathlon,Kolenmijn Limburg-Maaslaan 3,MAASMECHELEN,Flanders,3630,Belgium,BE,50.9906000,5.7051000,+32 89 76 92 00,https://www.decathlon.be/nl/store-view/sportwinkel-maasmechelen-0070077100771,Mo-Sa 10:00-19:00; Su 10:00-18:00,AllThePlaces / localisateur officiel,0070077100771,https://api.woosmap.com/stores?key=woos-9f8c8ff6-ebbf-34aa-ae1c-437fde9f85e7&stores_by_page=300&page=1,2026-07-11T20:29:07+00:00
DEC-00050,Decathlon,3 Kolenmijn Limburg-Maaslaan,Maasmechelen,Flanders,,Belgium,BE,50.9979456,5.7066568,,,,OpenStreetMap,way/1454003162,https://www.openstreetmap.org/way/1454003162,2026-07-11T20:29:07+00:00
DEC-00051,Decathlon,"Rue du Parc Industriel, 16",Marche-En-Famenne,Wallonia,6900,Belgium,BE,50.2220660,5.3306540,+32 84 39 49 90,https://www.decathlon.be/nl/store-view/sportwinkel-marche-en-famenne-0070158301583,Mo-Sa 09:00-19:00,AllThePlaces / localisateur officiel; OpenStreetMap,0070158301583;node/6358781225,https://api.woosmap.com/stores?key=woos-9f8c8ff6-ebbf-34aa-ae1c-437fde9f85e7&stores_by_page=300&page=1; https://www.openstreetmap.org/node/6358781225,2026-07-11T20:29:07+00:00
DEC-00052,Decathlon,Chaussée de Mons 18A,Nivelles,Wallonia,1400,Belgium,BE,50.5891765,4.3099118,+32 67 47 58 70,https://www.decathlon.be/nl/store-view/sportwinkel-nivelles-0070210602106,Mo-Th 09:30-19:00; Fr 09:30-20:00; Sa 09:30-19:00,AllThePlaces / localisateur officiel,0070210602106,https://api.woosmap.com/stores?key=woos-9f8c8ff6-ebbf-34aa-ae1c-437fde9f85e7&stores_by_page=300&page=1,2026-07-11T20:29:07+00:00
DEC-00053,Decathlon,,Nivelles,Wallonia,,Belgium,BE,50.5925354,4.3089262,,,,OpenStreetMap,node/7513740687,https://www.openstreetmap.org/node/7513740687,2026-07-11T20:29:07+00:00
DEC-00054,Decathlon,Lammerdries - Winkelstraat 4 B1,OLEN,Flanders,2250,Belgium,BE,51.1440000,4.8599000,+32 14 36 92 00,https://www.decathlon.be/nl/store-view/sportwinkel-olen-0070065700657,Mo-Sa 10:00-19:00,AllThePlaces / localisateur officiel,0070065700657,https://api.woosmap.com/stores?key=woos-9f8c8ff6-ebbf-34aa-ae1c-437fde9f85e7&stores_by_page=300&page=1,2026-07-11T20:29:07+00:00
DEC-00055,Decathlon,4 Lammerdries-Winkelstraat,Olen,Flanders,,Belgium,BE,51.1515766,4.9049243,+32 14 36 92 00,https://www.decathlon.be/nl/store-view/sportwinkel-olen-0070065700657,Mo-Sa 10:00-19:00,OpenStreetMap,node/6048831342,https://www.openstreetmap.org/node/6048831342,2026-07-11T20:29:07+00:00
DEC-00056,Decathlon,"Torhoutsesteenweg 699, /",Oostende,Flanders,8400,Belgium,BE,51.1937000,2.9010000,+32 59 79 00 30,https://www.decathlon.be/nl/store-view/sportwinkel-oostende-0070223702237,Mo-Sa 10:00-19:00,AllThePlaces / localisateur officiel; OpenStreetMap,0070223702237;node/9945725000,https://api.woosmap.com/stores?key=woos-9f8c8ff6-ebbf-34aa-ae1c-437fde9f85e7&stores_by_page=300&page=1; https://www.openstreetmap.org/node/9945725000,2026-07-11T20:29:07+00:00
DEC-00057,Decathlon,Groenestraat 250,Roeselare,Flanders,8800,Belgium,BE,50.9367000,3.0860000,+32 51 27 20 70,https://www.decathlon.be/nl/store-view/sportwinkel-roeselare-0070031400314,Mo-Sa 10:00-19:00,AllThePlaces / localisateur officiel,0070031400314,https://api.woosmap.com/stores?key=woos-9f8c8ff6-ebbf-34aa-ae1c-437fde9f85e7&stores_by_page=300&page=1,2026-07-11T20:29:07+00:00
DEC-00058,Decathlon,250 Groenestraat,Roeselare,Flanders,8800,Belgium,BE,50.9402727,3.1008412,+32 51 27 20 70,,Mo-Sa 09:00-19:30,OpenStreetMap,way/135190725,https://www.openstreetmap.org/way/135190725,2026-07-11T20:29:07+00:00
DEC-00059,Decathlon,César Snoecklaan 51,Ronse,Flanders,9600,Belgium,BE,50.7457000,3.5864000,+32 55 20 75 83,https://www.decathlon.be/nl/store-view/sportwinkel-ronse-0070110101101,Mo-Sa 09:30-18:30,AllThePlaces / localisateur officiel; OpenStreetMap,0070110101101;way/395130019,https://api.woosmap.com/stores?key=woos-9f8c8ff6-ebbf-34aa-ae1c-437fde9f85e7&stores_by_page=300&page=1; https://www.openstreetmap.org/way/395130019,2026-07-11T20:29:07+00:00
DEC-00060,Decathlon,Boomsesteenweg 37,Schelle,Flanders,2627,Belgium,BE,51.1186000,4.3731000,+32 3 443 20 80,https://www.decathlon.be/nl/store-view/sportwinkel-schelle-0070038300383,Mo-Sa 09:00-19:00,AllThePlaces / localisateur officiel; OpenStreetMap,0070038300383;way/43591824,https://api.woosmap.com/stores?key=woos-9f8c8ff6-ebbf-34aa-ae1c-437fde9f85e7&stores_by_page=300&page=1; https://www.openstreetmap.org/way/43591824,2026-07-11T20:29:07+00:00
DEC-00061,Decathlon,Tiensesteenweg 172,Sint-Truiden,Flanders,3800,Belgium,BE,50.8142000,5.1651000,+32 11 78 46 60,https://www.decathlon.be/nl/store-view/sportwinkel-sint-truiden-0070108701087,Mo-Sa 09:30-18:30,AllThePlaces / localisateur officiel; OpenStreetMap,0070108701087;node/10637892114,https://api.woosmap.com/stores?key=woos-9f8c8ff6-ebbf-34aa-ae1c-437fde9f85e7&stores_by_page=300&page=1; https://www.openstreetmap.org/node/10637892114,2026-07-11T20:29:07+00:00
DEC-00062,Decathlon,,Tournai,Wallonia,,Belgium,BE,50.6126734,3.3970444,,,,OpenStreetMap,node/8583885749,https://www.openstreetmap.org/node/8583885749,2026-07-11T20:29:07+00:00
DEC-00063,Decathlon,"Steenweg Op Gierle, 221",Turnhout,Flanders,2300,Belgium,BE,51.3135000,4.9256000,+32 14 44 32 00,https://www.decathlon.be/nl/store-view/sportwinkel-turnhout-0070084900849,Mo-Sa 09:00-19:00,AllThePlaces / localisateur officiel; OpenStreetMap,0070084900849;way/289989965;way/427771595,https://api.woosmap.com/stores?key=woos-9f8c8ff6-ebbf-34aa-ae1c-437fde9f85e7&stores_by_page=300&page=1; https://www.openstreetmap.org/way/289989965; https://www.openstreetmap.org/way/427771595,2026-07-11T20:29:07+00:00
DEC-00064,Decathlon,Rue De La Station 8 C/23,Verviers,Wallonia,4800,Belgium,BE,50.5876457,5.8503658,+32 87 39 10 00,https://www.decathlon.be/nl/store-view/sportwinkel-verviers-0070076400764,Mo-Sa 09:00-19:00,AllThePlaces / localisateur officiel; OpenStreetMap,0070076400764;way/116574358,https://api.woosmap.com/stores?key=woos-9f8c8ff6-ebbf-34aa-ae1c-437fde9f85e7&stores_by_page=300&page=1; https://www.openstreetmap.org/way/116574358,2026-07-11T20:29:07+00:00
DEC-00065,Decathlon,270 Chaussée de Namur,Wavre,Wallonia,1300,Belgium,BE,50.6956000,4.6156000,+32 10 23 22 00,https://www.decathlon.be/nl/store-view/sportwinkel-wavre-0070065600656,Mo-Sa 09:00-19:30,AllThePlaces / localisateur officiel,0070065600656,https://api.woosmap.com/stores?key=woos-9f8c8ff6-ebbf-34aa-ae1c-437fde9f85e7&stores_by_page=300&page=1,2026-07-11T20:29:07+00:00
DEC-00066,Decathlon,10 Schoondonkweg,Willebroek,Flanders,2830,Belgium,BE,51.0448595,4.3717142,+32 3 860 60 30,,,OpenStreetMap,way/534046058,https://www.openstreetmap.org/way/534046058,2026-07-11T20:29:07+00:00
DEC-00067,Decathlon,420 Blankenbergse Steenweg,Zuienkerke,Flanders,,Belgium,BE,51.2497832,3.1954288,+32 50 45 06 00,https://www.decathlon.be/nl/store-view/sportwinkel-brugge-0070050100501,Mo-Sa 09:00-19:30; Mar 16-Jan 14 Su 10:00-18:00,OpenStreetMap,node/1809912123,https://www.openstreetmap.org/node/1809912123,2026-07-11T20:29:07+00:00
DEC-00068,Decathlon,1700 Avenida Nossa Senhora do Carmo,Belo Horizonte,Minas Gerais,,Brazil,BR,-19.9529525,-43.9392524,+553131917263,,Mo-Sa 09:00-21:00; Su 10:00-20:00,OpenStreetMap,node/12147773001,https://www.openstreetmap.org/node/12147773001,2026-07-11T20:29:07+00:00
DEC-00069,Decathlon,,Belo Horizonte,Minas Gerais,,Brazil,BR,-19.8753088,-43.9233381,,,,OpenStreetMap,node/4793952967,https://www.openstreetmap.org/node/4793952967,2026-07-11T20:29:07+00:00
DEC-00070,Bicicletario interno e subterrâneo da Decathlon,SGCV Lote 1,Brasilia,Federal District,71215-100,Brazil,BR,-15.8194913,-47.9518361,,https://www.decathlon.com.br/,Mo-Sa 10:00-21:00; Su 10:00-20:00; PH 10:00-20:00,OpenStreetMap,node/9849151651;way/1073696702;node/9849151649;node/9849151650;way/1073696688,https://www.openstreetmap.org/node/9849151651; https://www.openstreetmap.org/way/1073696702; https://www.openstreetmap.org/node/9849151649; https://www.openstreetmap.org/node/9849151650; https://www.openstreetmap.org/way/1073696688,2026-07-11T20:29:07+00:00
DEC-00071,Decathlon,,Brasilia,Federal District,,Brazil,BR,-15.7949754,-47.8923667,,,,OpenStreetMap,node/9561070606,https://www.openstreetmap.org/node/9561070606,2026-07-11T20:29:07+00:00
DEC-00072,Decathlon,Rodovia Dom Pedro I,Campinas,Sao Paulo,13094-901,Brazil,BR,-22.8846476,-47.0073019,+55 19 2660 2194,https://www.decathlon.com.br,Mo-Sa 09:00-21:00; Su 09:00-19:00,OpenStreetMap,node/10187403863;node/10257704858;way/98626986,https://www.openstreetmap.org/node/10187403863; https://www.openstreetmap.org/node/10257704858; https://www.openstreetmap.org/way/98626986,2026-07-11T20:29:07+00:00
DEC-00073,Decathlon,3192 Alameda Araguaia,Carapicuiba,Sao Paulo,,Brazil,BR,-23.5034126,-46.8316212,+55 11 3181 6795,https://www.decathlon.com.br/lojas/alphaville,"Mo-Sa 10:00-22:00:Su, PH 12:00-20:00",OpenStreetMap,way/679037556,https://www.openstreetmap.org/way/679037556,2026-07-11T20:29:07+00:00
DEC-00074,Decathlon,,Caxias do Sul,Rio Grande do Sul,,Brazil,BR,-29.1770454,-51.2204317,,,,OpenStreetMap,node/9948168175,https://www.openstreetmap.org/node/9948168175,2026-07-11T20:29:07+00:00
DEC-00075,Decathlon,10000 Linha Verde,Curitiba,Parana,81690-100,Brazil,BR,-25.4515376,-49.2428224,+55 41 3073-0201,,09:00-22:00,OpenStreetMap,node/2144137501,https://www.openstreetmap.org/node/2144137501,2026-07-11T20:29:07+00:00
DEC-00076,Decathlon,114 Rua Tobias de Macedo Júnior,Curitiba,Parana,,Brazil,BR,-25.4291233,-49.3224290,,https://www.decathlon.com.br/barigui,Mo-Sa 10:00-22:00; Su 14:00-20:00,OpenStreetMap,way/353209364;way/380994499,https://www.openstreetmap.org/way/353209364; https://www.openstreetmap.org/way/380994499,2026-07-11T20:29:07+00:00
DEC-00077,Decathlon,,Diadema,Sao Paulo,,Brazil,BR,-23.6767475,-46.6995678,,,,OpenStreetMap,node/12911210802,https://www.openstreetmap.org/node/12911210802,2026-07-11T20:29:07+00:00
DEC-00078,Decathlon,3400 Rodovia José Carlos Daux,Florianópolis,Santa Catarina,88032-005,Brazil,BR,-27.5506800,-48.4975001,+55 48 3036-0236,,"Mo-Sa 10:00-22:00, Su,PH 10:00-20:00",OpenStreetMap,way/560391764;way/492881475,https://www.openstreetmap.org/way/560391764; https://www.openstreetmap.org/way/492881475,2026-07-11T20:29:07+00:00
DEC-00079,Decathlon,1500 Rua Desembargador Lauro Nogueira,Fortaleza,Ceara,60176-065,Brazil,BR,-3.7408883,-38.4722168,+55 85 2180-9035,https://decathlon.com.br,Mo-Sa 10:00-22:00; Su 13:00-21:00,OpenStreetMap,node/10845708468,https://www.openstreetmap.org/node/10845708468,2026-07-11T20:29:07+00:00
DEC-00080,Decathlon,,Goiania,Goias,,Brazil,BR,-16.7127883,-49.2340828,,,,OpenStreetMap,node/13750262622;way/362205726,https://www.openstreetmap.org/node/13750262622; https://www.openstreetmap.org/way/362205726,2026-07-11T20:29:07+00:00
DEC-00081,Decathlon,2805 Rua XV de Novembro,Joinville,SC,89216-201,Brazil,BR,-26.2976390,-48.8698600,+55 47 4063 9240,https://www.decathlon.com.br/lojas/joinville,Mo-Sa 10:00-22:00; Su 14:00-20:00,OpenStreetMap,way/356841022;way/477946717,https://www.openstreetmap.org/way/356841022; https://www.openstreetmap.org/way/477946717,2026-07-11T20:29:07+00:00
DEC-00082,Decathlon,,Londrina,Parana,,Brazil,BR,-23.3432196,-51.1842820,,,,OpenStreetMap,node/11488222267,https://www.openstreetmap.org/node/11488222267,2026-07-11T20:29:07+00:00
DEC-00083,Decathlon,2121 Avenida Madre Leônia Milito,Londrina,Parana,86050-270,Brazil,BR,-23.3371673,-51.1821531,+55 43 2104 3882,https://www.decathlon.com.br/,Mo-Sa 10:00-22:00; Su 10:00-20:00; PH off,OpenStreetMap,way/414740507,https://www.openstreetmap.org/way/414740507,2026-07-11T20:29:07+00:00
DEC-00084,Decathlon,,Niteroi,Rio de Janeiro,,Brazil,BR,-22.8971053,-43.1234094,,,,OpenStreetMap,node/9627423167,https://www.openstreetmap.org/node/9627423167,2026-07-11T20:29:07+00:00
DEC-00085,Decathlon,,Palhoca,Santa Catarina,,Brazil,BR,-27.6141024,-48.6456800,,,,OpenStreetMap,node/10563791909,https://www.openstreetmap.org/node/10563791909,2026-07-11T20:29:07+00:00
DEC-00086,Decathlon,1181 Avenida Praia de Belas,Porto Alegre,Rio Grande do Sul,90110-001,Brazil,BR,-30.0504454,-51.2289713,,,Mo-Sa 10:00-22:00; Su 12:00-20:00,OpenStreetMap,node/10203715017,https://www.openstreetmap.org/node/10203715017,2026-07-11T20:29:07+00:00
DEC-00087,Decathlon,,Praia Grande,Sao Paulo,,Brazil,BR,-23.9972745,-46.4052082,,,,OpenStreetMap,node/7829988592;way/574573814,https://www.openstreetmap.org/node/7829988592; https://www.openstreetmap.org/way/574573814,2026-07-11T20:29:07+00:00
DEC-00088,Decathlon,2000 Avenida das Américas,Rio de Janeiro,Rio de Janeiro,22640-101,Brazil,BR,-22.9985800,-43.3352478,+55 21 2018-0468,,"Mo-Sa 10:00-22:00; Su,PH 10:00-21:00",OpenStreetMap,node/4296795497,https://www.openstreetmap.org/node/4296795497,2026-07-11T20:29:07+00:00
DEC-00089,Decathlon,,Rio de Janeiro,Rio de Janeiro,,Brazil,BR,-22.9840098,-43.2197306,,,,OpenStreetMap,node/9908461703,https://www.openstreetmap.org/node/9908461703,2026-07-11T20:29:07+00:00
DEC-00090,Decathlon,,Salvador,Bahia,,Brazil,BR,-12.9797347,-38.4535939,,,,OpenStreetMap,node/9752976709,https://www.openstreetmap.org/node/9752976709,2026-07-11T20:29:07+00:00
DEC-00091,Decathlon Anália Franco,,Sao Caetano do Sul,Sao Paulo,,Brazil,BR,-23.5608276,-46.5630848,,,Mo-Su 10:00-22:00,OpenStreetMap,node/6393719588,https://www.openstreetmap.org/node/6393719588,2026-07-11T20:29:07+00:00
DEC-00092,Decathlon,,Sao Paulo,Sao Paulo,,Brazil,BR,-23.5657066,-46.6509967,,,,OpenStreetMap,node/5885277485,https://www.openstreetmap.org/node/5885277485,2026-07-11T20:29:07+00:00
DEC-00093,Decathlon,,Sao Paulo,Sao Paulo,,Brazil,BR,-23.5157036,-46.6140253,,,,OpenStreetMap,way/104280350,https://www.openstreetmap.org/way/104280350,2026-07-11T20:29:07+00:00
DEC-00094,Decathlon,1500 Avenida Pereira Barreto,São Bernardo do Campo,Sao Paulo,09751-000,Brazil,BR,-23.6856219,-46.5461661,+55 11 3181 8940,,,OpenStreetMap,way/459471921,https://www.openstreetmap.org/way/459471921,2026-07-11T20:29:07+00:00
DEC-00095,Decathlon,400 Rua Andaraí,São José dos Campos,Sao Paulo,12230-290,Brazil,BR,-23.2190037,-45.8959332,,,,OpenStreetMap,way/220725474,https://www.openstreetmap.org/way/220725474,2026-07-11T20:29:07+00:00
DEC-00096,Decathlon,381 Rua Duquesa de Goiás,São Paulo,Sao Paulo,,Brazil,BR,-23.6111897,-46.7029712,+55 11 2167-0800,https://www.decathlon.com.br/,,OpenStreetMap,way/245886219,https://www.openstreetmap.org/way/245886219,2026-07-11T20:29:07+00:00
DEC-00097,Decathlon,4885 Avenida Presidente Castelo Branco,São Paulo,Sao Paulo,01142-100,Brazil,BR,-23.5155202,-46.6740731,+55 11 48586416,,Mo-Su 09:00-22:00; PH off,OpenStreetMap,node/9395730718,https://www.openstreetmap.org/node/9395730718,2026-07-11T20:29:07+00:00
DEC-00098,Decathlon,,Taboao da Serra,Sao Paulo,,Brazil,BR,-23.5831145,-46.7691896,,,,OpenStreetMap,way/1475159940,https://www.openstreetmap.org/way/1475159940,2026-07-11T20:29:07+00:00
DEC-00099,Decathlon,,Votorantim,Sao Paulo,,Brazil,BR,-23.5278112,-47.4507079,,,,OpenStreetMap,way/633086493,https://www.openstreetmap.org/way/633086493,2026-07-11T20:29:07+00:00
DEC-00100,Decathlon,,Burgas,Burgas,,Bulgaria,BG,42.5304111,27.4595386,,,Mo-Su 10:00-21:00,OpenStreetMap,node/8868143782,https://www.openstreetmap.org/node/8868143782,2026-07-11T20:29:07+00:00
DEC-00101,Decathlon,6 бул. Европа,Pleven,Pleven,,Bulgaria,BG,43.4075321,24.6368816,,,,OpenStreetMap,way/1168299349,https://www.openstreetmap.org/way/1168299349,2026-07-11T20:29:07+00:00
DEC-00102,Decathlon,Шипка,Plovdiv,Plovdiv,,Bulgaria,BG,42.1356996,24.7928300,,,Mo-Su 10:00-20:00,OpenStreetMap,way/420182199,https://www.openstreetmap.org/way/420182199,2026-07-11T20:29:07+00:00
DEC-00103,DECATHLON,4 Олимпийска,Sofia,Sofia-Capital,1166,Bulgaria,BG,42.6231216,23.3659208,+359 2 902 1010,,10:00-21:00,OpenStreetMap,node/11269010289;node/10175109913;way/308021942;way/257532110,https://www.openstreetmap.org/node/11269010289; https://www.openstreetmap.org/node/10175109913; https://www.openstreetmap.org/way/308021942; https://www.openstreetmap.org/way/257532110,2026-07-11T20:29:07+00:00
DEC-00104,Decathlon,,Sofia,Sofia-Capital,,Bulgaria,BG,42.6462317,23.3423107,,,Mo-Su 09:30-21:00,OpenStreetMap,node/13460106382,https://www.openstreetmap.org/node/13460106382,2026-07-11T20:29:07+00:00
DEC-00105,Decathlon,,Sofia,Sofia-Capital,,Bulgaria,BG,42.6897850,23.2787768,,,,OpenStreetMap,node/13103862287,https://www.openstreetmap.org/node/13103862287,2026-07-11T20:29:07+00:00
DEC-00106,Decathlon,,Sofia,Sofia-Capital,,Bulgaria,BG,42.6925589,23.3234274,+359 2 906 2110,,Mo-Su 10:00-21:00,OpenStreetMap,node/2919523796,https://www.openstreetmap.org/node/2919523796,2026-07-11T20:29:07+00:00
DEC-00107,Decathlon,,Stara Zagora,Stara Zagora,,Bulgaria,BG,42.4276537,25.6623992,,,,OpenStreetMap,node/8283757915,https://www.openstreetmap.org/node/8283757915,2026-07-11T20:29:07+00:00
DEC-00108,Decathlon,,Varna,Varna,,Bulgaria,BG,43.2228832,27.8729250,,,Mo-Su 09:00-20:30,OpenStreetMap,way/311414920,https://www.openstreetmap.org/way/311414920,2026-07-11T20:29:07+00:00
DEC-00109,Decathlon,17 Магистрална,Велико Търново,Veliko Turnovo,5002,Bulgaria,BG,43.0728421,25.6150699,+359 2 902 1070,,10:00-20:00,OpenStreetMap,node/7944507086,https://www.openstreetmap.org/node/7944507086,2026-07-11T20:29:07+00:00
DEC-00110,Decathlon,31 бул. Владимир Вазов,София,Sofia-Capital,1517,Bulgaria,BG,42.7099257,23.3701740,+359 2 904 6741,,10:00-21:00,OpenStreetMap,way/166924427,https://www.openstreetmap.org/way/166924427,2026-07-11T20:29:07+00:00
DEC-00111,Decathlon,,Phnom Penh,Phnom Penh,,Cambodia,KH,11.6011176,104.8861921,,https://www.decathlon.com.kh/,Mo-Su 10:00-22:00,OpenStreetMap,node/5859948796,https://www.openstreetmap.org/node/5859948796,2026-07-11T20:29:07+00:00
DEC-00112,Decathlon,,Ta Khmau,Kandal,,Cambodia,KH,11.4851127,104.9169110,,,"Mo-Su,PH 09:00-22:00",OpenStreetMap,node/13976346543,https://www.openstreetmap.org/node/13976346543,2026-07-11T20:29:07+00:00
DEC-00113,Decathlon,2525 Rue d'Annemasse,Boisbriand,Quebec,,Canada,CA,45.6246066,-73.8500051,,,,OpenStreetMap,node/6934640965;node/9946037584,https://www.openstreetmap.org/node/6934640965; https://www.openstreetmap.org/node/9946037584,2026-07-11T20:29:07+00:00
DEC-00114,Decathlon,25 Peel Centre Drive,Brampton,ON,L6T 3R5,Canada,CA,43.7142297,-79.7231753,+1 289-272-4949,,,OpenStreetMap,node/11181772203,https://www.openstreetmap.org/node/11181772203,2026-07-11T20:29:07+00:00
DEC-00115,Decathlon,2151 Boulevard Lapinière,Brossard,Quebec,J4W 2T5,Canada,CA,45.4702951,-73.4701266,+1-450-500-3000,https://www.decathlon.ca/en/,Mo-Tu 10:00-18:00; We-Fr 10:00-19:00; Sa-Su 10:00-17:00,OpenStreetMap,node/278351449;node/5672836806,https://www.openstreetmap.org/node/278351449; https://www.openstreetmap.org/node/5672836806,2026-07-11T20:29:07+00:00
DEC-00116,Decathlon,100 Anderson Road SE,Calgary,Alberta,T2J 3V1,Canada,CA,50.9516862,-114.0646560,+1-587-713-0699,https://www.decathlon.ca/en/stores/decathlon-calgary,Mo-We 10:00-20:00; Th-Fr 10:00-21:00; Sa 10:00-20:00; Su 11:00-18:00; PH off,OpenStreetMap,node/11030336135;way/1457348922;node/12136221728,https://www.openstreetmap.org/node/11030336135; https://www.openstreetmap.org/way/1457348922; https://www.openstreetmap.org/node/12136221728,2026-07-11T20:29:07+00:00
DEC-00117,Decathlon,,Calgary,Alberta,,Canada,CA,51.0856834,-114.1568438,,,,OpenStreetMap,node/5080751476,https://www.openstreetmap.org/node/5080751476,2026-07-11T20:29:07+00:00
DEC-00118,Decathlon,21 Micmac Boulevard,Dartmouth,Nova Scotia,B3A 4K0,Canada,CA,44.6859616,-63.5590390,,,,OpenStreetMap,node/8066858668,https://www.openstreetmap.org/node/8066858668,2026-07-11T20:29:07+00:00
DEC-00119,Decathlon,1600 Boulevard Le Corbusier,Laval,Quebec,H7S 1Z2,Canada,CA,45.5628698,-73.7335651,+1-450-238-3322,https://www.decathlon.ca/fr/content/135-magasin-decathlon-laval,,OpenStreetMap,node/10013347668;node/8894960113,https://www.openstreetmap.org/node/10013347668; https://www.openstreetmap.org/node/8894960113,2026-07-11T20:29:07+00:00
DEC-00120,Decathlon,5000 Hwy 7,Markham,Ontario,L3P 3M2,Canada,CA,43.8706871,-79.2872582,+1-289-301-6173,,,OpenStreetMap,node/12495974117,https://www.openstreetmap.org/node/12495974117,2026-07-11T20:29:07+00:00
DEC-00121,Decathlon,,Montreal,Quebec,,Canada,CA,45.5035823,-73.5715556,+1 514 312 2221,https://www.decathlon.ca/en/stores/decathlon-eaton,Mo-Fr 10:00-21:00;Sa 10:00-19:00;Su 11:00-17:00,OpenStreetMap,way/1021741921;way/1021741969,https://www.openstreetmap.org/way/1021741921; https://www.openstreetmap.org/way/1021741969,2026-07-11T20:29:07+00:00
DEC-00122,Decathlon,955 Rue du Marché-Central,Montréal,QC,,Canada,CA,45.5333669,-73.6485118,,https://www.decathlon.ca/fr/stores/decathlon-marche-central,,OpenStreetMap,node/11034032967,https://www.openstreetmap.org/node/11034032967,2026-07-11T20:29:07+00:00
DEC-00123,Decathlon,1021 St-Laurent Boulevard,Ottawa,Ontario,,Canada,CA,45.4277024,-75.6374386,+1 613-690-2223,http://www.decathalon.ca,Mo-Fr 10:00-20:00; Su 10:00-18:00; Sa 10:00-19:00,OpenStreetMap,node/7638346186;way/755758516,https://www.openstreetmap.org/node/7638346186; https://www.openstreetmap.org/way/755758516,2026-07-11T20:29:07+00:00
DEC-00124,Decathlon,,Pointe-Claire,Quebec,,Canada,CA,45.4634531,-73.8304522,,,,OpenStreetMap,node/11250066317,https://www.openstreetmap.org/node/11250066317,2026-07-11T20:29:07+00:00
DEC-00125,Decathlon,3390 Avenue Blaise-Pascal,Québec,QC,G1X 0E4,Canada,CA,46.7787269,-71.3459292,,,,OpenStreetMap,way/722787310,https://www.openstreetmap.org/way/722787310,2026-07-11T20:29:07+00:00
DEC-00126,Decathlon,2500 Rue des Vitrines,Trois-Rivières,QC,G9B 2S3,Canada,CA,46.3212899,-72.5876624,+1-514-547-0669,,,OpenStreetMap,node/13310933833,https://www.openstreetmap.org/node/13310933833,2026-07-11T20:29:07+00:00
DEC-00127,Decathlon,,Chicureo Abajo,Santiago Metropolitan,,Chile,CL,-33.2793149,-70.6284154,,,,OpenStreetMap,node/12374984800,https://www.openstreetmap.org/node/12374984800,2026-07-11T20:29:07+00:00
DEC-00128,Decathlon,,Concepcion,Biobio,,Chile,CL,-36.7948396,-73.0693141,,,,OpenStreetMap,way/134148867,https://www.openstreetmap.org/way/134148867,2026-07-11T20:29:07+00:00
DEC-00129,Decathlon,7110 Avenida Vicuña Mackenna Oriente,La Florida,Santiago Metropolitan,,Chile,CL,-33.5179596,-70.5974820,,,,OpenStreetMap,node/9913639115,https://www.openstreetmap.org/node/9913639115,2026-07-11T20:29:07+00:00
DEC-00130,Decathlon,1400 Alberto Solari Magnasco,La Serena,Coquimbo,,Chile,CL,-29.9136683,-71.2578881,,https://www.decathlon.cl/,,OpenStreetMap,node/11330235594,https://www.openstreetmap.org/node/11330235594,2026-07-11T20:29:07+00:00
DEC-00131,Decathlon,8750 Avenida Francisco Bilbao,Las Condes,Santiago Metropolitan,,Chile,CL,-33.4280215,-70.5415642,,,,OpenStreetMap,node/5954018985,https://www.openstreetmap.org/node/5954018985,2026-07-11T20:29:07+00:00
DEC-00132,Decathlon,65 Encomenderos,Las Condes,Santiago Metropolitan,,Chile,CL,-33.4171899,-70.6014723,,,,OpenStreetMap,node/13772737046,https://www.openstreetmap.org/node/13772737046,2026-07-11T20:29:07+00:00
DEC-00133,Decathlon,2140 Avenida Los Trapenses,Lo Barnechea,Santiago Metropolitan,,Chile,CL,-33.3555700,-70.5397957,,,,OpenStreetMap,node/10062384669,https://www.openstreetmap.org/node/10062384669,2026-07-11T20:29:07+00:00
DEC-00134,Decathlon,1501 Avenida Américo Vespucio,Lo Prado,Santiago Metropolitan,,Chile,CL,-33.5180871,-70.7149659,,,,OpenStreetMap,node/10774285848,https://www.openstreetmap.org/node/10774285848,2026-07-11T20:29:07+00:00
DEC-00135,Decathlon,4500 Avenida Los Pajaritos,Maipú,Santiago Metropolitan,,Chile,CL,-33.4809044,-70.7463360,,,,OpenStreetMap,way/883052144,https://www.openstreetmap.org/way/883052144,2026-07-11T20:29:07+00:00
DEC-00136,Decathlon,2461 Avenida Andrés Bello,Providencia,Santiago Metropolitan,,Chile,CL,-33.4182346,-70.6060587,,,,OpenStreetMap,node/10988886614,https://www.openstreetmap.org/node/10988886614,2026-07-11T20:29:07+00:00
DEC-00137,Decathlon,10 Illapel,Puerto Montt,Los Lagos,,Chile,CL,-41.4729828,-72.9350682,,https://www.decathlon.cl/,Su-Th 10:00-20:30; Fr-Sa 11:00-20:30,OpenStreetMap,node/12332566102,https://www.openstreetmap.org/node/12332566102,2026-07-11T20:29:07+00:00
DEC-00138,Reciclaje de Pelotas Tuniche Padel,,Rancagua,O'Higgins,,Chile,CL,-34.1305565,-70.7507502,,,,OpenStreetMap,node/10084221346,https://www.openstreetmap.org/node/10084221346,2026-07-11T20:29:07+00:00
DEC-00139,Decathlon,,Talca,Maule,,Chile,CL,-35.4333955,-71.6303452,,,,OpenStreetMap,node/13565820426,https://www.openstreetmap.org/node/13565820426,2026-07-11T20:29:07+00:00
DEC-00140,Decathlon,5601 Avenida Presidente Kennedy,"Villa Presidente Frei, Nunoa, Santiago, Chile",Santiago Metropolitan,,Chile,CL,-33.4006232,-70.5762017,,,,OpenStreetMap,node/10281107591,https://www.openstreetmap.org/node/10281107591,2026-07-11T20:29:07+00:00
DEC-00141,Decathlon,961 Avenida Benidorm,Viña del Mar,Valparaiso,,Chile,CL,-33.0059964,-71.5452434,,https://www.decathlon.cl/,Mo-Fr 09:00-20:30; Sa-Su 09:00-20:30; PH closed,OpenStreetMap,node/9524709846,https://www.openstreetmap.org/node/9524709846,2026-07-11T20:29:07+00:00
DEC-00142,Decathlon,,Anting,Shanghai Shi,,China,CN,31.2899705,121.1592900,,,,OpenStreetMap,node/5123507696,https://www.openstreetmap.org/node/5123507696,2026-07-11T20:29:07+00:00
DEC-00143,Decathlon,,Babaoshan,Beijing,,China,CN,39.9022122,116.2461266,,,,OpenStreetMap,node/4434824699,https://www.openstreetmap.org/node/4434824699,2026-07-11T20:29:07+00:00
DEC-00144,Decathlon,,Baiyangwan,Jiangsu Sheng,,China,CN,31.3670992,120.5300176,,,,OpenStreetMap,way/1498242693,https://www.openstreetmap.org/way/1498242693,2026-07-11T20:29:07+00:00
DEC-00145,Decathlon,,Beilun,Zhejiang Sheng,,China,CN,29.8975592,121.8257687,,,,OpenStreetMap,node/4449945489,https://www.openstreetmap.org/node/4449945489,2026-07-11T20:29:07+00:00
DEC-00146,Decathlon,,Buji,Guangdong,,China,CN,22.6226310,114.1099217,,,,OpenStreetMap,node/13333139098,https://www.openstreetmap.org/node/13333139098,2026-07-11T20:29:07+00:00
DEC-00147,Decathlon,,Changchun,Jilin Sheng,,China,CN,43.7859314,125.3700668,,,,OpenStreetMap,way/696202400,https://www.openstreetmap.org/way/696202400,2026-07-11T20:29:07+00:00
DEC-00148,Decathlon,,Changjianglu Jiedao,Shandong Sheng,,China,CN,35.9535801,120.1992891,,,,OpenStreetMap,node/9246046137,https://www.openstreetmap.org/node/9246046137,2026-07-11T20:29:07+00:00
DEC-00149,Decathlon,,Changning,Shanghai Shi,,China,CN,31.2395716,121.4102749,,,,OpenStreetMap,node/3724312988,https://www.openstreetmap.org/node/3724312988,2026-07-11T20:29:07+00:00
DEC-00150,Decathlon,,Changning,Shanghai Shi,,China,CN,31.2440576,121.4356602,,,,OpenStreetMap,node/6561320176,https://www.openstreetmap.org/node/6561320176,2026-07-11T20:29:07+00:00
DEC-00151,Decathlon,,Changqiao,Shanghai Shi,,China,CN,31.1485654,121.4013529,,,,OpenStreetMap,node/4805339921,https://www.openstreetmap.org/node/4805339921,2026-07-11T20:29:07+00:00
DEC-00152,Decathlon,88 Floor 1,Changzheng,Shanghai Shi,,China,CN,31.2108378,121.3654845,+86 21 6238 5511,,,OpenStreetMap,node/4367735993,https://www.openstreetmap.org/node/4367735993,2026-07-11T20:29:07+00:00
DEC-00153,Decathlon,,Chengdu,Sichuan,,China,CN,30.6023863,104.0616836,,,,OpenStreetMap,way/265419997,https://www.openstreetmap.org/way/265419997,2026-07-11T20:29:07+00:00
DEC-00154,Decathlon,,Chengdu,Sichuan,,China,CN,30.6284176,104.0092023,,,,OpenStreetMap,node/13031183271,https://www.openstreetmap.org/node/13031183271,2026-07-11T20:29:07+00:00
DEC-00155,Decathlon,,Chengdu,Sichuan,,China,CN,30.6525186,104.1126392,,,,OpenStreetMap,node/5815413607,https://www.openstreetmap.org/node/5815413607,2026-07-11T20:29:07+00:00
DEC-00156,Decathlon,,Chengdu,Sichuan,,China,CN,30.7215958,104.0343577,,,,OpenStreetMap,node/4721656198,https://www.openstreetmap.org/node/4721656198,2026-07-11T20:29:07+00:00
DEC-00157,Decathlon,,Chengyang,Shandong Sheng,,China,CN,36.3063207,120.4094464,,,,OpenStreetMap,node/13529510399,https://www.openstreetmap.org/node/13529510399,2026-07-11T20:29:07+00:00
DEC-00158,Decathlon,,Chitu,Tianjin Shi,,China,CN,39.1582230,117.4138924,,,,OpenStreetMap,node/5181104132,https://www.openstreetmap.org/node/5181104132,2026-07-11T20:29:07+00:00
DEC-00159,Decathlon,,Dalian,Liaoning,,China,CN,38.9295897,121.6015336,,,,OpenStreetMap,way/239896929,https://www.openstreetmap.org/way/239896929,2026-07-11T20:29:07+00:00
DEC-00160,Decathlon,,Dashi,Guangdong,,China,CN,23.0362631,113.3150319,,,,OpenStreetMap,node/4763205138,https://www.openstreetmap.org/node/4763205138,2026-07-11T20:29:07+00:00
DEC-00161,Decathlon,,Dongba,Beijing,,China,CN,39.9260691,116.5927798,,,,OpenStreetMap,node/11782427898,https://www.openstreetmap.org/node/11782427898,2026-07-11T20:29:07+00:00
DEC-00162,Decathlon,,Dongfeng,Beijing,,China,CN,39.8844144,116.4821801,,,,OpenStreetMap,node/3614763516,https://www.openstreetmap.org/node/3614763516,2026-07-11T20:29:07+00:00
DEC-00163,Decathlon,,Dongjiao,Zhejiang Sheng,,China,CN,29.8426999,121.5881929,,,,OpenStreetMap,way/1285980576,https://www.openstreetmap.org/way/1285980576,2026-07-11T20:29:07+00:00
DEC-00164,Decathlon,,Dongsheng,Sichuan,,China,CN,30.5981103,103.9248880,,,Mo-Su 10:00-22:00,OpenStreetMap,node/12059895969,https://www.openstreetmap.org/node/12059895969,2026-07-11T20:29:07+00:00
DEC-00165,Decathlon,,Dongting,Jiangsu Sheng,,China,CN,31.5825440,120.3862956,,,,OpenStreetMap,node/6387697229,https://www.openstreetmap.org/node/6387697229,2026-07-11T20:29:07+00:00
DEC-00166,Decathlon,,Foshan,Guangdong,,China,CN,23.0717681,113.1402475,,,,OpenStreetMap,way/191411962,https://www.openstreetmap.org/way/191411962,2026-07-11T20:29:07+00:00
DEC-00167,Decathlon,,Fuyong,Guangdong,,China,CN,22.6698782,113.8131604,,,,OpenStreetMap,node/13340306979,https://www.openstreetmap.org/node/13340306979,2026-07-11T20:29:07+00:00
DEC-00168,Decathlon,,Guangzhou,Guangdong,,China,CN,23.1131146,113.2344353,,,,OpenStreetMap,node/4838341823,https://www.openstreetmap.org/node/4838341823,2026-07-11T20:29:07+00:00
DEC-00169,Decathlon,,Guangzhou,Guangdong,,China,CN,23.1438895,113.2532672,,,,OpenStreetMap,node/5851582490,https://www.openstreetmap.org/node/5851582490,2026-07-11T20:29:07+00:00
DEC-00170,Decathlon,,Guiyang,Guizhou Sheng,,China,CN,26.6047498,106.6149491,,,,OpenStreetMap,node/9936361081,https://www.openstreetmap.org/node/9936361081,2026-07-11T20:29:07+00:00
DEC-00171,Decathlon,,Gulou,Beijing,,China,CN,40.3548396,116.8289211,,,,OpenStreetMap,node/6818620107,https://www.openstreetmap.org/node/6818620107,2026-07-11T20:29:07+00:00
DEC-00172,Decathlon,,Hangzhou,Zhejiang Sheng,,China,CN,30.2647296,120.1582942,,,,OpenStreetMap,node/13205983571,https://www.openstreetmap.org/node/13205983571,2026-07-11T20:29:07+00:00
DEC-00173,Decathlon,,Hanting,Shandong Sheng,,China,CN,36.7587953,119.1807175,,,,OpenStreetMap,way/797172052,https://www.openstreetmap.org/way/797172052,2026-07-11T20:29:07+00:00
DEC-00174,Decathlon,,Hehai,Jiangsu Sheng,,China,CN,31.8111355,119.9567193,,,,OpenStreetMap,node/10607438263,https://www.openstreetmap.org/node/10607438263,2026-07-11T20:29:07+00:00
DEC-00175,Decathlon,,Hongtang,Zhejiang Sheng,,China,CN,29.9227132,121.5109014,,,,OpenStreetMap,node/9040293618,https://www.openstreetmap.org/node/9040293618,2026-07-11T20:29:07+00:00
DEC-00176,Decathlon,,Huamu,Shanghai Shi,,China,CN,31.2068001,121.5562338,,,,OpenStreetMap,node/4607480791,https://www.openstreetmap.org/node/4607480791,2026-07-11T20:29:07+00:00
DEC-00177,Decathlon,,Huangge,Guangdong,,China,CN,22.7969046,113.5270264,,,,OpenStreetMap,node/6259886830,https://www.openstreetmap.org/node/6259886830,2026-07-11T20:29:07+00:00
DEC-00178,Decathlon,,Hutang,Jiangsu Sheng,,China,CN,31.7107991,119.9339634,,,,OpenStreetMap,way/684985040,https://www.openstreetmap.org/way/684985040,2026-07-11T20:29:07+00:00
DEC-00179,Decathlon,,Jiangcun,Zhejiang Sheng,,China,CN,30.2957503,120.0716713,,,,OpenStreetMap,node/6989436485,https://www.openstreetmap.org/node/6989436485,2026-07-11T20:29:07+00:00
DEC-00180,Decathlon,,Jiangguanchi,Henan Sheng,,China,CN,34.0318903,113.8521163,,,,OpenStreetMap,node/12682630554,https://www.openstreetmap.org/node/12682630554,2026-07-11T20:29:07+00:00
DEC-00181,Decathlon,,Jiangti,Hubei,,China,CN,30.5040786,114.1989867,,,,OpenStreetMap,node/7945752705,https://www.openstreetmap.org/node/7945752705,2026-07-11T20:29:07+00:00
DEC-00182,Decathlon,,Jinan,Shandong Sheng,,China,CN,36.6497283,117.0661399,,,,OpenStreetMap,node/9935776919,https://www.openstreetmap.org/node/9935776919,2026-07-11T20:29:07+00:00
DEC-00183,Decathlon,,Jinan,Shandong Sheng,,China,CN,36.6658218,116.9284391,,,,OpenStreetMap,way/820190144,https://www.openstreetmap.org/way/820190144,2026-07-11T20:29:07+00:00
DEC-00184,迪卡侬(济南高新万达店),,Jinan,Shandong Sheng,,China,CN,36.6851392,117.1231704,,,,OpenStreetMap,node/7629576933,https://www.openstreetmap.org/node/7629576933,2026-07-11T20:29:07+00:00
DEC-00185,Decathlon,,Jinrongjie,Beijing,,China,CN,39.9517724,116.3498438,,,,OpenStreetMap,node/4871551021,https://www.openstreetmap.org/node/4871551021,2026-07-11T20:29:07+00:00
DEC-00186,Decathlon,,Jiugong,Beijing,,China,CN,39.8037939,116.4741457,,,,OpenStreetMap,way/237662564,https://www.openstreetmap.org/way/237662564,2026-07-11T20:29:07+00:00
DEC-00187,Decathlon,,Jiuting,Shanghai Shi,,China,CN,31.1650211,121.3342513,,,,OpenStreetMap,node/4805449923,https://www.openstreetmap.org/node/4805449923,2026-07-11T20:29:07+00:00
DEC-00188,迪卡侬,,Kunming,Yunnan,,China,CN,25.0253027,102.7122567,,,,OpenStreetMap,node/8868013348,https://www.openstreetmap.org/node/8868013348,2026-07-11T20:29:07+00:00
DEC-00189,迪卡侬,,Liujia,Yunnan,,China,CN,24.9817548,102.7108929,,,Mo-Su 10:00-22:00,OpenStreetMap,node/6751700489,https://www.openstreetmap.org/node/6751700489,2026-07-11T20:29:07+00:00
DEC-00190,Decathlon,,Longcheng,Guangdong,,China,CN,22.7312326,114.2281494,,,,OpenStreetMap,node/2753470324,https://www.openstreetmap.org/node/2753470324,2026-07-11T20:29:07+00:00
DEC-00191,Decathlon,,Longgang,Guangdong,,China,CN,22.7197692,114.2459373,,,,OpenStreetMap,node/12823465732,https://www.openstreetmap.org/node/12823465732,2026-07-11T20:29:07+00:00
DEC-00192,迪卡侬,,Longtan,Beijing,,China,CN,39.8950675,116.4116977,,,Mo-Su 10:00-22:00,OpenStreetMap,node/12738317001,https://www.openstreetmap.org/node/12738317001,2026-07-11T20:29:07+00:00
DEC-00193,Decathlon,,Loufeng,Jiangsu Sheng,,China,CN,31.3056542,120.6546171,,,,OpenStreetMap,node/8332945580,https://www.openstreetmap.org/node/8332945580,2026-07-11T20:29:07+00:00
DEC-00194,Decathlon,,Luoyang,Henan Sheng,,China,CN,34.6186210,112.4601720,,,,OpenStreetMap,node/6017344590,https://www.openstreetmap.org/node/6017344590,2026-07-11T20:29:07+00:00
DEC-00195,Decathlon,,Nanchansi,Jiangsu Sheng,,China,CN,31.5533035,120.3037861,,,,OpenStreetMap,node/6401947463,https://www.openstreetmap.org/node/6401947463,2026-07-11T20:29:07+00:00
DEC-00196,Decathlon,,Ningnan,Jiangsu Sheng,,China,CN,31.9814880,118.7586215,,,,OpenStreetMap,node/7241658783,https://www.openstreetmap.org/node/7241658783,2026-07-11T20:29:07+00:00
DEC-00197,迪卡侬,,Ningnan,Jiangsu Sheng,,China,CN,31.9818250,118.7966081,,,,OpenStreetMap,way/192644182,https://www.openstreetmap.org/way/192644182,2026-07-11T20:29:07+00:00
DEC-00198,Decathlon,,Qingdao,Shandong Sheng,,China,CN,36.0962071,120.3830210,,,,OpenStreetMap,node/11768942612,https://www.openstreetmap.org/node/11768942612,2026-07-11T20:29:07+00:00
DEC-00199,Decathlon,,Renhe,Chongqing Shi,,China,CN,29.6274199,106.5266850,,,,OpenStreetMap,node/12105543128,https://www.openstreetmap.org/node/12105543128,2026-07-11T20:29:07+00:00
DEC-00200,Decathlon,,Shahe,Guangdong,,China,CN,22.5595483,113.9611525,,,,OpenStreetMap,way/246479596,https://www.openstreetmap.org/way/246479596,2026-07-11T20:29:07+00:00
DEC-00201,Decathlon,,Shajing,Guangdong,,China,CN,22.7318359,113.7949450,,,,OpenStreetMap,node/13249800275,https://www.openstreetmap.org/node/13249800275,2026-07-11T20:29:07+00:00
DEC-00202,Decathlon,,Shanghai,Shanghai Shi,,China,CN,31.2342954,121.4663490,,,,OpenStreetMap,node/6785556605,https://www.openstreetmap.org/node/6785556605,2026-07-11T20:29:07+00:00
DEC-00203,Decathlon,,Shekou,Guangdong,,China,CN,22.5035100,113.9177268,,,,OpenStreetMap,node/4817174321,https://www.openstreetmap.org/node/4817174321,2026-07-11T20:29:07+00:00
DEC-00204,Decathlon,,Shenyang,Liaoning,,China,CN,41.7489874,123.3850079,,,,OpenStreetMap,node/3026537210,https://www.openstreetmap.org/node/3026537210,2026-07-11T20:29:07+00:00
DEC-00205,Decathlon,,Shenzhen,Guangdong,,China,CN,22.5381051,114.0545127,,,,OpenStreetMap,node/13333139097,https://www.openstreetmap.org/node/13333139097,2026-07-11T20:29:07+00:00
DEC-00206,Decathlon,,Shenzhen,Guangdong,,China,CN,22.5459867,114.1018005,,,,OpenStreetMap,node/12960565777,https://www.openstreetmap.org/node/12960565777,2026-07-11T20:29:07+00:00
DEC-00207,Decathlon,,Shenzhen,Guangdong,,China,CN,22.5595950,114.0635161,,,,OpenStreetMap,node/13062628114,https://www.openstreetmap.org/node/13062628114,2026-07-11T20:29:07+00:00
DEC-00208,Decathlon,,Shilaoren,Shandong Sheng,,China,CN,36.1031255,120.4660791,,,,OpenStreetMap,node/9246046145,https://www.openstreetmap.org/node/9246046145,2026-07-11T20:29:07+00:00
DEC-00209,Decathlon,,Shilu,Jiangsu Sheng,,China,CN,31.3143636,120.5850728,,,,OpenStreetMap,node/7738175785,https://www.openstreetmap.org/node/7738175785,2026-07-11T20:29:07+00:00
DEC-00210,Decathlon,Fengqi Rd,Sijiqing,Zhejiang Sheng,,China,CN,30.2661278,120.1910810,,http://decathlon.cn,Mo-Su 09:00-22:00,OpenStreetMap,node/5909181085,https://www.openstreetmap.org/node/5909181085,2026-07-11T20:29:07+00:00
DEC-00211,Decathlon,,Taihu,Jiangsu Sheng,,China,CN,31.4915529,120.2899992,,,,OpenStreetMap,node/8122485350,https://www.openstreetmap.org/node/8122485350,2026-07-11T20:29:07+00:00
DEC-00212,Decathlon,,Wangjing,Beijing,,China,CN,39.9778724,116.4543017,,,,OpenStreetMap,node/5209401541,https://www.openstreetmap.org/node/5209401541,2026-07-11T20:29:07+00:00
DEC-00213,Decathlon,,Wujiashan,Hubei,,China,CN,30.6188267,114.1609416,,,,OpenStreetMap,node/7945661893,https://www.openstreetmap.org/node/7945661893,2026-07-11T20:29:07+00:00
DEC-00214,Decathlon,,Wushan,Guangdong,,China,CN,23.1206687,113.3263650,,,,OpenStreetMap,node/5036052337,https://www.openstreetmap.org/node/5036052337,2026-07-11T20:29:07+00:00
DEC-00215,迪卡侬,,Xiamen,Fujian,,China,CN,24.4890134,118.0907765,,,,OpenStreetMap,node/4253113348,https://www.openstreetmap.org/node/4253113348,2026-07-11T20:29:07+00:00
DEC-00216,Decathlon,,Xiasha,Zhejiang Sheng,,China,CN,30.3113230,120.3318327,,https://www.decathlon.com/,,OpenStreetMap,node/8891776133,https://www.openstreetmap.org/node/8891776133,2026-07-11T20:29:07+00:00
DEC-00217,Decathlon,前海壹方城 新湖路,Xin'an,Guangdong,,China,CN,22.5547301,113.8840754,,,,OpenStreetMap,node/6452778253,https://www.openstreetmap.org/node/6452778253,2026-07-11T20:29:07+00:00
DEC-00218,Decathlon,,Xin'an,Guangdong,,China,CN,22.5635423,113.9016988,,,,OpenStreetMap,node/13333139096,https://www.openstreetmap.org/node/13333139096,2026-07-11T20:29:07+00:00
DEC-00219,Decathlon,,Xincheng,Shaanxi,,China,CN,34.2696264,108.9577889,,,,OpenStreetMap,node/4397665490,https://www.openstreetmap.org/node/4397665490,2026-07-11T20:29:07+00:00
DEC-00220,Decathlon,,Xinjiamiao,Shaanxi,,China,CN,34.3198004,108.9925009,,,,OpenStreetMap,way/1277748695,https://www.openstreetmap.org/way/1277748695,2026-07-11T20:29:07+00:00
DEC-00221,Decathlon,,Yangpu,Shanghai Shi,,China,CN,31.2628950,121.5079472,,,Mo-Su 10:00-22:00,OpenStreetMap,node/4805461521;node/5211783930,https://www.openstreetmap.org/node/4805461521; https://www.openstreetmap.org/node/5211783930,2026-07-11T20:29:07+00:00
DEC-00222,Decathlon,,Yangpu,Shanghai Shi,,China,CN,31.3070970,121.5092839,,,,OpenStreetMap,node/13055547286,https://www.openstreetmap.org/node/13055547286,2026-07-11T20:29:07+00:00
DEC-00223,Decathlon,555 兰嵩路,Yangpu,Shanghai Shi,,China,CN,31.3193524,121.5896139,+86 21 5880 9008,https://decathlon.cn,Mo-Su 09:00-21:00,OpenStreetMap,node/8436393459,https://www.openstreetmap.org/node/8436393459,2026-07-11T20:29:07+00:00
DEC-00224,Decathlon,,Yongping,Guangdong,,China,CN,23.2188452,113.2906013,,,,OpenStreetMap,node/10003961933,https://www.openstreetmap.org/node/10003961933,2026-07-11T20:29:07+00:00
DEC-00225,Decathlon,,Yuci,Shanxi Sheng,,China,CN,37.7167820,112.7101399,,,,OpenStreetMap,node/9080144958,https://www.openstreetmap.org/node/9080144958,2026-07-11T20:29:07+00:00
DEC-00226,Decathlon,,Yuefeng,Fujian,,China,CN,26.0926507,119.3381733,,,,OpenStreetMap,node/8364398575,https://www.openstreetmap.org/node/8364398575,2026-07-11T20:29:07+00:00
DEC-00227,Decathlon,,Zhengzhou,Henan Sheng,,China,CN,34.7033007,113.6527202,,,,OpenStreetMap,node/12701990800,https://www.openstreetmap.org/node/12701990800,2026-07-11T20:29:07+00:00
DEC-00228,Decathlon,,Zhengzhou,Henan Sheng,,China,CN,34.7366660,113.6101318,,,,OpenStreetMap,node/12588902169,https://www.openstreetmap.org/node/12588902169,2026-07-11T20:29:07+00:00
DEC-00229,Decathlon,,Zibo,Shandong Sheng,,China,CN,36.8478747,118.0273228,,,,OpenStreetMap,node/9847223545,https://www.openstreetmap.org/node/9847223545,2026-07-11T20:29:07+00:00
DEC-00230,Decathlon,12 奥体南路,广州市,广东省,,China,CN,23.1342201,113.4075256,+86 20 8216 9990,,Mo-Su 09:30-22:00,OpenStreetMap,way/496347993,https://www.openstreetmap.org/way/496347993,2026-07-11T20:29:07+00:00
DEC-00231,Decathlon,72 明光路,西安,陕西,710000,China,CN,34.3364791,108.9240847,+86 29 8960 9200,,Mo-Su 10:00-22:00,OpenStreetMap,node/8974915871,https://www.openstreetmap.org/node/8974915871,2026-07-11T20:29:07+00:00
DEC-00232,Decathlon,649 黑龙江中路,青岛市,山东省,266100,China,CN,36.1592213,120.4301432,,,,OpenStreetMap,node/13345963879,https://www.openstreetmap.org/node/13345963879,2026-07-11T20:29:07+00:00
DEC-00233,Decathlon,,Barranquilla,Atlantico,,Colombia,CO,11.0079952,-74.8211848,,,,OpenStreetMap,node/7660025851,https://www.openstreetmap.org/node/7660025851,2026-07-11T20:29:07+00:00
DEC-00234,Decathlon,,Barrio San Luis,Bogota D.C.,,Colombia,CO,4.6920105,-74.0845918,,,,OpenStreetMap,node/11158253470,https://www.openstreetmap.org/node/11158253470,2026-07-11T20:29:07+00:00
DEC-00235,Decathlon,,Barrio San Luis,Bogota D.C.,,Colombia,CO,4.7341986,-74.0648634,031 5186404,https://m.decathlon.com.co/es/,Mo-Su 09:00-21:00,OpenStreetMap,node/5486684223,https://www.openstreetmap.org/node/5486684223,2026-07-11T20:29:07+00:00
DEC-00236,Decathlon,,Bello,Antioquia,,Colombia,CO,6.3270042,-75.5589924,,,,OpenStreetMap,node/11158253457,https://www.openstreetmap.org/node/11158253457,2026-07-11T20:29:07+00:00
DEC-00237,Decathlon,,Bogota,Bogota D.C.,,Colombia,CO,4.5906206,-74.1234156,,,,OpenStreetMap,node/12215285245,https://www.openstreetmap.org/node/12215285245,2026-07-11T20:29:07+00:00
DEC-00238,Decathlon,,Bogota,Bogota D.C.,,Colombia,CO,4.6185709,-74.0869506,,,,OpenStreetMap,node/12405788902,https://www.openstreetmap.org/node/12405788902,2026-07-11T20:29:07+00:00
DEC-00239,Decathlon,Carrera 68A,Bogota,Bogota D.C.,,Colombia,CO,4.6512697,-74.1069264,,,"PH,Mo-Su 09:00-21:00",OpenStreetMap,node/6143018885,https://www.openstreetmap.org/node/6143018885,2026-07-11T20:29:07+00:00
DEC-00240,Decathlon,,Bucaramanga,Santander,,Colombia,CO,7.1005475,-73.1073775,,,,OpenStreetMap,node/11158215869,https://www.openstreetmap.org/node/11158215869,2026-07-11T20:29:07+00:00
DEC-00241,Decathlon,,Cajica,Cundinamarca,,Colombia,CO,4.8859697,-74.0351219,,,,OpenStreetMap,way/1310771789,https://www.openstreetmap.org/way/1310771789,2026-07-11T20:29:07+00:00
DEC-00242,Decathlon,,Cali,Valle del Cauca,,Colombia,CO,3.4869344,-76.5169657,+57 2 4890596,,Mo-Su 09:00-21:00,OpenStreetMap,way/749505591,https://www.openstreetmap.org/way/749505591,2026-07-11T20:29:07+00:00
DEC-00243,Decathlon,,Envigado,Antioquia,,Colombia,CO,6.1767219,-75.5922653,,,,OpenStreetMap,node/6061171185,https://www.openstreetmap.org/node/6061171185,2026-07-11T20:29:07+00:00
DEC-00244,Decathlon,"Cra. 25a #1a sur 45 Local 03750, Medellín, Antioquia, Colombie",Envigado,Antioquia,,Colombia,CO,6.1965053,-75.5598181,,,,OpenStreetMap,node/11155461748,https://www.openstreetmap.org/node/11155461748,2026-07-11T20:29:07+00:00
DEC-00245,Decathlon,,Itagui,Antioquia,,Colombia,CO,6.2122467,-75.5946822,,,,OpenStreetMap,node/11158241832,https://www.openstreetmap.org/node/11158241832,2026-07-11T20:29:07+00:00
DEC-00246,Decathlon,,Manizales,Caldas,,Colombia,CO,5.0659906,-75.4905439,,,,OpenStreetMap,node/10828431875,https://www.openstreetmap.org/node/10828431875,2026-07-11T20:29:07+00:00
DEC-00247,Decathlon,,Pereira,Risaralda,,Colombia,CO,4.8121976,-75.7070638,,,,OpenStreetMap,node/11158263443,https://www.openstreetmap.org/node/11158263443,2026-07-11T20:29:07+00:00
DEC-00248,Decathlon,,Alajuela,Alajuela,,Costa Rica,CR,10.0057191,-84.2118253,,,,OpenStreetMap,way/1371972571,https://www.openstreetmap.org/way/1371972571,2026-07-11T20:29:07+00:00
DEC-00249,Decathlon,,San Pedro,San Jose,,Costa Rica,CR,9.9190691,-84.0477191,,,,OpenStreetMap,node/12632799171,https://www.openstreetmap.org/node/12632799171,2026-07-11T20:29:07+00:00
DEC-00250,Decathlon,12 Ulica rimske centurijacije,Pula,Istarska,52100,Croatia,HR,44.8660864,13.8687943,+385 52554120,https://www.decathlon.hr/content/53-magasin-pula,08:00-22:00,OpenStreetMap,way/969126983,https://www.openstreetmap.org/way/969126983,2026-07-11T20:29:07+00:00
DEC-00251,Decathlon,67a Osječka ulica,Rijeka,Primorsko-Goranska,51000,Croatia,HR,45.3477327,14.4197242,,https://www.decathlon.hr/content/48-store-rijeka,,OpenStreetMap,node/4405923189,https://www.openstreetmap.org/node/4405923189,2026-07-11T20:29:07+00:00
DEC-00252,Decathlon,10 Ulica Antuna Gustava Matoša,Solin,Splitsko-Dalmatinska,21210,Croatia,HR,43.5298854,16.4903959,,,09:00-21:00,OpenStreetMap,node/5693576466,https://www.openstreetmap.org/node/5693576466,2026-07-11T20:29:07+00:00
DEC-00253,Decathlon,,Varazdin,Varazdinska,,Croatia,HR,46.2917345,16.3550256,,,Mo-Sa 08:00-20:00; Su 08:00-15:00,OpenStreetMap,node/10833635499,https://www.openstreetmap.org/node/10833635499,2026-07-11T20:29:07+00:00
DEC-00254,Decathlon,36 Svilajska ulica,Visnjevac,Osjecko-Baranjska,,Croatia,HR,45.5619761,18.6370357,+385 31 544 100,https://www.decathlon.hr/,Mo-Su 09:00-21:00,OpenStreetMap,node/5996530987,https://www.openstreetmap.org/node/5996530987,2026-07-11T20:29:07+00:00
DEC-00255,Decathlon,17 Ulica bleiburških žrtava,Zadar,Zadarska,23000,Croatia,HR,44.1158942,15.2558900,+385 23 400 500,https://www.decathlon.hr/content/51-magasin-zadar,Mo-Su 08:00-21:00,OpenStreetMap,node/4345546391,https://www.openstreetmap.org/node/4345546391,2026-07-11T20:29:07+00:00
DEC-00256,Decathlon istok,5 Ulica Siniše Glavaševića,Zagreb,Grad Zagreb,10040,Croatia,HR,45.8026522,16.0479805,+385 1 5512 100,,Mo-Sa 09:00-21:00; Su 09:00-20:00,OpenStreetMap,way/415411353,https://www.openstreetmap.org/way/415411353,2026-07-11T20:29:07+00:00
DEC-00257,Decathlon zapad,34 Ulica Velimira Škorpika,Zagreb,Grad Zagreb,10090,Croatia,HR,45.7955988,15.8566016,+385 1 5566 900,,"Mo-Sa 09:00-21:00, Su 09:00-20:00",OpenStreetMap,way/583279696,https://www.openstreetmap.org/way/583279696,2026-07-11T20:29:07+00:00
DEC-00258,Decathlon,5 Evropaikis Enosis Avenue,Larnaca,Larnaka,6043,Cyprus,CY,34.9244471,33.6031431,,https://decathlon.com.cy/,"Mo-Sa 10:00-20:00, Su 11:00-19:30",OpenStreetMap,node/11091356983,https://www.openstreetmap.org/node/11091356983,2026-07-11T20:29:07+00:00
DEC-00259,Decathlon,Splaviska 1137,Brno,South Moravian,664 42,Czechia,CZ,49.1380249,16.6385428,+420 511 190 100,https://www.decathlon.cz/store-view/sportovni-prodejna-brno-modrice-0070100101001,Mo-Su 09:00-21:00,AllThePlaces / localisateur officiel; OpenStreetMap,0070100101001;way/355654223;node/7753494026;node/7786812765;node/10862767784,https://api.woosmap.com/stores?key=woos-8e13088e-16a2-322a-9440-1681be0d34ef&stores_by_page=300&page=1; https://www.openstreetmap.org/way/355654223; https://www.openstreetmap.org/node/7753494026; https://www.openstreetmap.org/node/7786812765; https://www.openstreetmap.org/node/10862767784,2026-07-11T20:29:07+00:00
DEC-00260,Decathlon,Hradecká 408/40,Brno,South Moravian,621 00,Czechia,CZ,49.2620606,16.5790865,+420 511 193 001,https://www.decathlon.cz/store-view/sportovni-prodejna-brno-ivanovice-0070201102011,Mo-Su 09:00-21:00,AllThePlaces / localisateur officiel; OpenStreetMap,0070201102011;node/6565668038,https://api.woosmap.com/stores?key=woos-8e13088e-16a2-322a-9440-1681be0d34ef&stores_by_page=300&page=1; https://www.openstreetmap.org/node/6565668038,2026-07-11T20:29:07+00:00
DEC-00261,Decathlon,Příborská 2270,Frýdek-Místek,,738 02,Czechia,CZ,49.6719026,18.3290738,+420 599 520 810,https://www.decathlon.cz/store-view/sportovni-prodejna-frydek-mistek-0070229102291,Mo-Su 09:00-20:00,AllThePlaces / localisateur officiel; OpenStreetMap,0070229102291;node/7563987391,https://api.woosmap.com/stores?key=woos-8e13088e-16a2-322a-9440-1681be0d34ef&stores_by_page=300&page=1; https://www.openstreetmap.org/node/7563987391,2026-07-11T20:29:07+00:00
DEC-00262,Decathlon,Rašínova Třída 1686,Hradec Králové,Kralovehradecky,500 02,Czechia,CZ,50.1871000,15.8046000,+420 495 733 400,https://www.decathlon.cz/store-view/sportovni-prodejna-hradec-kralove-0070076000760,Mo-Su 09:00-20:00,AllThePlaces / localisateur officiel; OpenStreetMap,0070076000760;way/49674422,https://api.woosmap.com/stores?key=woos-8e13088e-16a2-322a-9440-1681be0d34ef&stores_by_page=300&page=1; https://www.openstreetmap.org/way/49674422,2026-07-11T20:29:07+00:00
DEC-00263,Decathlon,Obchodní 30,Jenišov,Karlovarsky,360 01,Czechia,CZ,50.2194270,12.8062180,+420 355 338 800,https://www.decathlon.cz/store-view/sportovni-prodejna-karlovy-vary-0070229402294,Mo-Su 09:00-20:00,AllThePlaces / localisateur officiel; OpenStreetMap,0070229402294;node/10106219300,https://api.woosmap.com/stores?key=woos-8e13088e-16a2-322a-9440-1681be0d34ef&stores_by_page=300&page=1; https://www.openstreetmap.org/node/10106219300,2026-07-11T20:29:07+00:00
DEC-00264,Decathlon,Brněnská 4971/74,Jihlava,Vysocina,586 01,Czechia,CZ,49.3962159,15.6090772,+420 561 114 001,https://www.decathlon.cz/store-view/sportovni-prodejna-jihlava-0070201202012,Mo-Su 09:00-20:00,AllThePlaces / localisateur officiel; OpenStreetMap,0070201202012;node/5509310238,https://api.woosmap.com/stores?key=woos-8e13088e-16a2-322a-9440-1681be0d34ef&stores_by_page=300&page=1; https://www.openstreetmap.org/node/5509310238,2026-07-11T20:29:07+00:00
DEC-00265,Decathlon,Americká 3252,Kladno,Central Bohemia,272 01,Czechia,CZ,50.1264295,14.1219281,+420 313 100 600,https://www.decathlon.cz/store-view/sportovni-prodejna-kladno-0070229002290,Mo-Su 09:00-20:00,AllThePlaces / localisateur officiel; OpenStreetMap,0070229002290;node/3809742541,https://api.woosmap.com/stores?key=woos-8e13088e-16a2-322a-9440-1681be0d34ef&stores_by_page=300&page=1; https://www.openstreetmap.org/node/3809742541,2026-07-11T20:29:07+00:00
DEC-00266,Decathlon,Sousedská 625,Liberec,,460 01,Czechia,CZ,50.7738383,15.0266147,+420 485 213 400,https://www.decathlon.cz/store-view/sportovni-prodejna-liberec-0070056700567,Mo-Su 09:00-20:00,AllThePlaces / localisateur officiel; OpenStreetMap,0070056700567;way/112696720,https://api.woosmap.com/stores?key=woos-8e13088e-16a2-322a-9440-1681be0d34ef&stores_by_page=300&page=1; https://www.openstreetmap.org/way/112696720,2026-07-11T20:29:07+00:00
DEC-00267,Decathlon,1419 Jičínská,Mladá Boleslav,Central Bohemia,29301,Czechia,CZ,50.4087932,14.9445825,+420 312 313 020,https://www.decathlon.cz/,Mo-Su 09:00-20:00,OpenStreetMap,node/5506633883,https://www.openstreetmap.org/node/5506633883,2026-07-11T20:29:07+00:00
DEC-00268,Decathlon,Rudná 3186/73,OSTRAVA,Moravskoslezsky,700 30,Czechia,CZ,49.7975389,18.2234269,+420 595 701 400,https://www.decathlon.cz/store-view/sportovni-prodejna-ostrava-avion-0070067800678,Mo-Su 09:00-20:00,AllThePlaces / localisateur officiel; OpenStreetMap,0070067800678;node/5234624452,https://api.woosmap.com/stores?key=woos-8e13088e-16a2-322a-9440-1681be0d34ef&stores_by_page=300&page=1; https://www.openstreetmap.org/node/5234624452,2026-07-11T20:29:07+00:00
DEC-00269,Decathlon,Kafkova 462/3,Olomouc,Olomoucky,779 00,Czechia,CZ,49.5732000,17.2264000,+420 585 495 300,https://www.decathlon.cz/store-view/sportovni-prodejna-olomouc-0070075100751,Mo-Su 09:00-20:00,AllThePlaces / localisateur officiel; OpenStreetMap,0070075100751;node/10580970285,https://api.woosmap.com/stores?key=woos-8e13088e-16a2-322a-9440-1681be0d34ef&stores_by_page=300&page=1; https://www.openstreetmap.org/node/10580970285,2026-07-11T20:29:07+00:00
DEC-00270,Decathlon,Těšínská 2914/44,Opava,Moravskoslezsky,74601,Czechia,CZ,49.9318730,17.9178350,+420 595 538 900,https://www.decathlon.cz/store-view/sportovni-prodejna-opava-0070210002100,Mo-Su 09:00-20:00,AllThePlaces / localisateur officiel; OpenStreetMap,0070210002100;node/10106247045,https://api.woosmap.com/stores?key=woos-8e13088e-16a2-322a-9440-1681be0d34ef&stores_by_page=300&page=1; https://www.openstreetmap.org/node/10106247045,2026-07-11T20:29:07+00:00
DEC-00271,Decathlon,Varenská 3309/50,Ostrava,Moravskoslezsky,70200,Czechia,CZ,49.8338480,18.2667380,+420 595 538 999,https://www.decathlon.cz/store-view/sportovni-prodejna-ostrava-centrum-0070118801188,Mo-Su 09:00-20:00,AllThePlaces / localisateur officiel; OpenStreetMap,0070118801188;node/4248068781,https://api.woosmap.com/stores?key=woos-8e13088e-16a2-322a-9440-1681be0d34ef&stores_by_page=300&page=1; https://www.openstreetmap.org/node/4248068781,2026-07-11T20:29:07+00:00
DEC-00272,Decathlon,Poděbradská 588,Pardubice,Pardubicky,53009,Czechia,CZ,50.0539436,15.7641553,+420 464 603 800,https://www.decathlon.cz/store-view/sportovni-prodejna-pardubice-0070229202292,Mo-Su 09:00-20:00,AllThePlaces / localisateur officiel; OpenStreetMap,0070229202292;way/755647283,https://api.woosmap.com/stores?key=woos-8e13088e-16a2-322a-9440-1681be0d34ef&stores_by_page=300&page=1; https://www.openstreetmap.org/way/755647283,2026-07-11T20:29:07+00:00
DEC-00273,Decathlon,Stavbařská 2,Plzeň - Bory,Plzensky,301 00,Czechia,CZ,49.7267247,13.3471747,+420 377 152 300,https://www.decathlon.cz/store-view/sportovni-prodejna-plzen-0070075600756,Mo-Su 09:00-20:00,AllThePlaces / localisateur officiel; OpenStreetMap,0070075600756;relation/15589416;way/330841764,https://api.woosmap.com/stores?key=woos-8e13088e-16a2-322a-9440-1681be0d34ef&stores_by_page=300&page=1; https://www.openstreetmap.org/relation/15589416; https://www.openstreetmap.org/way/330841764,2026-07-11T20:29:07+00:00
DEC-00274,Decathlon,Türkova 1272/7,Praha,Central Bohemia,149 00,Czechia,CZ,50.0372853,14.4915133,+420 228 800 000,https://www.decathlon.cz/store-view/sportovni-prodejna-praha-chodov-0070100201002,Mo-Su 09:00-21:00,AllThePlaces / localisateur officiel; OpenStreetMap,0070100201002;node/3211320482;node/8736200144,https://api.woosmap.com/stores?key=woos-8e13088e-16a2-322a-9440-1681be0d34ef&stores_by_page=300&page=1; https://www.openstreetmap.org/node/3211320482; https://www.openstreetmap.org/node/8736200144,2026-07-11T20:29:07+00:00
DEC-00275,Decathlon,Na Pankráci 1727/86,Praha,Praha,140 00,Czechia,CZ,50.0510848,14.4381440,+420 281 049 440,https://www.decathlon.cz/store-view/sportovni-prodejna-praha-arkady-pankrac-0070334603346,Mo-Su 09:00-21:00,AllThePlaces / localisateur officiel; OpenStreetMap,0070334603346;node/12635028350,https://api.woosmap.com/stores?key=woos-8e13088e-16a2-322a-9440-1681be0d34ef&stores_by_page=300&page=1; https://www.openstreetmap.org/node/12635028350,2026-07-11T20:29:07+00:00
DEC-00276,Decathlon,8 Plzeňská,Praha,Praha,150 00,Czechia,CZ,50.0731616,14.4022526,+420 281 049 420,https://www.decathlon.cz/store-view/sportovni-prodejna-praha-novy-smichov-0070229302293,Mo-Su 09:00-21:00,AllThePlaces / localisateur officiel; OpenStreetMap,0070229302293;node/10106343526,https://api.woosmap.com/stores?key=woos-8e13088e-16a2-322a-9440-1681be0d34ef&stores_by_page=300&page=1; https://www.openstreetmap.org/node/10106343526,2026-07-11T20:29:07+00:00
DEC-00277,Decathlon,Českomoravská 2420/15a,Praha,Praha,190 00,Czechia,CZ,50.1038589,14.4913356,+420 281 049 430,https://www.decathlon.cz/store-view/sportovni-prodejna-praha-galerie-harfa-0070304703047,Mo-Su 09:00-21:00,AllThePlaces / localisateur officiel; OpenStreetMap,0070304703047;node/11350794681,https://api.woosmap.com/stores?key=woos-8e13088e-16a2-322a-9440-1681be0d34ef&stores_by_page=300&page=1; https://www.openstreetmap.org/node/11350794681,2026-07-11T20:29:07+00:00
DEC-00278,Decathlon,Chlumecká 765/6,Praha,Praha,198 00,Czechia,CZ,50.1075897,14.5816278,+420 281 049 400,https://www.decathlon.cz/store-view/sportovni-prodejna-praha-cerny-most-0070075700757,Mo-Su 09:00-21:00,AllThePlaces / localisateur officiel; OpenStreetMap,0070075700757;node/2925164032,https://api.woosmap.com/stores?key=woos-8e13088e-16a2-322a-9440-1681be0d34ef&stores_by_page=300&page=1; https://www.openstreetmap.org/node/2925164032,2026-07-11T20:29:07+00:00
DEC-00279,Decathlon,Veselská 721,Praha,Praha,199 00,Czechia,CZ,50.1403960,14.4979700,+420 281 049 410,https://www.decathlon.cz/store-view/sportovni-prodejna-praha-letnany-0070209702097,Mo-Su 09:00-21:00,AllThePlaces / localisateur officiel; OpenStreetMap,0070209702097;node/6875482286,https://api.woosmap.com/stores?key=woos-8e13088e-16a2-322a-9440-1681be0d34ef&stores_by_page=300&page=1; https://www.openstreetmap.org/node/6875482286,2026-07-11T20:29:07+00:00
DEC-00280,Decathlon,Skandinávská 144,Praha 13-Třebonice,Central Bohemia,155 05,Czechia,CZ,50.0493689,14.2958457,+420 228 800 050,https://www.decathlon.cz/store-view/sportovni-prodejna-praha-zlicin-0070118901189,Mo-Su 09:00-21:00,AllThePlaces / localisateur officiel; OpenStreetMap,0070118901189;node/10880273025,https://api.woosmap.com/stores?key=woos-8e13088e-16a2-322a-9440-1681be0d34ef&stores_by_page=300&page=1; https://www.openstreetmap.org/node/10880273025,2026-07-11T20:29:07+00:00
DEC-00281,Decathlon,Srbická 464,Teplice,Ustecky,41501,Czechia,CZ,50.6611450,13.8641220,+420 411 134 550,https://www.decathlon.cz/store-view/sportovni-prodejna-teplice-0070209902099,Mo-Su 09:00-20:00,AllThePlaces / localisateur officiel; OpenStreetMap,0070209902099;way/1353917665,https://api.woosmap.com/stores?key=woos-8e13088e-16a2-322a-9440-1681be0d34ef&stores_by_page=300&page=1; https://www.openstreetmap.org/way/1353917665,2026-07-11T20:29:07+00:00
DEC-00282,Decathlon,Tyršova 869,Trmice,Ustecky,400 04,Czechia,CZ,50.6513212,14.0021112,+420 411 134 555,https://www.decathlon.cz/store-view/sportovni-prodejna-usti-nad-labem-0070334503345,Mo-Su 09:00-20:00,AllThePlaces / localisateur officiel; OpenStreetMap,0070334503345;way/1383978895,https://api.woosmap.com/stores?key=woos-8e13088e-16a2-322a-9440-1681be0d34ef&stores_by_page=300&page=1; https://www.openstreetmap.org/way/1383978895,2026-07-11T20:29:07+00:00
DEC-00283,Decathlon,Soběslavská 3191,Tábor,Jihocesky,390 05,Czechia,CZ,49.3894710,14.6938900,+420 380 425 810,https://www.decathlon.cz/store-view/sportovni-prodejna-tabor-0070210202102,Mo-Su 09:00-20:00,AllThePlaces / localisateur officiel; OpenStreetMap,0070210202102;node/6521960888,https://api.woosmap.com/stores?key=woos-8e13088e-16a2-322a-9440-1681be0d34ef&stores_by_page=300&page=1; https://www.openstreetmap.org/node/6521960888,2026-07-11T20:29:07+00:00
DEC-00284,Decathlon,Třída 3. května 1170,Zlín,Zlin,763 02,Czechia,CZ,49.2037246,17.5724719,+420 571 895 220,https://www.decathlon.cz/store-view/sportovni-prodejna-zlin-0070210102101,Mo-Su 09:00-20:00,AllThePlaces / localisateur officiel; OpenStreetMap,0070210102101;node/13123842031;node/7883748894,https://api.woosmap.com/stores?key=woos-8e13088e-16a2-322a-9440-1681be0d34ef&stores_by_page=300&page=1; https://www.openstreetmap.org/node/13123842031; https://www.openstreetmap.org/node/7883748894,2026-07-11T20:29:07+00:00
DEC-00285,Decathlon,České Vrbné 2352,České Budějovice,Jihocesky,370 11,Czechia,CZ,49.0041000,14.4500000,+420 386 103 400,https://www.decathlon.cz/store-view/sportovni-prodejna-ceske-budejovice-0070075900759,Mo-Su 09:00-20:00,AllThePlaces / localisateur officiel; OpenStreetMap,0070075900759;node/4168922494;node/7392252790;way/384738270,https://api.woosmap.com/stores?key=woos-8e13088e-16a2-322a-9440-1681be0d34ef&stores_by_page=300&page=1; https://www.openstreetmap.org/node/4168922494; https://www.openstreetmap.org/node/7392252790; https://www.openstreetmap.org/way/384738270,2026-07-11T20:29:07+00:00
DEC-00286,Decathlon,,Abidjan,Lagunes,,Côte d'Ivoire,CI,5.2988501,-3.9857670,+225 21 23 07 80,,Mo-Su 09:30-19:30,OpenStreetMap,node/3383044289,https://www.openstreetmap.org/node/3383044289,2026-07-11T20:29:07+00:00
DEC-00287,Decathlon,,Abidjan,Lagunes,,Côte d'Ivoire,CI,5.3486975,-4.0745180,,,,OpenStreetMap,node/8626323831,https://www.openstreetmap.org/node/8626323831,2026-07-11T20:29:07+00:00
DEC-00288,Decathlon,,Abobo,Lagunes,,Côte d'Ivoire,CI,5.3907813,-3.9919272,,,,OpenStreetMap,node/11401135857,https://www.openstreetmap.org/node/11401135857,2026-07-11T20:29:07+00:00
DEC-00289,Decathlon,,Bingerville,Lagunes,,Côte d'Ivoire,CI,5.3730709,-3.9332064,,,,OpenStreetMap,node/11534066275,https://www.openstreetmap.org/node/11534066275,2026-07-11T20:29:07+00:00
DEC-00290,Decathlon,3 Kangrumetsa tee,Kiili,Harju,75307,Estonia,EE,59.3390059,24.8308979,+37256905531,https://www.decathlon.ee/,Mo-Sa 10:00-21:00; Su 10:00-20:00,OpenStreetMap,node/11141127999,https://www.openstreetmap.org/node/11141127999,2026-07-11T20:29:07+00:00
DEC-00291,Decathlon,6 rue de l'égalité,ABBEVILLE,Picardie,80100,France,FR,50.0963402,1.8671830,+33 3 22 09 27 13,https://www.decathlon.fr/store-view/magasin-de-sports-decathlon-abbeville-0070160901609,Mo-Sa 09:30-19:00,AllThePlaces / localisateur officiel; OpenStreetMap,0070160901609;way/744829858,https://api.woosmap.com/stores?key=woos-c7283e70-7b4b-3c7d-bbfe-e65958b8769b&stores_by_page=300&page=1; https://www.openstreetmap.org/way/744829858,2026-07-11T20:29:07+00:00
DEC-00292,Decathlon,ZAC les Portes du Soleil - Route de Sète,AGDE,Languedoc-Roussillon,34300,France,FR,43.3068020,3.4943750,+33 4 48 94 00 24,https://www.decathlon.fr/store-view/magasin-de-sports-agde-essentiel-0070240302403,Mo-Sa 09:00-19:00,AllThePlaces / localisateur officiel; OpenStreetMap,0070240302403;node/4889233663,https://api.woosmap.com/stores?key=woos-c7283e70-7b4b-3c7d-bbfe-e65958b8769b&stores_by_page=300&page=2; https://www.openstreetmap.org/node/4889233663,2026-07-11T20:29:07+00:00
DEC-00293,Decathlon,358 route d'Uzès,ALÈS,Languedoc-Roussillon,30100,France,FR,44.1134563,4.1024539,+33 4 66 92 29 01,https://www.decathlon.fr/store-view/magasin-de-sports-ales-0070049800498,Mo-Sa 09:00-19:30,AllThePlaces / localisateur officiel; OpenStreetMap,0070049800498;way/130843622,https://api.woosmap.com/stores?key=woos-c7283e70-7b4b-3c7d-bbfe-e65958b8769b&stores_by_page=300&page=1; https://www.openstreetmap.org/way/130843622,2026-07-11T20:29:07+00:00
DEC-00294,Decathlon,50 Avenue de Grèce,AMIENS,Picardie,80090,France,FR,49.8693261,2.2803219,+33 3 22 45 00 45,https://www.decathlon.fr/store-view/magasin-de-sports-decathlon-amiens-0070009500095,Mo-Sa 09:30-19:30,AllThePlaces / localisateur officiel; OpenStreetMap,0070009500095;way/140525239;way/1365822365,https://api.woosmap.com/stores?key=woos-c7283e70-7b4b-3c7d-bbfe-e65958b8769b&stores_by_page=300&page=1; https://www.openstreetmap.org/way/140525239; https://www.openstreetmap.org/way/1365822365,2026-07-11T20:29:07+00:00
DEC-00295,Decathlon,1522 AVENUE D'ANTIBES,AMILLY,Centre,45200,France,FR,47.9732160,2.7327270,+33 2 38 94 07 40,https://www.decathlon.fr/store-view/magasin-de-sports-montargis-amilly-0070065200652,Mo-Sa 09:00-19:30,AllThePlaces / localisateur officiel; OpenStreetMap,0070065200652;node/3785921658,https://api.woosmap.com/stores?key=woos-c7283e70-7b4b-3c7d-bbfe-e65958b8769b&stores_by_page=300&page=1; https://www.openstreetmap.org/node/3785921658,2026-07-11T20:29:07+00:00
DEC-00296,Decathlon,778 Boulevard de la prairie,ANCENIS ST GEREON,Pays de la Loire,44150,France,FR,47.3753828,-1.1973456,+33 2 40 09 18 29,https://www.decathlon.fr/store-view/magasin-de-sports-decathlon-ancenis-saint-gereon-0070072100721,Mo-Sa 09:00-19:00,AllThePlaces / localisateur officiel; OpenStreetMap,0070072100721;node/3414353325,https://api.woosmap.com/stores?key=woos-c7283e70-7b4b-3c7d-bbfe-e65958b8769b&stores_by_page=300&page=1; https://www.openstreetmap.org/node/3414353325,2026-07-11T20:29:07+00:00
DEC-00297,Decathlon,21 rue des Barthes et 63 avenue de Bayonne,ANGLET,Aquitaine,64600,France,FR,43.4849257,-1.5047525,+33 5 59 57 50 00,https://www.decathlon.fr/store-view/magasin-de-sports-anglet-cote-basque-0070005300053,Mo-Sa 09:00-20:00,AllThePlaces / localisateur officiel; OpenStreetMap,0070005300053;way/157229506;way/157239304,https://api.woosmap.com/stores?key=woos-c7283e70-7b4b-3c7d-bbfe-e65958b8769b&stores_by_page=300&page=1; https://www.openstreetmap.org/way/157229506; https://www.openstreetmap.org/way/157239304,2026-07-11T20:29:07+00:00
DEC-00298,Decathlon,1800 Chemin des Terriers Nord,ANTIBES,Provence-Alpes-Cote d'Azur,06600,France,FR,43.6002070,7.0760150,+33 4 93 74 10 20,https://www.decathlon.fr/store-view/magasin-de-sports-decathlon-antibes-0070000400004,Mo-Sa 09:00-20:00,AllThePlaces / localisateur officiel; OpenStreetMap,0070000400004;way/68050477,https://api.woosmap.com/stores?key=woos-c7283e70-7b4b-3c7d-bbfe-e65958b8769b&stores_by_page=300&page=1; https://www.openstreetmap.org/way/68050477,2026-07-11T20:29:07+00:00
DEC-00299,Decathlon,Zone des Bonnettes,ARRAS,Nord-Pas-de-Calais,62000,France,FR,50.3029490,2.7307197,+33 3 21 16 81 70,https://www.decathlon.fr/store-view/magasin-de-sports-decathlon-arras-0070034900349,Mo-Sa 09:30-19:30,AllThePlaces / localisateur officiel; OpenStreetMap,0070034900349;way/144248284,https://api.woosmap.com/stores?key=woos-c7283e70-7b4b-3c7d-bbfe-e65958b8769b&stores_by_page=300&page=1; https://www.openstreetmap.org/way/144248284,2026-07-11T20:29:07+00:00
DEC-00300,Decathlon,Rue de la Chevalerie,ARÇONNAY,Pays de la Loire,72610,France,FR,48.4045517,0.0875016,+33 2 33 80 26 50,https://www.decathlon.fr/store-view/magasin-de-sports-alencon-arconnay-0070024200242,Mo-Fr 09:30-19:00; Sa 09:30-19:30,AllThePlaces / localisateur officiel; OpenStreetMap,0070024200242;node/7992547562,https://api.woosmap.com/stores?key=woos-c7283e70-7b4b-3c7d-bbfe-e65958b8769b&stores_by_page=300&page=1; https://www.openstreetmap.org/node/7992547562,2026-07-11T20:29:07+00:00
DEC-00301,Decathlon,ZI les Paluds,AUBAGNE,Provence-Alpes-Cote d'Azur,13400,France,FR,43.2972669,5.5938066,+33 4 42 18 01 01,https://www.decathlon.fr/store-view/magasin-de-sports-decathlon-aubagne-0070001000010,Mo-Sa 09:00-20:00,AllThePlaces / localisateur officiel; OpenStreetMap,0070001000010;way/92610653,https://api.woosmap.com/stores?key=woos-c7283e70-7b4b-3c7d-bbfe-e65958b8769b&stores_by_page=300&page=1; https://www.openstreetmap.org/way/92610653,2026-07-11T20:29:07+00:00
DEC-00302,Decathlon,"ZAC de CLARAC, Rue du 8 mai",AUCH,Midi-Pyrenees,32000,France,FR,43.6632036,0.5938519,+33 5 62 60 25 90,https://www.decathlon.fr/store-view/magasin-de-sports-auch-0070021100211,Mo-Sa 09:00-19:30,AllThePlaces / localisateur officiel; OpenStreetMap,0070021100211;way/65482483,https://api.woosmap.com/stores?key=woos-c7283e70-7b4b-3c7d-bbfe-e65958b8769b&stores_by_page=300&page=1; https://www.openstreetmap.org/way/65482483,2026-07-11T20:29:07+00:00
DEC-00303,Decathlon,Chemin des Bourgeois,AULNOY-LEZ-VALENCIENNES,Nord-Pas-de-Calais,59300,France,FR,50.3349367,3.5110958,+33 3 27 20 03 33,https://www.decathlon.fr/store-view/magasin-de-sports-decathlon-aulnoy-lez-valenciennes-0070015400154,Mo-Sa 09:30-19:30,AllThePlaces / localisateur officiel; OpenStreetMap,0070015400154;way/186766319,https://api.woosmap.com/stores?key=woos-c7283e70-7b4b-3c7d-bbfe-e65958b8769b&stores_by_page=300&page=1; https://www.openstreetmap.org/way/186766319,2026-07-11T20:29:07+00:00
DEC-00304,Decathlon,"330, Avenue Marcou Delanglade, Zone commerciale Auchan Mistral 7",AVIGNON,Provence-Alpes-Cote d'Azur,84140,France,FR,43.9195617,4.8675829,+33 4 90 13 80 80,https://www.decathlon.fr/store-view/magasin-de-sports-avignon-sud-mistral-7-0070011300113,Mo-Sa 09:00-19:00,AllThePlaces / localisateur officiel; OpenStreetMap,0070011300113;way/83765080,https://api.woosmap.com/stores?key=woos-c7283e70-7b4b-3c7d-bbfe-e65958b8769b&stores_by_page=300&page=1; https://www.openstreetmap.org/way/83765080,2026-07-11T20:29:07+00:00
DEC-00305,Decathlon Aime La Plagne,Route Nationale 90 ZA des Îles,Aime-la-Plagne,Rhone-Alpes,73210,France,FR,45.5527143,6.6442142,+33 4 79 22 28 59,https://www.decathlon.fr/store-view/magasin-de-sports-aime-0070180001800,Mo-Sa 09:30-19:30,OpenStreetMap,node/4553566922,https://www.openstreetmap.org/node/4553566922,2026-07-11T20:29:07+00:00
DEC-00306,Decathlon,160 rue Guillaume du Vair,Aix en Provence,Provence-Alpes-Cote d'Azur,13290,France,FR,43.5084176,5.4064230,+33 4 42 95 77 00,https://www.decathlon.fr/store-view/magasin-de-sports-aix-en-provence-aix-les-milles-0070020100201,Mo-Sa 09:30-19:30,AllThePlaces / localisateur officiel; OpenStreetMap,0070020100201;way/88770900,https://api.woosmap.com/stores?key=woos-c7283e70-7b4b-3c7d-bbfe-e65958b8769b&stores_by_page=300&page=1; https://www.openstreetmap.org/way/88770900,2026-07-11T20:29:07+00:00
DEC-00307,Decathlon,"1227 Chemin de la Cassine, Zone Commerciale du Chiriac, Proche Intermarché",Albertville,Rhone-Alpes,73200,France,FR,45.6561045,6.3692039,+33 4 79 37 47 32,https://www.decathlon.fr/store-view/magasin-de-sports-albertville-0070025500255,Mo-Sa 09:00-19:30,AllThePlaces / localisateur officiel; OpenStreetMap,0070025500255;node/1676818422,https://api.woosmap.com/stores?key=woos-c7283e70-7b4b-3c7d-bbfe-e65958b8769b&stores_by_page=300&page=1; https://www.openstreetmap.org/node/1676818422,2026-07-11T20:29:07+00:00
DEC-00308,Decathlon,,Ancenis,Pays de la Loire,,France,FR,47.3703513,-1.1794944,,,,OpenStreetMap,node/9878684569;node/9878684570,https://www.openstreetmap.org/node/9878684569; https://www.openstreetmap.org/node/9878684570,2026-07-11T20:29:07+00:00
DEC-00309,Decathlon,7 rue de la paix,Annecy,Rhone-Alpes,74000,France,FR,45.9034334,6.1263182,+33 4 85 72 00 03,https://www.decathlon.fr/store-view/magasin-de-sports-annecy-city-centre-ville-0070253102531,Mo 10:00-19:00; Sa 10:00-19:00,AllThePlaces / localisateur officiel; OpenStreetMap,0070253102531;node/3124343153,https://api.woosmap.com/stores?key=woos-c7283e70-7b4b-3c7d-bbfe-e65958b8769b&stores_by_page=300&page=2; https://www.openstreetmap.org/node/3124343153,2026-07-11T20:29:07+00:00
DEC-00310,Decathlon,26 rue de la resistance,Annemasse,Rhone-Alpes,74100,France,FR,46.1960801,6.2583658,+33 4 50 43 93 00,https://www.decathlon.fr/store-view/magasin-de-sports-annemasse-0070011900119,Mo-Sa 09:00-19:30,AllThePlaces / localisateur officiel; OpenStreetMap,0070011900119;node/12912999385;way/737855516;node/9053399009;node/9053399012;node/9176121609;node/10065036617;way/1411232945,https://api.woosmap.com/stores?key=woos-c7283e70-7b4b-3c7d-bbfe-e65958b8769b&stores_by_page=300&page=1; https://www.openstreetmap.org/node/12912999385; https://www.openstreetmap.org/way/737855516; https://www.openstreetmap.org/node/9053399009; https://www.openstreetmap.org/node/9053399012; https://www.openstreetmap.org/node/9176121609; https://www.openstreetmap.org/node/10065036617; https://www.openstreetmap.org/way/1411232945,2026-07-11T20:29:07+00:00
DEC-00311,Decathlon,"Rue du 19 Mars 1962, Centre commercial Intermarché",Arbent,Rhone-Alpes,01100,France,FR,46.2825375,5.6622377,+33 4 74 76 56 45,https://www.decathlon.fr/store-view/magasin-de-sports-oyonnax-arbent-0070065800658,Mo-Sa 09:30-19:00,AllThePlaces / localisateur officiel; OpenStreetMap,0070065800658;node/8993722050,https://api.woosmap.com/stores?key=woos-c7283e70-7b4b-3c7d-bbfe-e65958b8769b&stores_by_page=300&page=1; https://www.openstreetmap.org/node/8993722050,2026-07-11T20:29:07+00:00
DEC-00312,Decathlon,Zone Commerciale Fourchon,Arles,Provence-Alpes-Cote d'Azur,13200,France,FR,43.6650266,4.6350186,+33 4 90 18 30 70,https://www.decathlon.fr/store-view/magasin-de-sports-arles-0070017200172,Mo-Sa 09:00-19:00,AllThePlaces / localisateur officiel; OpenStreetMap,0070017200172;node/13598716080;way/102106260,https://api.woosmap.com/stores?key=woos-c7283e70-7b4b-3c7d-bbfe-e65958b8769b&stores_by_page=300&page=1; https://www.openstreetmap.org/node/13598716080; https://www.openstreetmap.org/way/102106260,2026-07-11T20:29:07+00:00
DEC-00313,Decathlon,Zone Actisud - Route des Gravières,Augny,Lorraine,57685,France,FR,49.0786507,6.1110976,+33 3 87 65 83 00,https://www.decathlon.fr/store-view/magasin-de-sports-metz-augny-0070004200042,Mo-Sa 09:00-19:30,AllThePlaces / localisateur officiel; OpenStreetMap,0070004200042;node/11547168646,https://api.woosmap.com/stores?key=woos-c7283e70-7b4b-3c7d-bbfe-e65958b8769b&stores_by_page=300&page=1; https://www.openstreetmap.org/node/11547168646,2026-07-11T20:29:07+00:00
DEC-00314,Decathlon,"Centre Commercial O'PARINOR, Le Haut De Galy",Aulnay-Sous-Bois,Ile-de-France,93600,France,FR,48.9564827,2.4760998,+33 1 34 05 95 96,https://www.decathlon.fr/store-view/magasin-de-sports-o-parinor-0070199501995,Mo-Sa 10:00-20:00; Su 11:00-19:00,AllThePlaces / localisateur officiel,0070199501995,https://api.woosmap.com/stores?key=woos-c7283e70-7b4b-3c7d-bbfe-e65958b8769b&stores_by_page=300&page=2,2026-07-11T20:29:07+00:00
DEC-00315,Decathlon,Zone d´Activités Commerciales la Ponétie,Aurillac,Auvergne,15000,France,FR,44.9029998,2.4515360,+33 4 71 63 35 10,https://www.decathlon.fr/store-view/magasin-de-sports-aurillac-0070034800348,Mo-Sa 09:30-19:00,AllThePlaces / localisateur officiel; OpenStreetMap,0070034800348;way/65426059,https://api.woosmap.com/stores?key=woos-c7283e70-7b4b-3c7d-bbfe-e65958b8769b&stores_by_page=300&page=1; https://www.openstreetmap.org/way/65426059,2026-07-11T20:29:07+00:00
DEC-00316,Decathlon,Avenue Bronislaw Geremek,Auxerre,Bourgogne,89000,France,FR,47.8156037,3.5665007,+33 3 86 18 02 00,https://www.decathlon.fr/store-view/magasin-de-sports-auxerre-0070024100241,Mo-Sa 09:00-19:30,AllThePlaces / localisateur officiel; OpenStreetMap,0070024100241;node/13524094746;way/62631883,https://api.woosmap.com/stores?key=woos-c7283e70-7b4b-3c7d-bbfe-e65958b8769b&stores_by_page=300&page=1; https://www.openstreetmap.org/node/13524094746; https://www.openstreetmap.org/way/62631883,2026-07-11T20:29:07+00:00
DEC-00317,Decathlon,ZAC les portes de l' Allier,Avermes,Auvergne,03000,France,FR,46.5904499,3.3257589,+33 4 70 46 56 57,https://www.decathlon.fr/store-view/magasin-de-sports-moulins-avermes-0070138401384,Mo-Sa 09:00-19:30,AllThePlaces / localisateur officiel; OpenStreetMap,0070138401384;node/9862096851;way/435152668,https://api.woosmap.com/stores?key=woos-c7283e70-7b4b-3c7d-bbfe-e65958b8769b&stores_by_page=300&page=1; https://www.openstreetmap.org/node/9862096851; https://www.openstreetmap.org/way/435152668,2026-07-11T20:29:07+00:00
DEC-00318,Decathlon,Parc de la baie,Avranches,Lower Normandy,50300,France,FR,48.6567994,-1.3553436,+33 2 33 89 28 50,https://www.decathlon.fr/store-view/magasin-de-sports-avranches-0070017700177,Mo-Sa 09:00-19:00,AllThePlaces / localisateur officiel; OpenStreetMap,0070017700177;node/1659033415;node/13071986330,https://api.woosmap.com/stores?key=woos-c7283e70-7b4b-3c7d-bbfe-e65958b8769b&stores_by_page=300&page=1; https://www.openstreetmap.org/node/1659033415; https://www.openstreetmap.org/node/13071986330,2026-07-11T20:29:07+00:00
DEC-00319,Decathlon,Parc du nouveau monde,BAILLEUL,Nord-Pas-de-Calais,59270,France,FR,50.7244281,2.7487244,+33 3 28 50 37 90,https://www.decathlon.fr/store-view/magasin-de-sports-decathlon-bailleul-0070047900479,Mo-Sa 09:30-19:30,AllThePlaces / localisateur officiel; OpenStreetMap,0070047900479;way/81169602,https://api.woosmap.com/stores?key=woos-c7283e70-7b4b-3c7d-bbfe-e65958b8769b&stores_by_page=300&page=1; https://www.openstreetmap.org/way/81169602,2026-07-11T20:29:07+00:00
DEC-00320,Decathlon,Rue Fernand Sastre. A côté du stade Pierre Brisson. Sortie 15 sur A16.,BEAUVAIS,Picardie,60000,France,FR,49.4348340,2.1139886,+33 3 44 45 96 60,https://www.decathlon.fr/store-view/magasin-de-sports-decathlon-beauvais-0070007700077,Mo-Sa 09:30-19:30,AllThePlaces / localisateur officiel; OpenStreetMap,0070007700077;way/106255941,https://api.woosmap.com/stores?key=woos-c7283e70-7b4b-3c7d-bbfe-e65958b8769b&stores_by_page=300&page=1; https://www.openstreetmap.org/way/106255941,2026-07-11T20:29:07+00:00
DEC-00321,Decathlon,Rue des Frères Lumières,BEGLES,Aquitaine,33130,France,FR,44.7923960,-0.5361430,+33 5 57 35 57 57,https://www.decathlon.fr/store-view/magasin-de-sports-bordeaux-begles-0070021900219,Mo-Sa 09:30-20:00,AllThePlaces / localisateur officiel; OpenStreetMap,0070021900219;node/6467009005,https://api.woosmap.com/stores?key=woos-c7283e70-7b4b-3c7d-bbfe-e65958b8769b&stores_by_page=300&page=1; https://www.openstreetmap.org/node/6467009005,2026-07-11T20:29:07+00:00
DEC-00322,Decathlon,ZA Les Sardines,BERGERAC,Aquitaine,24100,France,FR,44.8290456,0.4701058,+33 5 53 74 03 40,https://www.decathlon.fr/store-view/magasin-de-sports-bergerac-0070055400554,"Mo 08:00-12:00,14:00-18:00; Tu-Su 08:00-18:00",AllThePlaces / localisateur officiel; OpenStreetMap,0070055400554;way/68443240,https://api.woosmap.com/stores?key=woos-c7283e70-7b4b-3c7d-bbfe-e65958b8769b&stores_by_page=300&page=1; https://www.openstreetmap.org/way/68443240,2026-07-11T20:29:07+00:00
DEC-00323,Decathlon,Zone commerciale Porte des Vosges,BESSONCOURT,Franche-Comte,90160,France,FR,47.6439988,6.9158133,+33 3 84 28 54 18,https://www.decathlon.fr/store-view/magasin-de-sports-decathlon-belfort-bessoncourt-0070075300753,Mo-Sa 09:30-19:00,AllThePlaces / localisateur officiel; OpenStreetMap,0070075300753;way/231423074,https://api.woosmap.com/stores?key=woos-c7283e70-7b4b-3c7d-bbfe-e65958b8769b&stores_by_page=300&page=1; https://www.openstreetmap.org/way/231423074,2026-07-11T20:29:07+00:00
DEC-00324,Decathlon,ZAC de Pluvignon,BETTON,Brittany,35830,France,FR,48.1630647,-1.6381873,+33 2 23 27 41 41,https://www.decathlon.fr/store-view/magasin-de-sports-decathlon-rennes-betton-0070007300073,Mo-Sa 09:00-20:00,AllThePlaces / localisateur officiel; OpenStreetMap,0070007300073;node/7177216167;way/81985096,https://api.woosmap.com/stores?key=woos-c7283e70-7b4b-3c7d-bbfe-e65958b8769b&stores_by_page=300&page=1; https://www.openstreetmap.org/node/7177216167; https://www.openstreetmap.org/way/81985096,2026-07-11T20:29:07+00:00
DEC-00325,Decathlon,Lieu dit le Mollard,BOURG SAINT MAURICE,Rhone-Alpes,73700,France,FR,45.6241108,6.7799247,+33 4 79 37 73 67,https://www.decathlon.fr/store-view/magasin-de-sports-bourg-saint-maurice-0070342403424,Mo-Sa 09:00-19:00,AllThePlaces / localisateur officiel; OpenStreetMap,0070342403424;way/131084068,https://api.woosmap.com/stores?key=woos-c7283e70-7b4b-3c7d-bbfe-e65958b8769b&stores_by_page=300&page=2; https://www.openstreetmap.org/way/131084068,2026-07-11T20:29:07+00:00
DEC-00326,Decathlon,Zone d´activités Commerciales de Gardès,BOÉ,Aquitaine,47550,France,FR,44.1754744,0.6388148,+33 5 53 98 55 66,https://www.decathlon.fr/store-view/magasin-de-sports-agen-boe-0070023800238,Mo-Sa 09:00-19:30,AllThePlaces / localisateur officiel; OpenStreetMap,0070023800238;way/286717617,https://api.woosmap.com/stores?key=woos-c7283e70-7b4b-3c7d-bbfe-e65958b8769b&stores_by_page=300&page=1; https://www.openstreetmap.org/way/286717617,2026-07-11T20:29:07+00:00
DEC-00327,Decathlon,Zone d activités Commerciales Les Closeaux 2000,BUCHELAY,Ile-de-France,78200,France,FR,48.9884589,1.6734952,+33 1 30 63 86 00,https://www.decathlon.fr/store-view/magasin-de-sports-mantes-la-jolie-buchelay-0070012500125,Mo-Sa 09:30-19:30,AllThePlaces / localisateur officiel; OpenStreetMap,0070012500125;way/49196397,https://api.woosmap.com/stores?key=woos-c7283e70-7b4b-3c7d-bbfe-e65958b8769b&stores_by_page=300&page=1; https://www.openstreetmap.org/way/49196397,2026-07-11T20:29:07+00:00
DEC-00328,Decathlon,ZA La Carbonniere,Barentin,Haute-Normandie,76360,France,FR,49.5275804,0.9642791,+33 2 35 92 05 85,https://www.decathlon.fr/store-view/magasin-de-sports-barentin-0070000600006,Mo-Sa 09:00-19:30,AllThePlaces / localisateur officiel; OpenStreetMap,0070000600006;way/196253319,https://api.woosmap.com/stores?key=woos-c7283e70-7b4b-3c7d-bbfe-e65958b8769b&stores_by_page=300&page=1; https://www.openstreetmap.org/way/196253319,2026-07-11T20:29:07+00:00
DEC-00329,Decathlon,Avenue Paul Prosper Guilhem,Beaucouze,Pays de la Loire,49070,France,FR,47.4679741,-0.6176012,+33 2 41 73 04 30,https://www.decathlon.fr/store-view/magasin-de-sports-angers-beaucouze-0070007400074,Mo-Sa 09:00-20:00,OpenStreetMap,way/197145107;way/144475386,https://www.openstreetmap.org/way/197145107; https://www.openstreetmap.org/way/144475386,2026-07-11T20:29:07+00:00
DEC-00330,Decathlon,37 Rue de la République,Beaupuy,Aquitaine,,France,FR,44.5095903,0.1343755,+33 5 53 64 82 50,https://www.decathlon.fr/store-view/magasin-de-sports-marmande-0070032500325,Mo 09:30-19:30,OpenStreetMap,way/1480616030,https://www.openstreetmap.org/way/1480616030,2026-07-11T20:29:07+00:00
DEC-00331,Decathlon,Route de Charmeil,Bellerive sur Allier,Auvergne,03700,France,FR,46.1286132,3.3995219,+33 4 70 32 99 00,https://www.decathlon.fr/store-view/magasin-de-sports-vichy-bellerive-sur-allier-0070033600336,Mo-Sa 09:00-19:00,AllThePlaces / localisateur officiel; OpenStreetMap,0070033600336;way/133383226,https://api.woosmap.com/stores?key=woos-c7283e70-7b4b-3c7d-bbfe-e65958b8769b&stores_by_page=300&page=1; https://www.openstreetmap.org/way/133383226,2026-07-11T20:29:07+00:00
DEC-00332,Decathlon,Rue André Breton,Besançon,Franche-Comte,25000,France,FR,47.2158924,5.9507893,+33 3 81 41 85 00,https://www.decathlon.fr/store-view/magasin-de-sports-besancon-0070008100081,Mo-Sa 09:00-19:30,AllThePlaces / localisateur officiel; OpenStreetMap,0070008100081;way/72367873,https://api.woosmap.com/stores?key=woos-c7283e70-7b4b-3c7d-bbfe-e65958b8769b&stores_by_page=300&page=1; https://www.openstreetmap.org/way/72367873,2026-07-11T20:29:07+00:00
DEC-00333,Decathlon,Rue André Chaillot,Betheny,Champagne-Ardenne,51100,France,FR,49.2878178,4.0253132,+33 3 26 35 03 30,https://www.decathlon.fr/,Mo-Sa 09:00-19:30,OpenStreetMap,node/10054640462;way/87842410,https://www.openstreetmap.org/node/10054640462; https://www.openstreetmap.org/way/87842410,2026-07-11T20:29:07+00:00
DEC-00334,Decathlon,ZAC des Batterses centre commercial Beynost 2,Beynost,Rhone-Alpes,01700,France,FR,45.8247021,4.9990472,+33 4 37 85 55 10,https://www.decathlon.fr/store-view/magasin-de-sports-beynost-0070042700427,Mo-Sa 09:00-19:30,AllThePlaces / localisateur officiel; OpenStreetMap,0070042700427;way/126720002,https://api.woosmap.com/stores?key=woos-c7283e70-7b4b-3c7d-bbfe-e65958b8769b&stores_by_page=300&page=1; https://www.openstreetmap.org/way/126720002,2026-07-11T20:29:07+00:00
DEC-00335,Decathlon,"ZAC du Grand Noble, 9, allée Emile Zola",Blagnac,Midi-Pyrenees,31700,France,FR,43.6434837,1.3697866,+33 5 62 74 70 20,https://www.decathlon.fr/store-view/magasin-de-sports-toulouse-blagnac-0070009800098,Mo-Fr 09:30-19:30; Sa 09:30-20:00,AllThePlaces / localisateur officiel; OpenStreetMap,0070009800098;way/64410285,https://api.woosmap.com/stores?key=woos-c7283e70-7b4b-3c7d-bbfe-e65958b8769b&stores_by_page=300&page=1; https://www.openstreetmap.org/way/64410285,2026-07-11T20:29:07+00:00
DEC-00336,Decathlon,"Quartier Saint Pierre, La planchette",Bollène,Provence-Alpes-Cote d'Azur,84500,France,FR,44.2987890,4.7521674,+33 4 32 80 33 60,https://www.decathlon.fr/store-view/magasin-de-sports-bollene-0070036300363,Mo-Sa 09:00-19:00,AllThePlaces / localisateur officiel; OpenStreetMap,0070036300363;way/73785107,https://api.woosmap.com/stores?key=woos-c7283e70-7b4b-3c7d-bbfe-e65958b8769b&stores_by_page=300&page=1; https://www.openstreetmap.org/way/73785107,2026-07-11T20:29:07+00:00
DEC-00337,Decathlon,130 rue Sainte Catherine,Bordeaux,Aquitaine,33000,France,FR,44.8369690,-0.5736874,+33 5 56 79 34 35,https://www.decathlon.fr/store-view/magasin-de-sports-bordeaux-centre-ville-city-0070035400354,Mo-Sa 10:00-19:30; Su 14:00-19:00,AllThePlaces / localisateur officiel; OpenStreetMap,0070035400354;node/4552082091;node/9964604146,https://api.woosmap.com/stores?key=woos-c7283e70-7b4b-3c7d-bbfe-e65958b8769b&stores_by_page=300&page=1; https://www.openstreetmap.org/node/4552082091; https://www.openstreetmap.org/node/9964604146,2026-07-11T20:29:07+00:00
DEC-00338,Decathlon,49 rue sainte catherine (promenade sainte catherine),Bordeaux,Aquitaine,33000,France,FR,44.8401033,-0.5743506,+33 5 23 52 00 40,https://www.decathlon.fr/store-view/magasin-de-sports-decathlon-running-bordeaux-0070340203402,Mo-Sa 10:00-19:30; Su 13:00-19:00,AllThePlaces / localisateur officiel; OpenStreetMap,0070340203402;node/13344266921,https://api.woosmap.com/stores?key=woos-c7283e70-7b4b-3c7d-bbfe-e65958b8769b&stores_by_page=300&page=2; https://www.openstreetmap.org/node/13344266921,2026-07-11T20:29:07+00:00
DEC-00339,Decathlon,Avenue des 40 Journaux,Bordeaux,Aquitaine,33300,France,FR,44.8748620,-0.5675620,+33 5 57 19 39 39,https://www.decathlon.fr/store-view/magasin-de-sports-bordeaux-lac-0070002200022,Mo-Sa 09:00-19:30,AllThePlaces / localisateur officiel; OpenStreetMap,0070002200022;way/154156502,https://api.woosmap.com/stores?key=woos-c7283e70-7b4b-3c7d-bbfe-e65958b8769b&stores_by_page=300&page=1; https://www.openstreetmap.org/way/154156502,2026-07-11T20:29:07+00:00
DEC-00340,Decathlon,La petite Bastide,Bouc Bel Air,Provence-Alpes-Cote d'Azur,13320,France,FR,43.4315000,5.3981100,+33 4 42 94 03 00,https://www.decathlon.fr/store-view/magasin-de-sports-marseille-bouc-bel-air-0070029200292,Mo-Sa 09:00-20:00,AllThePlaces / localisateur officiel; OpenStreetMap,0070029200292;way/92763690,https://api.woosmap.com/stores?key=woos-c7283e70-7b4b-3c7d-bbfe-e65958b8769b&stores_by_page=300&page=1; https://www.openstreetmap.org/way/92763690,2026-07-11T20:29:07+00:00
DEC-00341,Decathlon,,Boucau,Aquitaine,,France,FR,43.5266759,-1.4642217,,,,OpenStreetMap,node/8294909303,https://www.openstreetmap.org/node/8294909303,2026-07-11T20:29:07+00:00
DEC-00342,Decathlon,Zone d activites du Ponteix,Boulazac,Aquitaine,24750,France,FR,45.1865641,0.7639868,+33 5 53 03 39 39,https://www.decathlon.fr/store-view/magasin-de-sports-perigueux-boulazac-0070019900199,Mo-Sa 09:00-19:30,AllThePlaces / localisateur officiel; OpenStreetMap,0070019900199;way/69313565;node/12269771427,https://api.woosmap.com/stores?key=woos-c7283e70-7b4b-3c7d-bbfe-e65958b8769b&stores_by_page=300&page=1; https://www.openstreetmap.org/way/69313565; https://www.openstreetmap.org/node/12269771427,2026-07-11T20:29:07+00:00
DEC-00343,Decathlon,Lieu-Dit Bonneau,Bouliac,Aquitaine,33270,France,FR,44.8144534,-0.5254614,+33 5 57 97 78 68,https://www.decathlon.fr/store-view/magasin-de-sports-bordeaux-bouliac-0070025100251,Mo-Sa 09:30-19:00,AllThePlaces / localisateur officiel; OpenStreetMap,0070025100251;way/118378994,https://api.woosmap.com/stores?key=woos-c7283e70-7b4b-3c7d-bbfe-e65958b8769b&stores_by_page=300&page=1; https://www.openstreetmap.org/way/118378994,2026-07-11T20:29:07+00:00
DEC-00344,Decathlon,15 Avenue des Belges,Bourg-en-Bresse,Rhone-Alpes,01000,France,FR,46.2077080,5.2346050,+33 4 74 22 87 50,https://www.decathlon.fr/store-view/magasin-de-sports-bourg-en-bresse-0070015800158,Mo-Sa 09:00-19:30,AllThePlaces / localisateur officiel; OpenStreetMap,0070015800158;node/12357643923;node/12525874288;way/923080533,https://api.woosmap.com/stores?key=woos-c7283e70-7b4b-3c7d-bbfe-e65958b8769b&stores_by_page=300&page=1; https://www.openstreetmap.org/node/12357643923; https://www.openstreetmap.org/node/12525874288; https://www.openstreetmap.org/way/923080533,2026-07-11T20:29:07+00:00
DEC-00345,Decathlon,8 avenue Edouard Branly,Bourgoin Jallieu,Rhone-Alpes,38300,France,FR,45.5916098,5.2478808,+33 4 74 43 57 43,https://www.decathlon.fr/store-view/magasin-de-sports-bourgoin-jallieu-0070021400214,Mo-Sa 08:30-20:00,AllThePlaces / localisateur officiel; OpenStreetMap,0070021400214;way/120173046,https://api.woosmap.com/stores?key=woos-c7283e70-7b4b-3c7d-bbfe-e65958b8769b&stores_by_page=300&page=1; https://www.openstreetmap.org/way/120173046,2026-07-11T20:29:07+00:00
DEC-00346,Decathlon,339 route des maisons blanches,Briançon,Provence-Alpes-Cote d'Azur,05100,France,FR,44.8826390,6.6233210,+33 4 13 42 08 82,https://www.decathlon.fr/store-view/magasin-de-sports-briancon-essentiel-0070191201912,Mo-Sa 09:00-19:00,AllThePlaces / localisateur officiel; OpenStreetMap,0070191201912;way/73569539,https://api.woosmap.com/stores?key=woos-c7283e70-7b4b-3c7d-bbfe-e65958b8769b&stores_by_page=300&page=1; https://www.openstreetmap.org/way/73569539,2026-07-11T20:29:07+00:00
DEC-00347,Decathlon,Zone d'activites commerciales du Mazaud,Brive La Gaillarde,Limousin,19100,France,FR,45.1432338,1.4752233,+33 5 55 88 94 60,https://www.decathlon.fr/store-view/magasin-de-sports-brive-0070015500155,Mo-Sa 09:00-19:30,AllThePlaces / localisateur officiel; OpenStreetMap,0070015500155;way/124606472,https://api.woosmap.com/stores?key=woos-c7283e70-7b4b-3c7d-bbfe-e65958b8769b&stores_by_page=300&page=1; https://www.openstreetmap.org/way/124606472,2026-07-11T20:29:07+00:00
DEC-00348,Decathlon,332 avenue Général de Gaulle,Bron,Rhone-Alpes,69500,France,FR,45.7253880,4.9294114,+33 4 72 15 87 37,https://www.decathlon.fr/store-view/magasin-de-sports-lyon-bron-st-exupery-0070012100121,Mo-Sa 09:00-20:00,AllThePlaces / localisateur officiel; OpenStreetMap,0070012100121;node/10795431356;node/12657478405;node/12657484369;node/12657488012;node/12657489920;node/13230741556;node/13230754340;node/13230754341;node/13599695832;node/13599695846;node/13599695851;way/124880796,https://api.woosmap.com/stores?key=woos-c7283e70-7b4b-3c7d-bbfe-e65958b8769b&stores_by_page=300&page=1; https://www.openstreetmap.org/node/10795431356; https://www.openstreetmap.org/node/12657478405; https://www.openstreetmap.org/node/12657484369; https://www.openstreetmap.org/node/12657488012; https://www.openstreetmap.org/node/12657489920; https://www.openstreetmap.org/node/13230741556; https://www.openstreetmap.org/node/13230754340; https://www.openstreetmap.org/node/13230754341; https://www.openstreetmap.org/node/13599695832; https://www.openstreetmap.org/node/13599695846; https://www.openstreetmap.org/node/13599695851; https://www.openstreetmap.org/way/124880796,2026-07-11T20:29:07+00:00
DEC-00349,Decathlon,"19 bis, rue Jean Monnet, Centre Commercial Les Armoiries",Bry-Sur-Marne,Ile-de-France,94360,France,FR,48.8293854,2.5301640,+33 1 57 10 99 94,https://www.decathlon.fr/store-view/magasin-de-sports-bry-sur-marne-0070160101601,Mo-Sa 09:30-20:00; Su 10:00-19:00,AllThePlaces / localisateur officiel; OpenStreetMap,0070160101601;node/4878236021,https://api.woosmap.com/stores?key=woos-c7283e70-7b4b-3c7d-bbfe-e65958b8769b&stores_by_page=300&page=1; https://www.openstreetmap.org/node/4878236021,2026-07-11T20:29:07+00:00
DEC-00350,Decathlon,2 rue des saugées,Brétigny sur Orge,Ile-de-France,91220,France,FR,48.6229423,2.3011574,+33 1 60 85 27 77,https://www.decathlon.fr/store-view/magasin-de-sports-bretigny-sur-orge-0070022500225,Mo-Sa 09:00-20:00,AllThePlaces / localisateur officiel; OpenStreetMap,0070022500225;way/108283218,https://api.woosmap.com/stores?key=woos-c7283e70-7b4b-3c7d-bbfe-e65958b8769b&stores_by_page=300&page=1; https://www.openstreetmap.org/way/108283218,2026-07-11T20:29:07+00:00
DEC-00351,Decathlon,"Rue Danton, ZAC des Cailloux ( Rue de Verdun)",CALAIS,Nord-Pas-de-Calais,62100,France,FR,50.9393724,1.8399128,+33 3 21 00 05 00,https://www.decathlon.fr/store-view/magasin-de-sports-decathlon-calais-0070069200692,Mo-Sa 09:30-19:00,AllThePlaces / localisateur officiel; OpenStreetMap,0070069200692;way/206289829,https://api.woosmap.com/stores?key=woos-c7283e70-7b4b-3c7d-bbfe-e65958b8769b&stores_by_page=300&page=1; https://www.openstreetmap.org/way/206289829,2026-07-11T20:29:07+00:00
DEC-00352,Decathlon,"Avenue de Paris, RN 44",CAMBRAI,Nord-Pas-de-Calais,59400,France,FR,50.1602423,3.2252025,+33 3 27 72 20 90,https://www.decathlon.fr/store-view/magasin-de-sports-decathlon-cambrai-0070022900229,Mo-Sa 09:30-19:00,AllThePlaces / localisateur officiel,0070022900229,https://api.woosmap.com/stores?key=woos-c7283e70-7b4b-3c7d-bbfe-e65958b8769b&stores_by_page=300&page=1,2026-07-11T20:29:07+00:00
DEC-00353,Decathlon,"2, avenue de la plaine des sports",CERGY,Ile-de-France,95800,France,FR,49.0545567,2.0492375,+33 1 34 35 15 80,https://www.decathlon.fr/store-view/magasin-de-sports-cergy-0070021200212,Mo-Sa 09:30-20:00,AllThePlaces / localisateur officiel; OpenStreetMap,0070021200212;way/208988913,https://api.woosmap.com/stores?key=woos-c7283e70-7b4b-3c7d-bbfe-e65958b8769b&stores_by_page=300&page=1; https://www.openstreetmap.org/way/208988913,2026-07-11T20:29:07+00:00
DEC-00354,Decathlon,"La Lande de Jauge, Parc de Jarry 2",CESTAS,Aquitaine,33610,France,FR,44.7173006,-0.7335933,+33 5 56 21 07 20,https://www.decathlon.fr/store-view/magasin-de-sports-cestas-decathlon-solognac-caperlan-0070047700477,Mo-Sa 09:00-19:00,AllThePlaces / localisateur officiel; OpenStreetMap,0070047700477;way/286467063,https://api.woosmap.com/stores?key=woos-c7283e70-7b4b-3c7d-bbfe-e65958b8769b&stores_by_page=300&page=1; https://www.openstreetmap.org/way/286467063,2026-07-11T20:29:07+00:00
DEC-00355,Decathlon,90A boulevard Jean XXIII,CHALLANS,Pays de la Loire,85300,France,FR,46.8371916,-1.8737444,+33 2 51 49 67 05,https://www.decathlon.fr/store-view/magasin-de-sports-challans-0070077800778,Mo-Sa 09:30-19:00,AllThePlaces / localisateur officiel; OpenStreetMap,0070077800778;node/3797787957;node/8086280908,https://api.woosmap.com/stores?key=woos-c7283e70-7b4b-3c7d-bbfe-e65958b8769b&stores_by_page=300&page=1; https://www.openstreetmap.org/node/3797787957; https://www.openstreetmap.org/node/8086280908,2026-07-11T20:29:07+00:00
DEC-00356,Decathlon,4 RUE BONIVARD,CHAMBERY,Rhone-Alpes,73000,France,FR,45.5662714,5.9187118,+33 4 85 78 00 32,https://www.decathlon.fr/store-view/magasin-de-sports-chambery-contact-centre-ville-0070286102861,Mo-Sa 10:00-19:00,AllThePlaces / localisateur officiel; OpenStreetMap,0070286102861;node/1522674090,https://api.woosmap.com/stores?key=woos-c7283e70-7b4b-3c7d-bbfe-e65958b8769b&stores_by_page=300&page=2; https://www.openstreetmap.org/node/1522674090,2026-07-11T20:29:07+00:00
DEC-00357,Decathlon,"Zone commerciale leclerc, Rue Descartes",CHAMBRY,Picardie,02000,France,FR,49.5892541,3.6496309,+33 3 23 21 31 36,https://www.decathlon.fr/store-view/magasin-de-sports-decathlon-essentiel-laon-chambry-0070110901109,Mo-Sa 09:30-19:00,AllThePlaces / localisateur officiel; OpenStreetMap,0070110901109;node/5208125514,https://api.woosmap.com/stores?key=woos-c7283e70-7b4b-3c7d-bbfe-e65958b8769b&stores_by_page=300&page=1; https://www.openstreetmap.org/node/5208125514,2026-07-11T20:29:07+00:00
DEC-00358,Decathlon,19 avenue Michel Croz,CHAMONIX,Rhone-Alpes,74400,France,FR,45.9236645,6.8701326,+33 4 50 93 63 42,https://www.decathlon.fr/store-view/magasin-de-sports-decathlon-city-chamonix-0070072300723,Mo-Sa 09:30-19:30; Su 10:00-19:00,AllThePlaces / localisateur officiel; OpenStreetMap,0070072300723;node/6326865347,https://api.woosmap.com/stores?key=woos-c7283e70-7b4b-3c7d-bbfe-e65958b8769b&stores_by_page=300&page=1; https://www.openstreetmap.org/node/6326865347,2026-07-11T20:29:07+00:00
DEC-00359,Decathlon,584 Av du Pere Tasse Chamrousse,CHAMROUSSE,Rhone-Alpes,38410,France,FR,45.1105943,5.8764906,+33 4 76 89 96 24,https://www.decathlon.fr/store-view/magasin-de-sports-chamrousse-mountain-0070333203332,Mo-Su 08:30-18:30,AllThePlaces / localisateur officiel,0070333203332,https://api.woosmap.com/stores?key=woos-c7283e70-7b4b-3c7d-bbfe-e65958b8769b&stores_by_page=300&page=2,2026-07-11T20:29:07+00:00
DEC-00360,Decathlon,"3, rue du Moulin",CHANTEPIE,Brittany,35135,France,FR,48.0901168,-1.6267919,+33 2 99 41 03 03,https://www.decathlon.fr/store-view/magasin-de-sports-decathlon-rennes-chantepie-0070012200122,Mo-Sa 09:00-20:00,AllThePlaces / localisateur officiel; OpenStreetMap,0070012200122;node/8234746017;way/80703310,https://api.woosmap.com/stores?key=woos-c7283e70-7b4b-3c7d-bbfe-e65958b8769b&stores_by_page=300&page=1; https://www.openstreetmap.org/node/8234746017; https://www.openstreetmap.org/way/80703310,2026-07-11T20:29:07+00:00
DEC-00361,Decathlon,"55, Route de Prix les Mezieres",CHARLEVILLE-MEZIERES,Champagne-Ardenne,08000,France,FR,49.7541071,4.7053492,+33 3 24 59 64 00,https://www.decathlon.fr/store-view/magasin-de-sports-decathlon-charleville-mezieres-0070013300133,Mo-Sa 09:00-19:00,AllThePlaces / localisateur officiel; OpenStreetMap,0070013300133;way/401768375;node/10003907296;node/12147978633,https://api.woosmap.com/stores?key=woos-c7283e70-7b4b-3c7d-bbfe-e65958b8769b&stores_by_page=300&page=1; https://www.openstreetmap.org/way/401768375; https://www.openstreetmap.org/node/10003907296; https://www.openstreetmap.org/node/12147978633,2026-07-11T20:29:07+00:00
DEC-00362,Decathlon,1963 AVENUE FREDERIC MISTRAL,CHASSE SUR RHONE,Rhone-Alpes,38670,France,FR,45.5722383,4.8128488,+33 4 81 11 00 40,https://www.decathlon.fr/store-view/magasin-de-sports-chasse-sur-rhone-0070076500765,Mo-Sa 09:00-19:30,AllThePlaces / localisateur officiel; OpenStreetMap,0070076500765;way/368824800,https://api.woosmap.com/stores?key=woos-c7283e70-7b4b-3c7d-bbfe-e65958b8769b&stores_by_page=300&page=1; https://www.openstreetmap.org/way/368824800,2026-07-11T20:29:07+00:00
DEC-00363,Decathlon,25 rue de la Désirée,CHATELLERAULT,Poitou-Charentes,86100,France,FR,46.8359135,0.5405737,+33 5 49 90 30 03,https://www.decathlon.fr/store-view/magasin-de-sports-chatellerault-0070060500605,Mo-Sa 09:30-19:00,AllThePlaces / localisateur officiel; OpenStreetMap,0070060500605;way/206147216,https://api.woosmap.com/stores?key=woos-c7283e70-7b4b-3c7d-bbfe-e65958b8769b&stores_by_page=300&page=1; https://www.openstreetmap.org/way/206147216,2026-07-11T20:29:07+00:00
DEC-00364,Decathlon,1 rue du général patton,CHÂTEAUBRIANT,Pays de la Loire,44110,France,FR,47.7052598,-1.3858594,+33 2 55 15 00 00,https://www.decathlon.fr/store-view/magasin-de-sports-decathlon-essentiel-chateaubriant-0070244002440,Mo-Sa 09:30-19:00,AllThePlaces / localisateur officiel; OpenStreetMap,0070244002440;node/8625554111,https://api.woosmap.com/stores?key=woos-c7283e70-7b4b-3c7d-bbfe-e65958b8769b&stores_by_page=300&page=2; https://www.openstreetmap.org/node/8625554111,2026-07-11T20:29:07+00:00
DEC-00365,Decathlon,28 Route de Blois,CHÂTEAUDUN,Centre,28200,France,FR,48.0589104,1.3357635,+33 2 37 45 84 84,https://www.decathlon.fr/store-view/magasin-de-sports-chateaudun-0070048600486,"Mo 08:00-12:00,14:00-18:00; Tu-Su 08:00-18:00",AllThePlaces / localisateur officiel; OpenStreetMap,0070048600486;way/287919454,https://api.woosmap.com/stores?key=woos-c7283e70-7b4b-3c7d-bbfe-e65958b8769b&stores_by_page=300&page=1; https://www.openstreetmap.org/way/287919454,2026-07-11T20:29:07+00:00
DEC-00366,Decathlon,78 chemin du Loudet,COLOMIERS,Midi-Pyrenees,31770,France,FR,43.6080750,1.3046953,+33 5 61 31 87 88,https://www.decathlon.fr/store-view/magasin-de-sports-toulouse-colomiers-0070004000040,Mo-Fr 09:00-19:30; Sa 09:00-20:00,AllThePlaces / localisateur officiel; OpenStreetMap,0070004000040;way/75062878,https://api.woosmap.com/stores?key=woos-c7283e70-7b4b-3c7d-bbfe-e65958b8769b&stores_by_page=300&page=1; https://www.openstreetmap.org/way/75062878,2026-07-11T20:29:07+00:00
DEC-00367,Decathlon,Boulevard Alsace Lorraine,CORMONTREUIL,Champagne-Ardenne,51350,France,FR,49.2173772,4.0479120,+33 3 26 82 38 34,https://www.decathlon.fr/store-view/magasin-de-sports-decathlon-reims-cormontreuil-0070003100031,Mo-Sa 09:00-19:30,AllThePlaces / localisateur officiel; OpenStreetMap,0070003100031;node/10038091768;node/10038091769;node/13026255502;way/86582374,https://api.woosmap.com/stores?key=woos-c7283e70-7b4b-3c7d-bbfe-e65958b8769b&stores_by_page=300&page=1; https://www.openstreetmap.org/node/10038091768; https://www.openstreetmap.org/node/10038091769; https://www.openstreetmap.org/node/13026255502; https://www.openstreetmap.org/way/86582374,2026-07-11T20:29:07+00:00
DEC-00368,Decathlon,25 allée du premier mai,CROISSY BEAUBOURG,Ile-de-France,77183,France,FR,48.8293205,2.6367163,+33 1 60 95 24 70,https://www.decathlon.fr/store-view/magasin-de-sports-croissy-beaubourg-0070050500505,Mo-Sa 09:00-20:00; Su 10:00-19:30,AllThePlaces / localisateur officiel; OpenStreetMap,0070050500505;way/863810295;node/3068644693,https://api.woosmap.com/stores?key=woos-c7283e70-7b4b-3c7d-bbfe-e65958b8769b&stores_by_page=300&page=1; https://www.openstreetmap.org/way/863810295; https://www.openstreetmap.org/node/3068644693,2026-07-11T20:29:07+00:00
DEC-00369,Decathlon,chemin Maquens,Carcassonne,Languedoc-Roussillon,11000,France,FR,43.2045819,2.3138549,+33 4 68 10 22 40,https://www.decathlon.fr/store-view/magasin-de-sports-carcassonne-0070015100151,Mo-Sa 09:00-19:00,AllThePlaces / localisateur officiel; OpenStreetMap,0070015100151;node/12657485621;way/68543888,https://api.woosmap.com/stores?key=woos-c7283e70-7b4b-3c7d-bbfe-e65958b8769b&stores_by_page=300&page=1; https://www.openstreetmap.org/node/12657485621; https://www.openstreetmap.org/way/68543888,2026-07-11T20:29:07+00:00
DEC-00370,Decathlon,Boulevard Jean Moulin,Carhaix Plouguer,Brittany,29270,France,FR,48.2774618,-3.5549919,+33 2 98 99 33 37,https://www.decathlon.fr/store-view/magasin-de-sports-carhaix-0070025900259,Mo-Sa 09:30-19:00,AllThePlaces / localisateur officiel; OpenStreetMap,0070025900259;node/11007975520,https://api.woosmap.com/stores?key=woos-c7283e70-7b4b-3c7d-bbfe-e65958b8769b&stores_by_page=300&page=1; https://www.openstreetmap.org/node/11007975520,2026-07-11T20:29:07+00:00
DEC-00371,Decathlon,Route de Mazamet,Castres,Midi-Pyrenees,81100,France,FR,43.5887557,2.2722582,+33 5 63 62 58 58,https://www.decathlon.fr/store-view/magasin-de-sports-castres-0070040800408,Mo-Sa 09:00-19:00,AllThePlaces / localisateur officiel; OpenStreetMap,0070040800408;way/83102814,https://api.woosmap.com/stores?key=woos-c7283e70-7b4b-3c7d-bbfe-e65958b8769b&stores_by_page=300&page=1; https://www.openstreetmap.org/way/83102814,2026-07-11T20:29:07+00:00
DEC-00372,Decathlon,Rue Georges Veve,Cavaillon,Provence-Alpes-Cote d'Azur,84300,France,FR,43.8276474,5.0358234,+33 4 90 06 35 70,https://www.decathlon.fr/store-view/magasin-de-sports-cavaillon-0070020800208,Mo-Sa 09:30-19:30,AllThePlaces / localisateur officiel; OpenStreetMap,0070020800208;node/12344340372;node/13927755771;way/154233639,https://api.woosmap.com/stores?key=woos-c7283e70-7b4b-3c7d-bbfe-e65958b8769b&stores_by_page=300&page=1; https://www.openstreetmap.org/node/12344340372; https://www.openstreetmap.org/node/13927755771; https://www.openstreetmap.org/way/154233639,2026-07-11T20:29:07+00:00
DEC-00373,Decathlon,"212, rue de l´industrie",Cesson,Ile-de-France,77240,France,FR,48.5901899,2.5982079,+33 1 64 41 72 21,https://www.decathlon.fr/store-view/magasin-de-sports-bois-senart-0070002600026,Mo-Fr 09:30-19:30; Sa 09:30-20:00; Su 09:30-19:30,AllThePlaces / localisateur officiel; OpenStreetMap,0070002600026;way/156811055,https://api.woosmap.com/stores?key=woos-c7283e70-7b4b-3c7d-bbfe-e65958b8769b&stores_by_page=300&page=1; https://www.openstreetmap.org/way/156811055,2026-07-11T20:29:07+00:00
DEC-00374,Decathlon,82 Route de Mantes,Chambourcy,Ile-de-France,78240,France,FR,48.9119284,2.0325498,+33 1 39 79 29 23,https://www.decathlon.fr/store-view/magasin-de-sports-chambourcy-0070004100041,Mo-Sa 09:30-20:00; Su 10:00-19:30,AllThePlaces / localisateur officiel; OpenStreetMap,0070004100041;way/948396556,https://api.woosmap.com/stores?key=woos-c7283e70-7b4b-3c7d-bbfe-e65958b8769b&stores_by_page=300&page=1; https://www.openstreetmap.org/way/948396556,2026-07-11T20:29:07+00:00
DEC-00375,Decathlon,Rond point de l'Hippodrome,Chambray-lès-Tours,Centre,37170,France,FR,47.3299113,0.7066678,+33 2 47 28 24 22,https://www.decathlon.fr/store-view/magasin-de-sports-chambray-les-tours-0070002500025,Mo-Sa 09:00-19:30,AllThePlaces / localisateur officiel; OpenStreetMap,0070002500025;way/68775005,https://api.woosmap.com/stores?key=woos-c7283e70-7b4b-3c7d-bbfe-e65958b8769b&stores_by_page=300&page=1; https://www.openstreetmap.org/way/68775005,2026-07-11T20:29:07+00:00
DEC-00376,Decathlon,108 rue de Borolan,Chambéry,Rhone-Alpes,73000,France,FR,45.6081000,5.8893000,+33 4 79 75 15 50,https://www.decathlon.fr/store-view/magasin-de-sports-chambery-essentiel-0070110701107,Mo-Sa 09:30-19:00,AllThePlaces / localisateur officiel; OpenStreetMap,0070110701107;way/110602090,https://api.woosmap.com/stores?key=woos-c7283e70-7b4b-3c7d-bbfe-e65958b8769b&stores_by_page=300&page=1; https://www.openstreetmap.org/way/110602090,2026-07-11T20:29:07+00:00
DEC-00377,Decathlon,Zone d Activites DES MONTAGNES,Champniers,Poitou-Charentes,16430,France,FR,45.6923399,0.1858163,+33 5 45 37 54 64,https://www.decathlon.fr/store-view/magasin-de-sports-angouleme-champniers-0070020600206,Mo-Sa 09:00-19:30,AllThePlaces / localisateur officiel; OpenStreetMap,0070020600206;way/68933109,https://api.woosmap.com/stores?key=woos-c7283e70-7b4b-3c7d-bbfe-e65958b8769b&stores_by_page=300&page=1; https://www.openstreetmap.org/way/68933109,2026-07-11T20:29:07+00:00
DEC-00378,Decathlon,Rue du Commandant Cousteau,Changé,Pays de la Loire,53810,France,FR,48.0897364,-0.7637026,+33 2 43 49 72 72,https://www.decathlon.fr/store-view/magasin-de-sports-laval-0070029600296,Mo-Sa 09:30-19:30,AllThePlaces / localisateur officiel; OpenStreetMap,0070029600296;node/285968225,https://api.woosmap.com/stores?key=woos-c7283e70-7b4b-3c7d-bbfe-e65958b8769b&stores_by_page=300&page=1; https://www.openstreetmap.org/node/285968225,2026-07-11T20:29:07+00:00
DEC-00379,Decathlon,"Centre Commercial des Saisons de Meaux, 5 avenue Roland Moreno",Chauconin Neufmontiers,Ile-de-France,77124,France,FR,48.9565708,2.8636578,+33 1 60 09 96 96,https://www.decathlon.fr/store-view/magasin-de-sports-meaux-0070014900149,Mo-Fr 10:00-20:00; Sa 09:30-20:00,AllThePlaces / localisateur officiel,0070014900149,https://api.woosmap.com/stores?key=woos-c7283e70-7b4b-3c7d-bbfe-e65958b8769b&stores_by_page=300&page=1,2026-07-11T20:29:07+00:00
DEC-00380,Decathlon,5 Avenue Roland Moreno,Chauconin-Neufmontiers,Ile-de-France,77124,France,FR,48.9597326,2.8617619,+33 1 60 09 96 96,https://www.decathlon.fr/store-view/magasin-de-sports-meaux-0070014900149,Mo-Sa 09:00-19:30,OpenStreetMap,way/442189343,https://www.openstreetmap.org/way/442189343,2026-07-11T20:29:07+00:00
DEC-00381,Decathlon,L'AUTRE FAUBOURG,Cholet,Pays de la Loire,49300,France,FR,47.0748638,-0.8348280,+33 2 41 56 00 22,https://www.decathlon.fr/store-view/magasin-de-sports-cholet-0070014800148,"Mo 08:00-12:00,14:00-18:00; Tu-Su 08:00-18:00",AllThePlaces / localisateur officiel; OpenStreetMap,0070014800148;node/11780160250;way/164496088,https://api.woosmap.com/stores?key=woos-c7283e70-7b4b-3c7d-bbfe-e65958b8769b&stores_by_page=300&page=1; https://www.openstreetmap.org/node/11780160250; https://www.openstreetmap.org/way/164496088,2026-07-11T20:29:07+00:00
DEC-00382,Decathlon,Espace Roussillon Est C.C.Carrefour,Claira,Languedoc-Roussillon,66530,France,FR,42.7731822,2.9174051,+33 4 68 28 77 40,https://www.decathlon.fr/store-view/magasin-de-sports-perpignan-claira-0070045600456,Mo-Sa 09:00-19:30,AllThePlaces / localisateur officiel; OpenStreetMap,0070045600456;way/96010979,https://api.woosmap.com/stores?key=woos-c7283e70-7b4b-3c7d-bbfe-e65958b8769b&stores_by_page=300&page=1; https://www.openstreetmap.org/way/96010979,2026-07-11T20:29:07+00:00
DEC-00383,Decathlon,"Autoroute A104, A1, et N3, Rue victor Drouet",Claye Souilly,Ile-de-France,77410,France,FR,48.9467672,2.6703012,+33 1 60 27 60 00,https://www.decathlon.fr/store-view/magasin-de-sports-claye-souilly-0070008200082,Mo-Sa 09:30-20:00; Su 10:00-19:30,AllThePlaces / localisateur officiel; OpenStreetMap,0070008200082;node/4047509923,https://api.woosmap.com/stores?key=woos-c7283e70-7b4b-3c7d-bbfe-e65958b8769b&stores_by_page=300&page=1; https://www.openstreetmap.org/node/4047509923,2026-07-11T20:29:07+00:00
DEC-00384,Decathlon,Zone commerciale la Pardieu,Clermont Ferrand,Auvergne,63000,France,FR,45.7652142,3.1280585,+33 4 73 27 36 14,https://www.decathlon.fr/store-view/magasin-de-sports-clermont-ferrand-0070006200062,Mo-Sa 09:00-19:30,AllThePlaces / localisateur officiel; OpenStreetMap,0070006200062;node/12657479751;node/12657485027;node/3792609857,https://api.woosmap.com/stores?key=woos-c7283e70-7b4b-3c7d-bbfe-e65958b8769b&stores_by_page=300&page=1; https://www.openstreetmap.org/node/12657479751; https://www.openstreetmap.org/node/12657485027; https://www.openstreetmap.org/node/3792609857,2026-07-11T20:29:07+00:00
DEC-00385,Decathlon,,Clermont-Ferrand,Auvergne,,France,FR,45.7936062,3.0987996,,,,OpenStreetMap,node/9213017515,https://www.openstreetmap.org/node/9213017515,2026-07-11T20:29:07+00:00
DEC-00386,Decathlon,Zone commerciale Le Forum - Rue des frères Lumière,Coignières,Ile-de-France,78310,France,FR,48.7579782,1.9352527,+33 1 79 92 13 70,https://www.decathlon.fr/store-view/magasin-de-sports-coignieres-0070081800818,Mo-Sa 10:00-19:30; Su 10:00-19:00,AllThePlaces / localisateur officiel; OpenStreetMap,0070081800818;node/3746143273,https://api.woosmap.com/stores?key=woos-c7283e70-7b4b-3c7d-bbfe-e65958b8769b&stores_by_page=300&page=1; https://www.openstreetmap.org/node/3746143273,2026-07-11T20:29:07+00:00
DEC-00387,Decathlon,16 rue Emile Schwoerer,Colmar,Alsace,68000,France,FR,48.1022871,7.3640340,+33 3 89 21 55 30,https://www.decathlon.fr/store-view/magasin-de-sports-colmar-0070045400454,Mo-Sa 09:00-19:30,AllThePlaces / localisateur officiel; OpenStreetMap,0070045400454;way/51256985,https://api.woosmap.com/stores?key=woos-c7283e70-7b4b-3c7d-bbfe-e65958b8769b&stores_by_page=300&page=1; https://www.openstreetmap.org/way/51256985,2026-07-11T20:29:07+00:00
DEC-00388,Decathlon,"Rue Aimé Césaire, zone de Colguen",Concarneau,Brittany,29900,France,FR,47.9019030,-3.9074371,+33 2 22 25 12 50,https://www.decathlon.fr/store-view/magasin-de-sports-concarneau-0070076200762,"Mo 08:00-12:00,14:00-18:00; Tu-Su 08:00-18:00",AllThePlaces / localisateur officiel; OpenStreetMap,0070076200762;node/11196574359,https://api.woosmap.com/stores?key=woos-c7283e70-7b4b-3c7d-bbfe-e65958b8769b&stores_by_page=300&page=1; https://www.openstreetmap.org/node/11196574359,2026-07-11T20:29:07+00:00
DEC-00389,Decathlon,61 Avenue Division Leclerc,Coutances,Lower Normandy,50200,France,FR,49.0631980,-1.4336650,+33 2 33 45 31 23,https://www.decathlon.fr/store-view/magasin-de-sports-coutances-essentiel-0070111201112,"Mo-Sa 09:30-12:30,13:30-19:00",AllThePlaces / localisateur officiel; OpenStreetMap,0070111201112;node/1437601948,https://api.woosmap.com/stores?key=woos-c7283e70-7b4b-3c7d-bbfe-e65958b8769b&stores_by_page=300&page=1; https://www.openstreetmap.org/node/1437601948,2026-07-11T20:29:07+00:00
DEC-00390,Decathlon,Carrefour POMPADOUR,Creteil,Ile-de-France,94000,France,FR,48.7749775,2.4380067,+33 1 49 80 43 23,https://www.decathlon.fr/store-view/magasin-de-sports-creteil-0070000800008,Mo-Sa 10:00-20:00; Su 10:00-19:00,AllThePlaces / localisateur officiel; OpenStreetMap,0070000800008;way/78528911,https://api.woosmap.com/stores?key=woos-c7283e70-7b4b-3c7d-bbfe-e65958b8769b&stores_by_page=300&page=1; https://www.openstreetmap.org/way/78528911,2026-07-11T20:29:07+00:00
DEC-00391,Decathlon,25 Rue Isaac Holden,Croix,Nord-Pas-de-Calais,59170,France,FR,50.6726776,3.1489455,,,,OpenStreetMap,way/85291769,https://www.openstreetmap.org/way/85291769,2026-07-11T20:29:07+00:00
DEC-00392,Decathlon,22 Rue François-Xavier Bichat,DOLE,Franche-Comte,39100,France,FR,47.1114613,5.5093952,+33 3 84 69 45 90,https://www.decathlon.fr/store-view/magasin-de-sports-dole-0070054600546,Mo-Sa 09:30-19:00,AllThePlaces / localisateur officiel; OpenStreetMap,0070054600546;node/3787678361,https://api.woosmap.com/stores?key=woos-c7283e70-7b4b-3c7d-bbfe-e65958b8769b&stores_by_page=300&page=1; https://www.openstreetmap.org/node/3787678361,2026-07-11T20:29:07+00:00
DEC-00393,Decathlon,Zone d'aménagement concerté Val Druel,Dieppe,Haute-Normandie,76200,France,FR,49.9031638,1.0787429,+33 2 32 14 41 41,https://www.decathlon.fr/store-view/magasin-de-sports-dieppe-0070017900179,Mo-Sa 09:00-19:30,AllThePlaces / localisateur officiel; OpenStreetMap,0070017900179;node/3794410557,https://api.woosmap.com/stores?key=woos-c7283e70-7b4b-3c7d-bbfe-e65958b8769b&stores_by_page=300&page=1; https://www.openstreetmap.org/node/3794410557,2026-07-11T20:29:07+00:00
DEC-00394,Decathlon,"5, route de Marseille",Digne les Bains,Provence-Alpes-Cote d'Azur,04000,France,FR,44.0693708,6.1787156,+33 4 92 36 67 50,https://www.decathlon.fr/store-view/magasin-de-sports-digne-les-bains-0070027500275,Mo-Sa 09:30-19:00,AllThePlaces / localisateur officiel; OpenStreetMap,0070027500275;way/112489993;node/12060947113,https://api.woosmap.com/stores?key=woos-c7283e70-7b4b-3c7d-bbfe-e65958b8769b&stores_by_page=300&page=1; https://www.openstreetmap.org/way/112489993; https://www.openstreetmap.org/node/12060947113,2026-07-11T20:29:07+00:00
DEC-00395,Decathlon,"Avenue de l'Europe, ZAC des Charmes",Digoin,Bourgogne,71160,France,FR,46.4740950,4.0053490,+33 3 85 20 50 16,https://www.decathlon.fr/store-view/magasin-de-sports-digoin-0070194401944,Mo-Sa 09:00-19:00,AllThePlaces / localisateur officiel; OpenStreetMap,0070194401944;node/6215906016,https://api.woosmap.com/stores?key=woos-c7283e70-7b4b-3c7d-bbfe-e65958b8769b&stores_by_page=300&page=1; https://www.openstreetmap.org/node/6215906016,2026-07-11T20:29:07+00:00
DEC-00396,Decathlon,ZAC les Sauges Rue André Roz,Doubs,Franche-Comte,25300,France,FR,46.9246821,6.3397763,+33 3 81 38 30 30,https://www.decathlon.fr/store-view/magasin-de-sports-pontarlier-doubs-0070069400694,Mo-Sa 09:30-19:00,AllThePlaces / localisateur officiel; OpenStreetMap,0070069400694;node/12271990946;way/1135427390,https://api.woosmap.com/stores?key=woos-c7283e70-7b4b-3c7d-bbfe-e65958b8769b&stores_by_page=300&page=1; https://www.openstreetmap.org/node/12271990946; https://www.openstreetmap.org/way/1135427390,2026-07-11T20:29:07+00:00
DEC-00397,decathlon,Allée de l'Europe,Dourges,Nord-Pas-de-Calais,,France,FR,50.4465263,2.9748785,,,,OpenStreetMap,node/3971089596,https://www.openstreetmap.org/node/3971089596,2026-07-11T20:29:07+00:00
DEC-00398,Decathlon,Rue Henry Potez,Dreux,Centre,28100,France,FR,48.7493409,1.3497878,+33 2 37 64 82 80,https://www.decathlon.fr/store-view/magasin-de-sports-dreux-0070036600366,Mo-Sa 10:00-19:30,AllThePlaces / localisateur officiel; OpenStreetMap,0070036600366;node/12643027600;way/182563827,https://api.woosmap.com/stores?key=woos-c7283e70-7b4b-3c7d-bbfe-e65958b8769b&stores_by_page=300&page=1; https://www.openstreetmap.org/node/12643027600; https://www.openstreetmap.org/way/182563827,2026-07-11T20:29:07+00:00
DEC-00399,Decathlon,9 rue du Drac,ECHIROLLES,Rhone-Alpes,38130,France,FR,45.1461816,5.6914076,+33 4 76 40 00 11,https://www.decathlon.fr/store-view/magasin-de-sports-grenoble-echirolles-0070002300023,Mo-Sa 09:00-19:30,AllThePlaces / localisateur officiel; OpenStreetMap,0070002300023;way/81099530,https://api.woosmap.com/stores?key=woos-c7283e70-7b4b-3c7d-bbfe-e65958b8769b&stores_by_page=300&page=1; https://www.openstreetmap.org/way/81099530,2026-07-11T20:29:07+00:00
DEC-00400,Decathlon,Chemin des Perdrix,EPAGNY METZ TESSY,Rhone-Alpes,74330,France,FR,45.9402741,6.0690902,+33 4 50 22 62 43,https://www.decathlon.fr/store-view/magasin-de-sports-annecy-epagny-0070005100051,Mo-Sa 09:00-19:30,AllThePlaces / localisateur officiel; OpenStreetMap,0070005100051;way/815631843,https://api.woosmap.com/stores?key=woos-c7283e70-7b4b-3c7d-bbfe-e65958b8769b&stores_by_page=300&page=1; https://www.openstreetmap.org/way/815631843,2026-07-11T20:29:07+00:00
DEC-00401,Decathlon,Avenue du Général de Gaulle,ESSÔMES-SUR-MARNE,Picardie,02400,France,FR,49.0339193,3.3795721,+33 3 23 82 31 13,https://www.decathlon.fr/store-view/magasin-de-sports-decathlon-essentiel-chateau-thierry-0070111501115,Mo-Sa 09:30-19:00,AllThePlaces / localisateur officiel; OpenStreetMap,0070111501115;node/4800342013,https://api.woosmap.com/stores?key=woos-c7283e70-7b4b-3c7d-bbfe-e65958b8769b&stores_by_page=300&page=1; https://www.openstreetmap.org/node/4800342013,2026-07-11T20:29:07+00:00
DEC-00402,Decathlon,"ZAC des Landes, 10 Avenue du Cagire",ESTANCARBON,Midi-Pyrenees,31800,France,FR,43.1176705,0.7668350,+33 5 61 95 12 97,https://www.decathlon.fr/store-view/magasin-de-sports-saint-gaudens-0070193701937,Mo-Sa 09:30-19:00,AllThePlaces / localisateur officiel; OpenStreetMap,0070193701937;way/1526389359,https://api.woosmap.com/stores?key=woos-c7283e70-7b4b-3c7d-bbfe-e65958b8769b&stores_by_page=300&page=1; https://www.openstreetmap.org/way/1526389359,2026-07-11T20:29:07+00:00
DEC-00403,Decathlon,Chemin des Coudres,EVREUX,Haute-Normandie,27000,France,FR,49.0007354,1.1571701,+33 2 32 23 71 00,https://www.decathlon.fr/store-view/magasin-de-sports-evreux-0070026700267,Mo-Sa 09:00-19:30,AllThePlaces / localisateur officiel; OpenStreetMap,0070026700267;way/82034433,https://api.woosmap.com/stores?key=woos-c7283e70-7b4b-3c7d-bbfe-e65958b8769b&stores_by_page=300&page=1; https://www.openstreetmap.org/way/82034433,2026-07-11T20:29:07+00:00
DEC-00404,Decathlon,"LE PERROLLIER, 21 RUE JEAN MARIE VIANNEY",Ecully,Rhone-Alpes,69130,France,FR,45.7902859,4.7778000,+33 4 78 33 30 00,https://www.decathlon.fr/store-view/magasin-de-sports-ecully-0070001200012,Mo-Sa 09:00-20:00,AllThePlaces / localisateur officiel; OpenStreetMap,0070001200012;way/61925515,https://api.woosmap.com/stores?key=woos-c7283e70-7b4b-3c7d-bbfe-e65958b8769b&stores_by_page=300&page=1; https://www.openstreetmap.org/way/61925515,2026-07-11T20:29:07+00:00
DEC-00405,Decathlon,Avenue de Saint Die,Epinal,Lorraine,88000,France,FR,48.1876026,6.4736328,+33 3 29 81 18 70,https://www.decathlon.fr/store-view/magasin-de-sports-epinal-0070025200252,Mo-Sa 09:00-19:30,AllThePlaces / localisateur officiel; OpenStreetMap,0070025200252;way/100800003,https://api.woosmap.com/stores?key=woos-c7283e70-7b4b-3c7d-bbfe-e65958b8769b&stores_by_page=300&page=1; https://www.openstreetmap.org/way/100800003,2026-07-11T20:29:07+00:00
DEC-00406,Decathlon,ZAC de la Masquère,Escalquens,Midi-Pyrenees,31750,France,FR,43.5180997,1.5337953,+33 5 61 36 09 60,https://www.decathlon.fr/store-view/magasin-de-sports-toulouse-escalquens-0070018800188,Mo-Fr 09:30-19:30; Sa 09:00-20:00,AllThePlaces / localisateur officiel; OpenStreetMap,0070018800188;way/66665373,https://api.woosmap.com/stores?key=woos-c7283e70-7b4b-3c7d-bbfe-e65958b8769b&stores_by_page=300&page=1; https://www.openstreetmap.org/way/66665373,2026-07-11T20:29:07+00:00
DEC-00407,Decathlon,"2 boulevard de l'Europe, centre commercial de l'agora",Evry,Ile-de-France,91000,France,FR,48.6274810,2.4277530,+33 1 86 58 05 00,https://www.decathlon.fr/store-view/magasin-de-sports-evry-2-0070236102361,Mo-Sa 10:00-20:00; Su 11:00-19:00,AllThePlaces / localisateur officiel; OpenStreetMap,0070236102361;node/10939619803,https://api.woosmap.com/stores?key=woos-c7283e70-7b4b-3c7d-bbfe-e65958b8769b&stores_by_page=300&page=2; https://www.openstreetmap.org/node/10939619803,2026-07-11T20:29:07+00:00
DEC-00408,Decathlon,Route D'Epernay - Centre commercial Leclerc,FAGNIERES,Champagne-Ardenne,51510,France,FR,48.9592680,4.3174500,+33 3 26 44 02 00,https://www.decathlon.fr/store-view/magasin-de-sports-decathlon-chalons-fagnieres-0070049600496,Mo-Sa 09:30-19:00,AllThePlaces / localisateur officiel,0070049600496,https://api.woosmap.com/stores?key=woos-c7283e70-7b4b-3c7d-bbfe-e65958b8769b&stores_by_page=300&page=1,2026-07-11T20:29:07+00:00
DEC-00409,Decathlon,ZAC Actipolis,FOUQUIERES LES BETHUNE,Nord-Pas-de-Calais,62232,France,FR,50.5143365,2.6222958,+33 3 21 65 93 00,https://www.decathlon.fr/store-view/magasin-de-sports-decathlon-fouquieres-les-bethune-0070007900079,Mo-Sa 09:30-19:30,AllThePlaces / localisateur officiel; OpenStreetMap,0070007900079;way/78121939,https://api.woosmap.com/stores?key=woos-c7283e70-7b4b-3c7d-bbfe-e65958b8769b&stores_by_page=300&page=1; https://www.openstreetmap.org/way/78121939,2026-07-11T20:29:07+00:00
DEC-00410,Decathlon,953 Bd d'alger,FREJUS,Provence-Alpes-Cote d'Azur,83600,France,FR,43.4238898,6.7559875,+33 7 62 21 78 20,https://www.decathlon.fr/store-view/magasin-de-sports-frejus-plage-0070140901409,,AllThePlaces / localisateur officiel; OpenStreetMap,0070140901409;node/6580449283,https://api.woosmap.com/stores?key=woos-c7283e70-7b4b-3c7d-bbfe-e65958b8769b&stores_by_page=300&page=1; https://www.openstreetmap.org/node/6580449283,2026-07-11T20:29:07+00:00
DEC-00411,Decathlon,Av. des Sports,Fenouillet,Midi-Pyrenees,31150,France,FR,43.6862969,1.4049436,+33 5 62 75 97 20,https://www.decathlon.fr/store-view/magasin-de-sports-decathlon-toulouse-nord-fenouillet-0070021800218,Mo-Sa 09:00-19:30,AllThePlaces / localisateur officiel; OpenStreetMap,0070021800218;way/64530102,https://api.woosmap.com/stores?key=woos-c7283e70-7b4b-3c7d-bbfe-e65958b8769b&stores_by_page=300&page=1; https://www.openstreetmap.org/way/64530102,2026-07-11T20:29:07+00:00
DEC-00412,Decathlon,ZA des grands champs,Flers,Lower Normandy,61100,France,FR,48.7261107,-0.5844618,+33 2 33 62 82 20,https://www.decathlon.fr/store-view/magasin-de-sports-flers-0070036000360,Mo-Sa 09:30-19:00,AllThePlaces / localisateur officiel; OpenStreetMap,0070036000360;node/10147166158,https://api.woosmap.com/stores?key=woos-c7283e70-7b4b-3c7d-bbfe-e65958b8769b&stores_by_page=300&page=1; https://www.openstreetmap.org/node/10147166158,2026-07-11T20:29:07+00:00
DEC-00413,Decathlon,Zone Industrielle Foix Nord,Foix,Midi-Pyrenees,09000,France,FR,43.0074677,1.6153432,+33 5 61 02 06 30,https://www.decathlon.fr/store-view/magasin-de-sports-foix-0070027900279,Mo-Sa 09:00-19:30,AllThePlaces / localisateur officiel; OpenStreetMap,0070027900279;way/63157868;node/13796131977,https://api.woosmap.com/stores?key=woos-c7283e70-7b4b-3c7d-bbfe-e65958b8769b&stores_by_page=300&page=1; https://www.openstreetmap.org/way/63157868; https://www.openstreetmap.org/node/13796131977,2026-07-11T20:29:07+00:00
DEC-00414,Decathlon,Rue Saint Guy,Forbach,Lorraine,57600,France,FR,49.1971898,6.9337150,+33 3 87 29 38 60,https://www.decathlon.fr/store-view/magasin-de-sports-forbach-0070011500115,Mo-Sa 09:00-19:00,AllThePlaces / localisateur officiel; OpenStreetMap,0070011500115;way/28085893,https://api.woosmap.com/stores?key=woos-c7283e70-7b4b-3c7d-bbfe-e65958b8769b&stores_by_page=300&page=1; https://www.openstreetmap.org/way/28085893,2026-07-11T20:29:07+00:00
DEC-00415,Decathlon,Rue du Saule Gaillard,Frouard,Lorraine,54390,France,FR,48.7479431,6.1465240,+33 3 83 54 62 24,https://www.decathlon.fr/store-view/magasin-de-sports-frouard-essentiel-0070112801128,Mo-Sa 09:30-19:00,AllThePlaces / localisateur officiel; OpenStreetMap,0070112801128;node/11267124889,https://api.woosmap.com/stores?key=woos-c7283e70-7b4b-3c7d-bbfe-e65958b8769b&stores_by_page=300&page=1; https://www.openstreetmap.org/node/11267124889,2026-07-11T20:29:07+00:00
DEC-00416,Decathlon,"ZI LA PALUD, Rue de l'Intendance, CS40140",Fréjus,Provence-Alpes-Cote d'Azur,83600,France,FR,43.4382037,6.7200363,+33 4 98 12 71 71,https://www.decathlon.fr/store-view/magasin-de-sports-frejus-0070040500405,Mo-Sa 09:00-19:30,AllThePlaces / localisateur officiel; OpenStreetMap,0070040500405;way/69779117,https://api.woosmap.com/stores?key=woos-c7283e70-7b4b-3c7d-bbfe-e65958b8769b&stores_by_page=300&page=1; https://www.openstreetmap.org/way/69779117,2026-07-11T20:29:07+00:00
DEC-00417,Decathlon,,Fublaines,Ile-de-France,,France,FR,48.9578900,2.9157300,,,,OpenStreetMap,way/221373749,https://www.openstreetmap.org/way/221373749,2026-07-11T20:29:07+00:00
DEC-00418,Decathlon,65 Avenue Emile Didier,GAP,Provence-Alpes-Cote d'Azur,05000,France,FR,44.5674188,6.0954561,+33 4 92 52 57 00,https://www.decathlon.fr/store-view/magasin-de-sports-gap-0070013600136,Mo-Sa 09:00-19:30,AllThePlaces / localisateur officiel; OpenStreetMap,0070013600136;way/90887262,https://api.woosmap.com/stores?key=woos-c7283e70-7b4b-3c7d-bbfe-e65958b8769b&stores_by_page=300&page=1; https://www.openstreetmap.org/way/90887262,2026-07-11T20:29:07+00:00
DEC-00419,Decathlon,5 Rue du Fort,GEISPOLSHEIM,Alsace,67118,France,FR,48.5254510,7.6885740,+33 3 88 65 39 00,https://www.decathlon.fr/store-view/magasin-de-sports-strasbourg-geispolsheim-0070011600116,Mo-Sa 09:00-19:30,AllThePlaces / localisateur officiel; OpenStreetMap,0070011600116;way/91274550,https://api.woosmap.com/stores?key=woos-c7283e70-7b4b-3c7d-bbfe-e65958b8769b&stores_by_page=300&page=1; https://www.openstreetmap.org/way/91274550,2026-07-11T20:29:07+00:00
DEC-00420,Decathlon,Route de Beauraing,GIVET,Champagne-Ardenne,08600,France,FR,50.1349700,4.8511740,+33 3 53 33 00 00,https://www.decathlon.fr/store-view/magasin-de-sports-decathlon-essentiel-givet-0070244202442,Mo-Sa 09:30-19:00,AllThePlaces / localisateur officiel; OpenStreetMap,0070244202442;way/964342033,https://api.woosmap.com/stores?key=woos-c7283e70-7b4b-3c7d-bbfe-e65958b8769b&stores_by_page=300&page=2; https://www.openstreetmap.org/way/964342033,2026-07-11T20:29:07+00:00
DEC-00421,Decathlon,140 avenue de petite synthe,GRANDE SYNTHE,Nord-Pas-de-Calais,59760,France,FR,51.0149580,2.3193644,+33 3 28 24 83 83,https://www.decathlon.fr/store-view/magasin-de-sports-decathlon-dunkerque-grande-synthe-0070006300063,Mo-Sa 09:30-19:00,AllThePlaces / localisateur officiel; OpenStreetMap,0070006300063;way/179833006,https://api.woosmap.com/stores?key=woos-c7283e70-7b4b-3c7d-bbfe-e65958b8769b&stores_by_page=300&page=1; https://www.openstreetmap.org/way/179833006,2026-07-11T20:29:07+00:00
DEC-00422,Decathlon,34 chemin de la Madeleine,GRASSE,Provence-Alpes-Cote d'Azur,06130,France,FR,43.6551019,6.9368483,+33 4 92 42 49 49,https://www.decathlon.fr/store-view/magasin-de-sports-decathlon-grasse-0070016300163,Mo-Sa 09:00-19:00,AllThePlaces / localisateur officiel; OpenStreetMap,0070016300163;way/67700927,https://api.woosmap.com/stores?key=woos-c7283e70-7b4b-3c7d-bbfe-e65958b8769b&stores_by_page=300&page=1; https://www.openstreetmap.org/way/67700927,2026-07-11T20:29:07+00:00
DEC-00423,Decathlon,15 Rue Marceau,GRENOBLE,Rhone-Alpes,38000,France,FR,45.1840617,5.7237036,+33 4 80 04 13 20,https://www.decathlon.fr/store-view/magasin-de-sports-grenoble-centre-ville-centre-commercial-caserne-de-bonne--0070077300773,Mo-Sa 10:00-19:30,AllThePlaces / localisateur officiel; OpenStreetMap,0070077300773;way/398056942;relation/18015561,https://api.woosmap.com/stores?key=woos-c7283e70-7b4b-3c7d-bbfe-e65958b8769b&stores_by_page=300&page=1; https://www.openstreetmap.org/way/398056942; https://www.openstreetmap.org/relation/18015561,2026-07-11T20:29:07+00:00
DEC-00424,Decathlon,46 Avenue de la République - Accès RN1 ou par la ligne H du transilien,GROSLAY,Ile-de-France,95410,France,FR,48.9832568,2.3607023,+33 1 34 05 95 95,https://www.decathlon.fr/store-view/magasin-de-sports-groslay-sarcelles-0070018600186,Mo-Sa 10:00-20:00; Su 10:00-19:00,AllThePlaces / localisateur officiel; OpenStreetMap,0070018600186;way/147489937,https://api.woosmap.com/stores?key=woos-c7283e70-7b4b-3c7d-bbfe-e65958b8769b&stores_by_page=300&page=1; https://www.openstreetmap.org/way/147489937,2026-07-11T20:29:07+00:00
DEC-00425,Decathlon,"105 rue Jakez Hélias, Les portes de Brest Guipavas",GUIPAVAS,Brittany,29490,France,FR,48.4164280,-4.4358132,+33 2 29 61 22 22,https://www.decathlon.fr/store-view/magasin-de-sports-brest-guipavas-0070003200032,Mo-Sa 09:00-19:30,AllThePlaces / localisateur officiel; OpenStreetMap,0070003200032;node/7471396022;way/42598911,https://api.woosmap.com/stores?key=woos-c7283e70-7b4b-3c7d-bbfe-e65958b8769b&stores_by_page=300&page=1; https://www.openstreetmap.org/node/7471396022; https://www.openstreetmap.org/way/42598911,2026-07-11T20:29:07+00:00
DEC-00426,Decathlon,112 av. du Général De Gaulle,Gennevilliers,Ile-de-France,92230,France,FR,48.9324224,2.3170861,+33 1 41 21 46 10,https://www.decathlon.fr/store-view/magasin-de-sports-gennevilliers-0070042600426,Mo-Sa 10:00-20:00; Su 10:00-19:00,AllThePlaces / localisateur officiel; OpenStreetMap,0070042600426;node/2885488486,https://api.woosmap.com/stores?key=woos-c7283e70-7b4b-3c7d-bbfe-e65958b8769b&stores_by_page=300&page=1; https://www.openstreetmap.org/node/2885488486,2026-07-11T20:29:07+00:00
DEC-00427,Decathlon,"1520 Avenue des matignons, route de villedieu",Granville,Lower Normandy,50400,France,FR,48.8379780,-1.5839320,+33 2 58 14 00 00,https://www.decathlon.fr/store-view/magasin-de-sports-granville-essentiel-0070244502445,Mo-Sa 10:00-19:00,AllThePlaces / localisateur officiel,0070244502445,https://api.woosmap.com/stores?key=woos-c7283e70-7b4b-3c7d-bbfe-e65958b8769b&stores_by_page=300&page=2,2026-07-11T20:29:07+00:00
DEC-00428,Decathlon,1537 b Rond-point Sanité Belair,Granville,Lower Normandy,50400,France,FR,48.8382819,-1.5640002,+33 2 58 14 00 00,https://www.decathlon.fr/store-view/magasin-de-sports-granville-essentiel-0070244502445,Mo-Sa 09:00-19:00,OpenStreetMap,node/11274073213,https://www.openstreetmap.org/node/11274073213,2026-07-11T20:29:07+00:00
DEC-00429,Decathlon,Route des Bauges,Grésy-sur-Aix,Rhone-Alpes,73100,France,FR,45.7188992,5.9232904,+33 4 79 88 19 90,https://www.decathlon.fr/store-view/magasin-de-sports-gresy-sur-aix-aix-les-bains--0070054100541,Mo-Sa 09:30-19:00,AllThePlaces / localisateur officiel; OpenStreetMap,0070054100541;node/13524287383;way/72581675,https://api.woosmap.com/stores?key=woos-c7283e70-7b4b-3c7d-bbfe-e65958b8769b&stores_by_page=300&page=1; https://www.openstreetmap.org/node/13524287383; https://www.openstreetmap.org/way/72581675,2026-07-11T20:29:07+00:00
DEC-00430,Decathlon,2 rue Georges Méliès,HAGUENAU,Alsace,67500,France,FR,48.8022500,7.8330390,+33 3 88 05 33 30,https://www.decathlon.fr/store-view/magasin-de-sports-haguenau-0070034400344,Mo-Sa 09:00-19:00,AllThePlaces / localisateur officiel; OpenStreetMap,0070034400344;way/180852751;way/23386112;way/993358730,https://api.woosmap.com/stores?key=woos-c7283e70-7b4b-3c7d-bbfe-e65958b8769b&stores_by_page=300&page=1; https://www.openstreetmap.org/way/180852751; https://www.openstreetmap.org/way/23386112; https://www.openstreetmap.org/way/993358730,2026-07-11T20:29:07+00:00
DEC-00431,Decathlon,Route de Louvroil,HAUTMONT,Nord-Pas-de-Calais,59330,France,FR,50.2570546,3.9302363,+33 3 27 39 26 06,https://www.decathlon.fr/store-view/magasin-de-sports-decathlon-maubeuge-hautmont-0070022100221,Mo-Sa 09:30-19:30,AllThePlaces / localisateur officiel; OpenStreetMap,0070022100221;way/71408480,https://api.woosmap.com/stores?key=woos-c7283e70-7b4b-3c7d-bbfe-e65958b8769b&stores_by_page=300&page=1; https://www.openstreetmap.org/way/71408480,2026-07-11T20:29:07+00:00
DEC-00432,Decathlon,"8, Rue des orangers",HENDAYE,Aquitaine,64700,France,FR,43.3684600,-1.7798060,+33 5 59 48 02 02,https://www.decathlon.fr/store-view/magasin-de-sports-hendaye-0070036500365,Mo-Fr 09:00-19:00; Sa 10:00-18:30,AllThePlaces / localisateur officiel; OpenStreetMap,0070036500365;way/72060952,https://api.woosmap.com/stores?key=woos-c7283e70-7b4b-3c7d-bbfe-e65958b8769b&stores_by_page=300&page=1; https://www.openstreetmap.org/way/72060952,2026-07-11T20:29:07+00:00
DEC-00433,Decathlon,Zone d´activités commerciales du Bord des Eaux,HENIN BEAUMONT,Nord-Pas-de-Calais,62110,France,FR,50.4072972,2.9730116,+33 3 91 83 03 40,https://www.decathlon.fr/store-view/magasin-de-sports-decathlon-henin-beaumont-0070009700097,Mo-Sa 09:30-19:30,AllThePlaces / localisateur officiel; OpenStreetMap,0070009700097;node/12211348063;node/12211349324;node/12211370656;node/12211378438;way/108560051,https://api.woosmap.com/stores?key=woos-c7283e70-7b4b-3c7d-bbfe-e65958b8769b&stores_by_page=300&page=1; https://www.openstreetmap.org/node/12211348063; https://www.openstreetmap.org/node/12211349324; https://www.openstreetmap.org/node/12211370656; https://www.openstreetmap.org/node/12211378438; https://www.openstreetmap.org/way/108560051,2026-07-11T20:29:07+00:00
DEC-00434,Decathlon,12 mail des copistes,HERBLAY,Ile-de-France,95220,France,FR,49.0001986,2.1872624,+33 1 34 50 66 50,https://www.decathlon.fr/store-view/magasin-de-sports-herblay-0070001100011,Mo-Su 09:30-20:00,AllThePlaces / localisateur officiel; OpenStreetMap,0070001100011;node/8983566443;node/8983566444;way/1503619926;way/85313961,https://api.woosmap.com/stores?key=woos-c7283e70-7b4b-3c7d-bbfe-e65958b8769b&stores_by_page=300&page=1; https://www.openstreetmap.org/node/8983566443; https://www.openstreetmap.org/node/8983566444; https://www.openstreetmap.org/way/1503619926; https://www.openstreetmap.org/way/85313961,2026-07-11T20:29:07+00:00
DEC-00435,Decathlon,Zone du Dragon,Haudainville,Lorraine,55100,France,FR,49.1427081,5.4114065,+33 3 29 84 85 00,https://www.decathlon.fr/store-view/magasin-de-sports-verdun-haudainville-0070019200192,Mo-Sa 09:00-19:00,AllThePlaces / localisateur officiel; OpenStreetMap,0070019200192;way/114225305,https://api.woosmap.com/stores?key=woos-c7283e70-7b4b-3c7d-bbfe-e65958b8769b&stores_by_page=300&page=1; https://www.openstreetmap.org/way/114225305,2026-07-11T20:29:07+00:00
DEC-00436,Decathlon,,Horgues,Midi-Pyrenees,,France,FR,43.1763797,0.0888709,,,,OpenStreetMap,node/10537949041,https://www.openstreetmap.org/node/10537949041,2026-07-11T20:29:07+00:00
DEC-00437,Decathlon,2 allée des érables,Houdemont,Lorraine,54180,France,FR,48.6425378,6.1834728,+33 3 83 59 00 00,https://www.decathlon.fr/store-view/magasin-de-sports-nancy-houdemont-0070013200132,Mo-Sa 09:00-19:30,AllThePlaces / localisateur officiel; OpenStreetMap,0070013200132;node/7342648739;node/9124737684;way/115501710,https://api.woosmap.com/stores?key=woos-c7283e70-7b4b-3c7d-bbfe-e65958b8769b&stores_by_page=300&page=1; https://www.openstreetmap.org/node/7342648739; https://www.openstreetmap.org/node/9124737684; https://www.openstreetmap.org/way/115501710,2026-07-11T20:29:07+00:00
DEC-00438,Decathlon,Zone du Tubé avenue clément Ader,Istres,Provence-Alpes-Cote d'Azur,13800,France,FR,43.5267242,4.9589848,+33 4 42 47 41 40,https://www.decathlon.fr/store-view/magasin-de-sports-istres-0070069300693,Mo-Sa 09:30-19:30,AllThePlaces / localisateur officiel; OpenStreetMap,0070069300693;way/179260570,https://api.woosmap.com/stores?key=woos-c7283e70-7b4b-3c7d-bbfe-e65958b8769b&stores_by_page=300&page=1; https://www.openstreetmap.org/way/179260570,2026-07-11T20:29:07+00:00
DEC-00439,Decathlon,102 Avenue Jean Moulin,JAUX,Picardie,60880,France,FR,49.4053543,2.7793465,+33 3 44 90 75 00,https://www.decathlon.fr/store-view/magasin-de-sports-decathlon-compiegne-jaux-0070003300033,Mo-Sa 09:30-19:30,AllThePlaces / localisateur officiel; OpenStreetMap,0070003300033;node/2598550681,https://api.woosmap.com/stores?key=woos-c7283e70-7b4b-3c7d-bbfe-e65958b8769b&stores_by_page=300&page=1; https://www.openstreetmap.org/node/2598550681,2026-07-11T20:29:07+00:00
DEC-00440,Decathlon,"Route Nationale 151, la carte",Jardres,Poitou-Charentes,86800,France,FR,46.5677993,0.6186778,+33 5 86 54 00 70,https://www.decathlon.fr/store-view/magasin-de-sports-chauvigny-jardres-0070239402394,"Mo 14:30-19:00; Tu-Sa 09:30-12:30,14:30-19:00",AllThePlaces / localisateur officiel; OpenStreetMap,0070239402394;node/9946633654,https://api.woosmap.com/stores?key=woos-c7283e70-7b4b-3c7d-bbfe-e65958b8769b&stores_by_page=300&page=2; https://www.openstreetmap.org/node/9946633654,2026-07-11T20:29:07+00:00
DEC-00441,Decathlon,"Atlantic Wake Park, 3 Allée du Banc Cantin",L'Aiguillon-sur-Mer,Pays de la Loire,85460,France,FR,46.3313186,-1.3077962,,https://www.decathlon.fr/store-view/magasin-de-sports-pop-up-atlantic-wakepark-0070219602196,Mo 12:00-18:00; Fr-Su 12:00-18:00,AllThePlaces / localisateur officiel,0070219602196,https://api.woosmap.com/stores?key=woos-c7283e70-7b4b-3c7d-bbfe-e65958b8769b&stores_by_page=300&page=2,2026-07-11T20:29:07+00:00
DEC-00442,Decathlon,ZAC du pont des rayons,L'ISLE ADAM,Ile-de-France,95290,France,FR,49.1261772,2.2476838,+33 1 34 08 18 80,https://www.decathlon.fr/store-view/magasin-de-sports-l-isle-adam-0070018700187,Mo-Sa 10:00-19:30,AllThePlaces / localisateur officiel; OpenStreetMap,0070018700187;way/72263347,https://api.woosmap.com/stores?key=woos-c7283e70-7b4b-3c7d-bbfe-e65958b8769b&stores_by_page=300&page=1; https://www.openstreetmap.org/way/72263347,2026-07-11T20:29:07+00:00
DEC-00443,Decathlon,221 route departementale residence Lauze,LA PLAGNE-TARENTAISE,Rhone-Alpes,73210,France,FR,45.5135562,6.6781850,+33 4 79 04 00 91,https://www.decathlon.fr/store-view/magasin-de-sports-la-plagne-mountain-station-0070292802928,"Mo 08:45-18:45; Tu-Th 08:45-12:30,14:30-18:45; Fr-Su 08:45-18:45",AllThePlaces / localisateur officiel; OpenStreetMap,0070292802928;way/184838591,https://api.woosmap.com/stores?key=woos-c7283e70-7b4b-3c7d-bbfe-e65958b8769b&stores_by_page=300&page=2; https://www.openstreetmap.org/way/184838591,2026-07-11T20:29:07+00:00
DEC-00444,Decathlon,1 Faubourg de Paris,LAMBRES LEZ DOUAI,Nord-Pas-de-Calais,59552,France,FR,50.3472628,3.0923433,+33 3 27 08 07 07,https://www.decathlon.fr/store-view/magasin-de-sports-decathlon-douai-lambres-lez-douai-0070023000230,Mo-Sa 09:30-19:30,AllThePlaces / localisateur officiel; OpenStreetMap,0070023000230;way/102667125,https://api.woosmap.com/stores?key=woos-c7283e70-7b4b-3c7d-bbfe-e65958b8769b&stores_by_page=300&page=1; https://www.openstreetmap.org/way/102667125,2026-07-11T20:29:07+00:00
DEC-00445,Decathlon,9046 rue d'Aiga Bera,LARUNS,Aquitaine,64440,France,FR,42.9905130,-0.4221940,+33 5 54 20 01 40,https://www.decathlon.fr/store-view/magasin-de-sports-mountain-laruns-0070253002530,"Mo 09:00-12:30,14:30-19:00; We 09:00-12:30,14:30-19:00; Sa 09:00-12:30,14:30-19:00",AllThePlaces / localisateur officiel; OpenStreetMap,0070253002530;way/284491730,https://api.woosmap.com/stores?key=woos-c7283e70-7b4b-3c7d-bbfe-e65958b8769b&stores_by_page=300&page=2; https://www.openstreetmap.org/way/284491730,2026-07-11T20:29:07+00:00
DEC-00446,Decathlon,Lieu dit Les Dames Blanches,LAVAU,Champagne-Ardenne,10150,France,FR,48.3328568,4.1033438,+33 3 25 80 02 22,https://www.decathlon.fr/store-view/magasin-de-sports-decathlon-troyes-lavau-0070008800088,Mo-Sa 09:30-19:30,AllThePlaces / localisateur officiel; OpenStreetMap,0070008800088;way/168356453,https://api.woosmap.com/stores?key=woos-c7283e70-7b4b-3c7d-bbfe-e65958b8769b&stores_by_page=300&page=1; https://www.openstreetmap.org/way/168356453,2026-07-11T20:29:07+00:00
DEC-00447,Decathlon,112 QUAI DE LA REUNION,LE HAVRE,Haute-Normandie,76600,France,FR,49.4888126,0.1329668,+33 2 77 94 12 40,https://www.decathlon.fr/store-view/magasin-de-sports-le-havre-les-docks-0070077900779,Mo-Sa 10:00-20:00; Su 10:00-19:00,AllThePlaces / localisateur officiel; OpenStreetMap,0070077900779;way/472093400,https://api.woosmap.com/stores?key=woos-c7283e70-7b4b-3c7d-bbfe-e65958b8769b&stores_by_page=300&page=1; https://www.openstreetmap.org/way/472093400,2026-07-11T20:29:07+00:00
DEC-00448,Decathlon,12-18 Rue des Pierres Précieuses,LE LAVANDOU,Provence-Alpes-Cote d'Azur,83980,France,FR,43.1368040,6.3672120,+33 7 62 36 90 47,https://www.decathlon.fr/store-view/magasin-de-sports-lavandou-popup-0070253302533,"Mo-Sa 10:00-13:00,14:30-19:00",AllThePlaces / localisateur officiel; OpenStreetMap,0070253302533;node/11511117015,https://api.woosmap.com/stores?key=woos-c7283e70-7b4b-3c7d-bbfe-e65958b8769b&stores_by_page=300&page=2; https://www.openstreetmap.org/node/11511117015,2026-07-11T20:29:07+00:00
DEC-00449,Decathlon,2 rue saint jean,LE TOUQUET PARIS PLAGE,Nord-Pas-de-Calais,62520,France,FR,50.5247152,1.5822978,+33 3 21 10 39 20,https://www.decathlon.fr/store-view/magasin-de-sports-decathlon-le-touquet-0070197101971,"Fr-Su 10:00-13:00,14:00-18:30",AllThePlaces / localisateur officiel; OpenStreetMap,0070197101971;node/6263630066,https://api.woosmap.com/stores?key=woos-c7283e70-7b4b-3c7d-bbfe-e65958b8769b&stores_by_page=300&page=2; https://www.openstreetmap.org/node/6263630066,2026-07-11T20:29:07+00:00
DEC-00450,Decathlon,"BP 36, 73440 Les Belleville",LES MENUIRES,Rhone-Alpes,73440,France,FR,45.3129745,6.5418197,+33 4 79 08 35 81,https://www.decathlon.fr/store-view/magasin-de-sports-les-menuires-mountain-0070319103191,Mo-Su 08:30-19:30,AllThePlaces / localisateur officiel,0070319103191,https://api.woosmap.com/stores?key=woos-c7283e70-7b4b-3c7d-bbfe-e65958b8769b&stores_by_page=300&page=2,2026-07-11T20:29:07+00:00
DEC-00451,Decathlon,"176 boulevard de l Europe, C.C Quartier Libre",LESCAR,Aquitaine,64230,France,FR,43.3175868,-0.4341858,+33 5 59 92 85 00,https://www.decathlon.fr/store-view/magasin-de-sports-pau-lescar-0070002700027,Mo-Sa 09:00-20:00,AllThePlaces / localisateur officiel; OpenStreetMap,0070002700027;node/4117101650;way/48804411,https://api.woosmap.com/stores?key=woos-c7283e70-7b4b-3c7d-bbfe-e65958b8769b&stores_by_page=300&page=1; https://www.openstreetmap.org/node/4117101650; https://www.openstreetmap.org/way/48804411,2026-07-11T20:29:07+00:00
DEC-00452,Decathlon,57 avenue Georges Pompidou,LIBOURNE,Aquitaine,33500,France,FR,44.9330390,-0.2389720,+33 5 54 20 01 00,https://www.decathlon.fr/store-view/magasin-de-sports-libourne-0070212902129,Mo-Sa 09:30-19:00,AllThePlaces / localisateur officiel; OpenStreetMap,0070212902129;node/7108668547,https://api.woosmap.com/stores?key=woos-c7283e70-7b4b-3c7d-bbfe-e65958b8769b&stores_by_page=300&page=2; https://www.openstreetmap.org/node/7108668547,2026-07-11T20:29:07+00:00
DEC-00453,Decathlon,4 rue du Professeur Langevin.,LILLE,Nord-Pas-de-Calais,59000,France,FR,50.6173641,3.0844784,+33 3 20 19 80 80,https://www.decathlon.fr/store-view/magasin-de-sports-btwin-village-decathlon-cycle-lille-0070064800648,Mo-Sa 10:00-19:30,AllThePlaces / localisateur officiel; OpenStreetMap,0070064800648;way/110764986;node/5208082237;node/13912586399,https://api.woosmap.com/stores?key=woos-c7283e70-7b4b-3c7d-bbfe-e65958b8769b&stores_by_page=300&page=1; https://www.openstreetmap.org/way/110764986; https://www.openstreetmap.org/node/5208082237; https://www.openstreetmap.org/node/13912586399,2026-07-11T20:29:07+00:00
DEC-00454,Decathlon,31 rue de Béthune,LILLE,Nord-Pas-de-Calais,59000,France,FR,50.6344280,3.0639403,+33 3 20 12 12 75,https://www.decathlon.fr/store-view/magasin-de-sports-decathlon-city-lille-le-31-0070050400504,Mo-Sa 10:00-19:30,AllThePlaces / localisateur officiel; OpenStreetMap,0070050400504;node/8849319879,https://api.woosmap.com/stores?key=woos-c7283e70-7b4b-3c7d-bbfe-e65958b8769b&stores_by_page=300&page=1; https://www.openstreetmap.org/node/8849319879,2026-07-11T20:29:07+00:00
DEC-00455,Decathlon,"Rue Pasteur, LMS",LOMPRET,Nord-Pas-de-Calais,59840,France,FR,50.6554890,3.0033720,+33 3 62 14 87 20,https://www.decathlon.fr/store-view/magasin-de-sports-atelier-regional-nord-0070042500425,Mo-Fr 07:00-19:30; Sa 09:00-19:00,AllThePlaces / localisateur officiel; OpenStreetMap,0070042500425;node/7706889885,https://api.woosmap.com/stores?key=woos-c7283e70-7b4b-3c7d-bbfe-e65958b8769b&stores_by_page=300&page=1; https://www.openstreetmap.org/node/7706889885,2026-07-11T20:29:07+00:00
DEC-00456,Decathlon,ZAC des frais fonds,LONGUENESSE,Nord-Pas-de-Calais,62219,France,FR,50.7343676,2.2723903,+33 3 21 12 28 98,https://www.decathlon.fr/store-view/magasin-de-sports-decathlon-saint-omer-longuenesse-0070024900249,Mo-Sa 09:30-19:00,AllThePlaces / localisateur officiel; OpenStreetMap,0070024900249;way/167203312,https://api.woosmap.com/stores?key=woos-c7283e70-7b4b-3c7d-bbfe-e65958b8769b&stores_by_page=300&page=1; https://www.openstreetmap.org/way/167203312,2026-07-11T20:29:07+00:00
DEC-00457,Decathlon,3 rue président Carnot,LYON,Rhone-Alpes,69002,France,FR,45.7627330,4.8376370,+33 4 87 34 01 46,https://www.decathlon.fr/store-view/magasin-de-sports-lyon-grolee-carnot-city-0070199401994,Mo-Sa 10:00-19:30,AllThePlaces / localisateur officiel; OpenStreetMap,0070199401994;node/6939728973,https://api.woosmap.com/stores?key=woos-c7283e70-7b4b-3c7d-bbfe-e65958b8769b&stores_by_page=300&page=2; https://www.openstreetmap.org/node/6939728973,2026-07-11T20:29:07+00:00
DEC-00458,Decathlon,78 Avenue des Fréres Renault,La Chapelle Saint Aubin,Pays de la Loire,72650,France,FR,48.0417948,0.1717443,+33 2 43 77 08 08,https://www.decathlon.fr/store-view/magasin-de-sports-le-mans-nord-la-chapelle-saint-aubin-0070008400084,Mo-Sa 09:30-19:30,AllThePlaces / localisateur officiel; OpenStreetMap,0070008400084;node/10744252557;way/146830166,https://api.woosmap.com/stores?key=woos-c7283e70-7b4b-3c7d-bbfe-e65958b8769b&stores_by_page=300&page=1; https://www.openstreetmap.org/node/10744252557; https://www.openstreetmap.org/way/146830166,2026-07-11T20:29:07+00:00
DEC-00459,Decathlon,Centre Commercial Chante Merle 2,La Couronne,Poitou-Charentes,16400,France,FR,45.6251724,0.1119387,+33 5 45 67 70 70,https://www.decathlon.fr/store-view/magasin-de-sports-angouleme-la-couronne-0070006400064,Mo-Sa 09:00-19:30,AllThePlaces / localisateur officiel; OpenStreetMap,0070006400064;way/39374933,https://api.woosmap.com/stores?key=woos-c7283e70-7b4b-3c7d-bbfe-e65958b8769b&stores_by_page=300&page=1; https://www.openstreetmap.org/way/39374933,2026-07-11T20:29:07+00:00
DEC-00460,Decathlon,636 avenue de Draguignan,La Garde,Provence-Alpes-Cote d'Azur,83130,France,FR,43.1391379,6.0326845,+33 4 94 14 79 50,https://www.decathlon.fr/store-view/magasin-de-sports-toulon-la-garde-0070000500005,Mo-Fr 09:00-19:30; Sa 09:00-20:00,AllThePlaces / localisateur officiel; OpenStreetMap,0070000500005;node/13623761363,https://api.woosmap.com/stores?key=woos-c7283e70-7b4b-3c7d-bbfe-e65958b8769b&stores_by_page=300&page=1; https://www.openstreetmap.org/node/13623761363,2026-07-11T20:29:07+00:00
DEC-00461,Decathlon,"Z.A, Les Mandeliers",La Guérinière,Pays de la Loire,85680,France,FR,46.9744268,-2.2422437,+33 2 79 64 01 85,https://www.decathlon.fr/store-view/magasin-de-sports-noirmoutier-contact-0070188201882,"Mo-Sa 09:30-12:30,14:30-18:30",AllThePlaces / localisateur officiel; OpenStreetMap,0070188201882;node/9024663552,https://api.woosmap.com/stores?key=woos-c7283e70-7b4b-3c7d-bbfe-e65958b8769b&stores_by_page=300&page=1; https://www.openstreetmap.org/node/9024663552,2026-07-11T20:29:07+00:00
DEC-00462,Decathlon,15 avenue Yitzhak Rabin,La Roche sur Yon,Pays de la Loire,85000,France,FR,46.6917060,-1.4309810,+33 2 51 47 87 88,https://www.decathlon.fr/store-view/magasin-de-sports-la-roche-sur-yon-0070016700167,Mo-Sa 09:00-20:00,AllThePlaces / localisateur officiel; OpenStreetMap,0070016700167;way/507033494;way/771877918,https://api.woosmap.com/stores?key=woos-c7283e70-7b4b-3c7d-bbfe-e65958b8769b&stores_by_page=300&page=1; https://www.openstreetmap.org/way/507033494; https://www.openstreetmap.org/way/771877918,2026-07-11T20:29:07+00:00
DEC-00463,Decathlon,2 Avenue de la Capitainerie,La Rochelle,Poitou-Charentes,17000,France,FR,46.1434913,-1.1657782,+33 5 46 30 18 81,https://www.decathlon.fr/store-view/magasin-de-sports-sailing-lab-retrait-colis-0070272102721,Tu-Fr 14:00-18:30,AllThePlaces / localisateur officiel; OpenStreetMap,0070272102721;way/957148228,https://api.woosmap.com/stores?key=woos-c7283e70-7b4b-3c7d-bbfe-e65958b8769b&stores_by_page=300&page=2; https://www.openstreetmap.org/way/957148228,2026-07-11T20:29:07+00:00
DEC-00464,Decathlon,1 rue Georges Charpak,La Teste de Buch,Aquitaine,33260,France,FR,44.6170213,-1.1282155,+33 5 57 52 73 63,https://www.decathlon.fr/store-view/magasin-de-sports-la-teste-de-buch-0070018300183,Mo-Sa 09:30-19:00,AllThePlaces / localisateur officiel; OpenStreetMap,0070018300183;node/3796638857,https://api.woosmap.com/stores?key=woos-c7283e70-7b4b-3c7d-bbfe-e65958b8769b&stores_by_page=300&page=1; https://www.openstreetmap.org/node/3796638857,2026-07-11T20:29:07+00:00
DEC-00465,Decathlon,"5, Avenue du Grand Sablon",La Tronche,Rhone-Alpes,38700,France,FR,45.1975469,5.7503715,+33 4 76 03 44 00,https://www.decathlon.fr/store-view/magasin-de-sports-grenoble-la-tronche-0070003000030,Mo-Sa 09:00-20:00,AllThePlaces / localisateur officiel; OpenStreetMap,0070003000030;node/12532048366;way/150133809,https://api.woosmap.com/stores?key=woos-c7283e70-7b4b-3c7d-bbfe-e65958b8769b&stores_by_page=300&page=1; https://www.openstreetmap.org/node/12532048366; https://www.openstreetmap.org/way/150133809,2026-07-11T20:29:07+00:00
DEC-00466,Decathlon,"Rue Lucien Vidie, ZA du Cruguil",Lannion,Brittany,22300,France,FR,48.7617620,-3.4490100,+33 2 96 48 50 52,https://www.decathlon.fr/store-view/magasin-de-sports-lannion-0070023300233,Mo-Sa 09:30-19:00,AllThePlaces / localisateur officiel; OpenStreetMap,0070023300233;way/177624719,https://api.woosmap.com/stores?key=woos-c7283e70-7b4b-3c7d-bbfe-e65958b8769b&stores_by_page=300&page=1; https://www.openstreetmap.org/way/177624719,2026-07-11T20:29:07+00:00
DEC-00467,Decathlon,CENTRE COMMERCIAL PARLY 2,Le Chesnay,Ile-de-France,78150,France,FR,48.8266003,2.1155912,+33 1 39 23 10 40,https://www.decathlon.fr/store-view/magasin-de-sports-parly-2-versailles-le-chesnay-0070028900289,Mo-Sa 10:00-20:30; Su 11:00-19:00,AllThePlaces / localisateur officiel; OpenStreetMap,0070028900289;node/3796958360,https://api.woosmap.com/stores?key=woos-c7283e70-7b4b-3c7d-bbfe-e65958b8769b&stores_by_page=300&page=1; https://www.openstreetmap.org/node/3796958360,2026-07-11T20:29:07+00:00
DEC-00468,Decathlon,182 Avenue Maréchal Leclerc,Le Pontet,Provence-Alpes-Cote d'Azur,84130,France,FR,43.9726363,4.8634242,+33 4 90 03 04 84,https://www.decathlon.fr/store-view/magasin-de-sports-avignon-nord-le-pontet-0070001900019,Mo-Sa 09:00-20:00,AllThePlaces / localisateur officiel; OpenStreetMap,0070001900019;way/96506556,https://api.woosmap.com/stores?key=woos-c7283e70-7b4b-3c7d-bbfe-e65958b8769b&stores_by_page=300&page=1; https://www.openstreetmap.org/way/96506556,2026-07-11T20:29:07+00:00
DEC-00469,Decathlon,ZAC EST des Portes Occitanes,Le Puy en Velay,Auvergne,43000,France,FR,45.0240433,3.8833760,+33 4 71 06 06 00,https://www.decathlon.fr/store-view/magasin-de-sports-le-puy-en-velay-0070034500345,Mo-Sa 09:00-19:30,AllThePlaces / localisateur officiel; OpenStreetMap,0070034500345;way/86364963,https://api.woosmap.com/stores?key=woos-c7283e70-7b4b-3c7d-bbfe-e65958b8769b&stores_by_page=300&page=1; https://www.openstreetmap.org/way/86364963,2026-07-11T20:29:07+00:00
DEC-00470,Decathlon,1 De Melaudie ZAC de la Baute,Le Sequestre,Midi-Pyrenees,81990,France,FR,43.9159597,2.1107253,+33 5 63 36 29 67,https://www.decathlon.fr/store-view/magasin-de-sports-albi-0070064000640,Mo-Sa 09:00-19:30,AllThePlaces / localisateur officiel; OpenStreetMap,0070064000640;way/68193992,https://api.woosmap.com/stores?key=woos-c7283e70-7b4b-3c7d-bbfe-e65958b8769b&stores_by_page=300&page=1; https://www.openstreetmap.org/way/68193992,2026-07-11T20:29:07+00:00
DEC-00471,Decathlon,Rue de la Rochelle,Lempdes,Auvergne,63370,France,FR,45.7814210,3.2009182,+33 4 73 61 56 14,https://www.decathlon.fr/store-view/magasin-de-sports-lempdes-essentiel-0070112901129,Mo-Sa 09:00-19:30,AllThePlaces / localisateur officiel; OpenStreetMap,0070112901129;node/3254355038,https://api.woosmap.com/stores?key=woos-c7283e70-7b4b-3c7d-bbfe-e65958b8769b&stores_by_page=300&page=1; https://www.openstreetmap.org/node/3254355038,2026-07-11T20:29:07+00:00
DEC-00472,Decathlon,108 Avenue de la Muzelle,Les Deux Alpes,Rhone-Alpes,38860,France,FR,45.0070026,6.1217921,+33 4 76 80 50 84,https://www.decathlon.fr/store-view/magasin-de-sports-les-deux-alpes-mountain-0070293302933,Mo-Su 08:30-19:30,AllThePlaces / localisateur officiel,0070293302933,https://api.woosmap.com/stores?key=woos-c7283e70-7b4b-3c7d-bbfe-e65958b8769b&stores_by_page=300&page=2,2026-07-11T20:29:07+00:00
DEC-00473,Decathlon,ZAC de la Tibourgère,Les Herbiers,Pays de la Loire,85500,France,FR,46.8783290,-1.0161197,+33 2 51 61 06 10,https://www.decathlon.fr/store-view/magasin-de-sports-les-herbiers-0070046100461,"Mo-Fr 09:30-12:30,14:00-19:00; Sa 09:30-19:00",AllThePlaces / localisateur officiel; OpenStreetMap,0070046100461;way/76516843,https://api.woosmap.com/stores?key=woos-c7283e70-7b4b-3c7d-bbfe-e65958b8769b&stores_by_page=300&page=1; https://www.openstreetmap.org/way/76516843,2026-07-11T20:29:07+00:00
DEC-00474,Decathlon,ZAC du Moulin Marcille.,Les Ponts de Cé,Pays de la Loire,49130,France,FR,47.4327602,-0.4990166,+33 2 41 25 52 80,https://www.decathlon.fr/store-view/magasin-de-sports-angers-les-ponts-de-ce-0070055300553,"Mo 08:00-12:00,14:00-18:00; Tu-Su 08:00-18:00",AllThePlaces / localisateur officiel; OpenStreetMap,0070055300553;way/134602944,https://api.woosmap.com/stores?key=woos-c7283e70-7b4b-3c7d-bbfe-e65958b8769b&stores_by_page=300&page=1; https://www.openstreetmap.org/way/134602944,2026-07-11T20:29:07+00:00
DEC-00475,Decathlon,,Les Sorinieres,Pays de la Loire,,France,FR,47.1624454,-1.5420847,,,,OpenStreetMap,node/8413353966,https://www.openstreetmap.org/node/8413353966,2026-07-11T20:29:07+00:00
DEC-00476,Decathlon,0 Simastock Libercourt,Libercourt,Nord-Pas-de-Calais,62820,France,FR,50.4748437,2.9843978,,https://www.decathlon.fr/store-view/magasin-de-sports-simastock-0070342803428,,AllThePlaces / localisateur officiel,0070342803428,https://api.woosmap.com/stores?key=woos-c7283e70-7b4b-3c7d-bbfe-e65958b8769b&stores_by_page=300&page=2,2026-07-11T20:29:07+00:00
DEC-00477,Decathlon,3 rue Amédée Gordini,Limoges,Limousin,87280,France,FR,45.8923808,1.2778869,+33 5 55 35 10 36,https://www.decathlon.fr/store-view/magasin-de-sports-limoges-0070003500035,Mo-Sa 09:00-19:30,AllThePlaces / localisateur officiel; OpenStreetMap,0070003500035;way/70180280,https://api.woosmap.com/stores?key=woos-c7283e70-7b4b-3c7d-bbfe-e65958b8769b&stores_by_page=300&page=1; https://www.openstreetmap.org/way/70180280,2026-07-11T20:29:07+00:00
DEC-00478,Decathlon,Chemin des Tuileries,Limonest,Rhone-Alpes,69760,France,FR,45.8223626,4.7677408,+33 4 78 66 31 00,https://www.decathlon.fr/store-view/magasin-de-sports-limonest-0070013100131,Mo-Sa 09:00-19:30,AllThePlaces / localisateur officiel; OpenStreetMap,0070013100131;way/40905957,https://api.woosmap.com/stores?key=woos-c7283e70-7b4b-3c7d-bbfe-e65958b8769b&stores_by_page=300&page=1; https://www.openstreetmap.org/way/40905957,2026-07-11T20:29:07+00:00
DEC-00479,Decathlon,Pôle d'activités de la galoterie,Lisieux,Lower Normandy,14100,France,FR,49.1441414,0.2792869,+33 2 31 48 60 40,https://www.decathlon.fr/store-view/magasin-de-sports-lisieux-0070015000150,Mo-Sa 09:30-19:30,AllThePlaces / localisateur officiel; OpenStreetMap,0070015000150;way/130329614,https://api.woosmap.com/stores?key=woos-c7283e70-7b4b-3c7d-bbfe-e65958b8769b&stores_by_page=300&page=1; https://www.openstreetmap.org/way/130329614,2026-07-11T20:29:07+00:00
DEC-00480,Decathlon,Rue du Colonel Le Barillec,Lorient,Brittany,56100,France,FR,47.7645630,-3.4008910,+33 2 97 87 87 00,https://www.decathlon.fr/store-view/magasin-de-sports-lorient-0070021600216,Mo-Sa 09:00-19:30,AllThePlaces / localisateur officiel; OpenStreetMap,0070021600216;way/1043719537,https://api.woosmap.com/stores?key=woos-c7283e70-7b4b-3c7d-bbfe-e65958b8769b&stores_by_page=300&page=1; https://www.openstreetmap.org/way/1043719537,2026-07-11T20:29:07+00:00
DEC-00481,Decathlon,"Centre Commercial Part-Dieu, 17 rue du docteur Bouchut",Lyon,Rhone-Alpes,69003,France,FR,45.7626587,4.8556142,+33 4 78 14 57 70,https://www.decathlon.fr/store-view/magasin-de-sports-lyon-la-part-dieu-0070028800288,Mo-Sa 09:30-20:00,AllThePlaces / localisateur officiel; OpenStreetMap,0070028800288;node/2577977514,https://api.woosmap.com/stores?key=woos-c7283e70-7b4b-3c7d-bbfe-e65958b8769b&stores_by_page=300&page=1; https://www.openstreetmap.org/node/2577977514,2026-07-11T20:29:07+00:00
DEC-00482,Decathlon,Avenue du Marechal Lyautey,MANDELIEU LA NAPOULE,Provence-Alpes-Cote d'Azur,06210,France,FR,43.5537517,6.9470675,+33 4 93 90 25 08,https://www.decathlon.fr/store-view/magasin-de-sports-decathlon-cannes-mandelieu-0070003700037,Mo-Sa 09:00-19:30,AllThePlaces / localisateur officiel; OpenStreetMap,0070003700037;way/28504257,https://api.woosmap.com/stores?key=woos-c7283e70-7b4b-3c7d-bbfe-e65958b8769b&stores_by_page=300&page=1; https://www.openstreetmap.org/way/28504257,2026-07-11T20:29:07+00:00
DEC-00483,Decathlon,0 Allée Nicéphore Niépce,MANOSQUE,Provence-Alpes-Cote d'Azur,04100,France,FR,43.8192000,5.7986700,+33 4 92 52 11 14,https://www.decathlon.fr/store-view/magasin-de-sports-manosque-0070240402404,Mo-Sa 09:30-19:00,AllThePlaces / localisateur officiel; OpenStreetMap,0070240402404;way/626943411,https://api.woosmap.com/stores?key=woos-c7283e70-7b4b-3c7d-bbfe-e65958b8769b&stores_by_page=300&page=2; https://www.openstreetmap.org/way/626943411,2026-07-11T20:29:07+00:00
DEC-00484,Decathlon,202 chemin Poivré,MARCQ EN BAROEUL,Nord-Pas-de-Calais,59700,France,FR,50.6879000,3.1035000,+33 3 28 33 49 90,https://www.decathlon.fr/store-view/magasin-de-sports-marcq-en-baroeul-inesis-golf-park-0070043700437,Mo-Fr 10:00-19:00; Sa 10:00-18:30,AllThePlaces / localisateur officiel,0070043700437,https://api.woosmap.com/stores?key=woos-c7283e70-7b4b-3c7d-bbfe-e65958b8769b&stores_by_page=300&page=1,2026-07-11T20:29:07+00:00
DEC-00485,Decathlon,"Z.A. du Moustié, route des Landes",MARMANDE,Aquitaine,47200,France,FR,44.5146260,0.1233999,+33 5 53 64 82 50,https://www.decathlon.fr/store-view/magasin-de-sports-marmande-0070032500325,Mo-Sa 09:00-19:00,AllThePlaces / localisateur officiel,0070032500325,https://api.woosmap.com/stores?key=woos-c7283e70-7b4b-3c7d-bbfe-e65958b8769b&stores_by_page=300&page=1,2026-07-11T20:29:07+00:00
DEC-00486,Decathlon,Zone commercial Carrefour,MARZY,Bourgogne,58180,France,FR,46.9960660,3.1089834,+33 3 86 71 65 70,https://www.decathlon.fr/store-view/magasin-de-sports-nevers-marzy-0070019300193,Mo-Sa 09:00-19:30,AllThePlaces / localisateur officiel; OpenStreetMap,0070019300193;way/421640790,https://api.woosmap.com/stores?key=woos-c7283e70-7b4b-3c7d-bbfe-e65958b8769b&stores_by_page=300&page=1; https://www.openstreetmap.org/way/421640790,2026-07-11T20:29:07+00:00
DEC-00487,Decathlon,2 Rue de la Lujerneta,MONACO,Commune de Monaco,98000,France,FR,43.7299660,7.4160829,+377 92 05 01 50,https://www.decathlon.fr/store-view/magasin-de-sports-decathlon-monaco-0070009900099,Mo-Sa 09:30-19:30,AllThePlaces / localisateur officiel; OpenStreetMap,0070009900099;node/1639759014,https://api.woosmap.com/stores?key=woos-c7283e70-7b4b-3c7d-bbfe-e65958b8769b&stores_by_page=300&page=1; https://www.openstreetmap.org/node/1639759014,2026-07-11T20:29:07+00:00
DEC-00488,Decathlon,500 Avenue du Pech,MONTBARTIER,Midi-Pyrenees,82700,France,FR,43.9120936,1.3073792,+33 5 34 27 30 80,https://www.decathlon.fr/store-view/magasin-de-sports-entrepot-decathlon-montbartier-retrait-colis-0070268502685,Mo-Fr 06:30-19:30; Sa 06:30-18:30,AllThePlaces / localisateur officiel,0070268502685,https://api.woosmap.com/stores?key=woos-c7283e70-7b4b-3c7d-bbfe-e65958b8769b&stores_by_page=300&page=2,2026-07-11T20:29:07+00:00
DEC-00489,Decathlon,1072 Avenue Georges Méliès,MONTPELLIER,Languedoc-Roussillon,34000,France,FR,43.6057184,3.9231994,+33 4 99 53 24 24,https://www.decathlon.fr/store-view/magasin-de-sports-montpellier-odysseum-0070001700017,Mo-Sa 09:00-20:00,AllThePlaces / localisateur officiel; OpenStreetMap,0070001700017;node/12842228947;node/12842228948;way/29376548,https://api.woosmap.com/stores?key=woos-c7283e70-7b4b-3c7d-bbfe-e65958b8769b&stores_by_page=300&page=1; https://www.openstreetmap.org/node/12842228947; https://www.openstreetmap.org/node/12842228948; https://www.openstreetmap.org/way/29376548,2026-07-11T20:29:07+00:00
DEC-00490,Decathlon,ROUTE DE MARSEILLE - ZAC DES PORTES DE PROVENCE,MONTÉLIMAR,Rhone-Alpes,26200,France,FR,44.5263575,4.7447395,+33 4 75 53 19 90,https://www.decathlon.fr/store-view/magasin-de-sports-montelimar-0070052200522,Mo-Sa 09:00-19:30,AllThePlaces / localisateur officiel; OpenStreetMap,0070052200522;node/13136361411,https://api.woosmap.com/stores?key=woos-c7283e70-7b4b-3c7d-bbfe-e65958b8769b&stores_by_page=300&page=1; https://www.openstreetmap.org/node/13136361411,2026-07-11T20:29:07+00:00
DEC-00491,Decathlon,Rue des Buttes,Mably,Rhone-Alpes,42300,France,FR,46.0634573,4.0586691,+33 4 77 23 26 80,https://www.decathlon.fr/store-view/magasin-de-sports-roanne-mably-0070021000210,Mo-Sa 09:00-19:30,AllThePlaces / localisateur officiel; OpenStreetMap,0070021000210;way/95055929,https://api.woosmap.com/stores?key=woos-c7283e70-7b4b-3c7d-bbfe-e65958b8769b&stores_by_page=300&page=1; https://www.openstreetmap.org/way/95055929,2026-07-11T20:29:07+00:00
DEC-00492,Decathlon,2 Rue Jean Rostand,Mainvilliers,Centre,28300,France,FR,48.4477756,1.4504550,+33 2 37 84 06 84,https://www.decathlon.fr/store-view/magasin-de-sports-chartres-mainvilliers-0070019100191,Mo-Sa 09:00-19:30,AllThePlaces / localisateur officiel; OpenStreetMap,0070019100191;node/11799873661;node/11799873662;node/11799873663;node/11799873664;node/11799873665;way/66690191,https://api.woosmap.com/stores?key=woos-c7283e70-7b4b-3c7d-bbfe-e65958b8769b&stores_by_page=300&page=1; https://www.openstreetmap.org/node/11799873661; https://www.openstreetmap.org/node/11799873662; https://www.openstreetmap.org/node/11799873663; https://www.openstreetmap.org/node/11799873664; https://www.openstreetmap.org/node/11799873665; https://www.openstreetmap.org/way/66690191,2026-07-11T20:29:07+00:00
DEC-00493,Decathlon,1 rue du Pavé Stratégique,Marcq en Baroeul,Nord-Pas-de-Calais,59700,France,FR,50.6854000,3.0895000,+33 3 62 72 27 00,https://www.decathlon.fr/store-view/magasin-de-sports-fitness-store-0070051800518,Mo-Sa 09:30-19:30,AllThePlaces / localisateur officiel,0070051800518,https://api.woosmap.com/stores?key=woos-c7283e70-7b4b-3c7d-bbfe-e65958b8769b&stores_by_page=300&page=1,2026-07-11T20:29:07+00:00
DEC-00494,Decathlon,18 Avenue Hubert Ruffe,Marmande,Aquitaine,47200,France,FR,44.4919150,0.1761315,,,,OpenStreetMap,way/155588766,https://www.openstreetmap.org/way/155588766,2026-07-11T20:29:07+00:00
DEC-00495,Decathlon,Chemin du Roy d Espagne,Marseille,Provence-Alpes-Cote d'Azur,13009,France,FR,43.2397443,5.3966941,+33 4 91 16 52 40,https://www.decathlon.fr/store-view/magasin-de-sports-marseille-bonneveine-0070009300093,Mo-Sa 09:00-19:30,AllThePlaces / localisateur officiel; OpenStreetMap,0070009300093;way/153535990,https://api.woosmap.com/stores?key=woos-c7283e70-7b4b-3c7d-bbfe-e65958b8769b&stores_by_page=300&page=1; https://www.openstreetmap.org/way/153535990,2026-07-11T20:29:07+00:00
DEC-00496,Decathlon,7 Avenue Saint Menet,Marseille,Provence-Alpes-Cote d'Azur,13011,France,FR,43.2910360,5.4825440,+33 4 13 42 34 00,https://www.decathlon.fr/store-view/magasin-de-sports-marseille-la-valentine-0070160801608,Mo-Sa 09:00-19:30,AllThePlaces / localisateur officiel; OpenStreetMap,0070160801608;way/491899564,https://api.woosmap.com/stores?key=woos-c7283e70-7b4b-3c7d-bbfe-e65958b8769b&stores_by_page=300&page=1; https://www.openstreetmap.org/way/491899564,2026-07-11T20:29:07+00:00
DEC-00497,Decathlon,"Les Terrasses du Port, 9 Quai du Lazaret, Lot 50117",Marseille,Provence-Alpes-Cote d'Azur,13002,France,FR,43.3077546,5.3652679,+33 4 13 42 08 80,https://www.decathlon.fr/store-view/magasin-de-sports-marseille-terrasses-du-port-0070084600846,Mo-Su 10:00-20:00,AllThePlaces / localisateur officiel; OpenStreetMap,0070084600846;node/3762543157,https://api.woosmap.com/stores?key=woos-c7283e70-7b4b-3c7d-bbfe-e65958b8769b&stores_by_page=300&page=1; https://www.openstreetmap.org/node/3762543157,2026-07-11T20:29:07+00:00
DEC-00498,Decathlon,Zone d Activites Commerciales de figuerolles,Martigues,Provence-Alpes-Cote d'Azur,13500,France,FR,43.4309955,5.0479291,+33 4 42 41 32 32,https://www.decathlon.fr/store-view/magasin-de-sports-martigues-0070023700237,Mo-Sa 09:30-19:00,AllThePlaces / localisateur officiel; OpenStreetMap,0070023700237;way/99122281,https://api.woosmap.com/stores?key=woos-c7283e70-7b4b-3c7d-bbfe-e65958b8769b&stores_by_page=300&page=1; https://www.openstreetmap.org/way/99122281,2026-07-11T20:29:07+00:00
DEC-00499,Decathlon,"5, rue Hipparque",Merignac,Aquitaine,33700,France,FR,44.8299457,-0.6806302,+33 5 56 47 66 47,https://www.decathlon.fr/store-view/magasin-de-sports-bordeaux-merignac-0070003900039,Mo-Sa 09:00-20:00,AllThePlaces / localisateur officiel; OpenStreetMap,0070003900039;way/177118071,https://api.woosmap.com/stores?key=woos-c7283e70-7b4b-3c7d-bbfe-e65958b8769b&stores_by_page=300&page=1; https://www.openstreetmap.org/way/177118071,2026-07-11T20:29:07+00:00
DEC-00500,Decathlon,Les Carandes,Mondeville,Lower Normandy,14120,France,FR,49.1549359,-0.2874412,+33 2 31 35 46 46,https://www.decathlon.fr/store-view/magasin-de-sports-caen-mondeville-0070012900129,Mo-Sa 09:00-20:00,AllThePlaces / localisateur officiel; OpenStreetMap,0070012900129;way/119357707;way/1116488364,https://api.woosmap.com/stores?key=woos-c7283e70-7b4b-3c7d-bbfe-e65958b8769b&stores_by_page=300&page=1; https://www.openstreetmap.org/way/119357707; https://www.openstreetmap.org/way/1116488364,2026-07-11T20:29:07+00:00
DEC-00501,Decathlon,,Mons-en-Baroeul,Nord-Pas-de-Calais,,France,FR,50.6418537,3.1382300,,,,OpenStreetMap,node/5635187164,https://www.openstreetmap.org/node/5635187164,2026-07-11T20:29:07+00:00
DEC-00502,Decathlon,ZAC du Parc International des 3 Frontières (Pôle Européen),Mont Saint Martin,Lorraine,54350,France,FR,49.5446884,5.8060787,+33 3 82 44 88 10,https://www.decathlon.fr/store-view/magasin-de-sports-longwy-mont-saint-martin-0070048300483,Mo-Sa 09:00-19:00,AllThePlaces / localisateur officiel; OpenStreetMap,0070048300483;way/240762959,https://api.woosmap.com/stores?key=woos-c7283e70-7b4b-3c7d-bbfe-e65958b8769b&stores_by_page=300&page=1; https://www.openstreetmap.org/way/240762959,2026-07-11T20:29:07+00:00
DEC-00503,Decathlon,"Avenue d´Irlande, ZAC ALBASUD",Montauban,Midi-Pyrenees,82000,France,FR,43.9846501,1.3334749,+33 5 63 91 84 00,https://www.decathlon.fr/store-view/magasin-de-sports-montauban-0070012700127,Mo-Sa 09:00-19:30,AllThePlaces / localisateur officiel; OpenStreetMap,0070012700127;node/10048728184;node/11199629606;way/127771183,https://api.woosmap.com/stores?key=woos-c7283e70-7b4b-3c7d-bbfe-e65958b8769b&stores_by_page=300&page=1; https://www.openstreetmap.org/node/10048728184; https://www.openstreetmap.org/node/11199629606; https://www.openstreetmap.org/way/127771183,2026-07-11T20:29:07+00:00
DEC-00504,Decathlon,ZAC du Pied des Gouttes,Montbeliard,Franche-Comte,25200,France,FR,47.5020313,6.8118606,+33 3 81 98 15 16,https://www.decathlon.fr/store-view/magasin-de-sports-montbeliard-0070023100231,"Mo 08:00-12:00,14:00-18:00; Tu-Su 08:00-18:00",AllThePlaces / localisateur officiel; OpenStreetMap,0070023100231;way/65444118,https://api.woosmap.com/stores?key=woos-c7283e70-7b4b-3c7d-bbfe-e65958b8769b&stores_by_page=300&page=1; https://www.openstreetmap.org/way/65444118,2026-07-11T20:29:07+00:00
DEC-00505,Decathlon,Centre Commercial La lézarde,Montivilliers,Haute-Normandie,76290,France,FR,49.5301630,0.1872780,+33 2 32 79 26 26,https://www.decathlon.fr/store-view/magasin-de-sports-montivilliers-0070006000060,Mo-Sa 09:00-19:30,AllThePlaces / localisateur officiel; OpenStreetMap,0070006000060;node/3794379070,https://api.woosmap.com/stores?key=woos-c7283e70-7b4b-3c7d-bbfe-e65958b8769b&stores_by_page=300&page=1; https://www.openstreetmap.org/node/3794379070,2026-07-11T20:29:07+00:00
DEC-00506,Decathlon,Rue Nicolas Rambourg,Montlucon,Auvergne,03100,France,FR,46.3497822,2.6060999,+33 4 70 08 11 60,https://www.decathlon.fr/store-view/magasin-de-sports-montlucon-0070018000180,Mo-Sa 09:00-19:30,AllThePlaces / localisateur officiel; OpenStreetMap,0070018000180;way/77675505,https://api.woosmap.com/stores?key=woos-c7283e70-7b4b-3c7d-bbfe-e65958b8769b&stores_by_page=300&page=1; https://www.openstreetmap.org/way/77675505,2026-07-11T20:29:07+00:00
DEC-00507,Decathlon,ZA en Chantrans,Montmorot,Franche-Comte,39570,France,FR,46.6709432,5.5265789,+33 3 39 97 00 04,https://www.decathlon.fr/store-view/magasin-de-sports-lons-le-saunier-0070286302863,Mo-Sa 09:30-19:00,AllThePlaces / localisateur officiel; OpenStreetMap,0070286302863;node/9161424116;node/11217466298,https://api.woosmap.com/stores?key=woos-c7283e70-7b4b-3c7d-bbfe-e65958b8769b&stores_by_page=300&page=2; https://www.openstreetmap.org/node/9161424116; https://www.openstreetmap.org/node/11217466298,2026-07-11T20:29:07+00:00
DEC-00508,Decathlon,1 Rue des Pertuisanes,Montpellier,Languedoc-Roussillon,34000,France,FR,43.6085755,3.8849407,+33 4 85 68 01 00,https://www.decathlon.fr/store-view/magasin-de-sports-montpellier-polygone-0070347003470,Mo-Sa 10:00-20:00,AllThePlaces / localisateur officiel,0070347003470,https://api.woosmap.com/stores?key=woos-c7283e70-7b4b-3c7d-bbfe-e65958b8769b&stores_by_page=300&page=2,2026-07-11T20:29:07+00:00
DEC-00509,Decathlon,67bis/79 Rue de la République,Montreuil,Ile-de-France,93100,France,FR,48.8520936,2.4159010,+33 1 48 18 29 00,https://www.decathlon.fr/store-view/magasin-de-sports-paris-porte-de-montreuil-0070024300243,Mo-Sa 09:00-20:00,AllThePlaces / localisateur officiel; OpenStreetMap,0070024300243;node/3796512058,https://api.woosmap.com/stores?key=woos-c7283e70-7b4b-3c7d-bbfe-e65958b8769b&stores_by_page=300&page=1; https://www.openstreetmap.org/node/3796512058,2026-07-11T20:29:07+00:00
DEC-00510,Decathlon,60 rue du Frioul,Mulhouse,Alsace,68200,France,FR,47.7396464,7.2891743,+33 3 89 33 42 10,https://www.decathlon.fr/store-view/magasin-de-sports-mulhouse-0070023600236,Mo-Sa 09:30-19:00,AllThePlaces / localisateur officiel; OpenStreetMap,0070023600236;node/3776253370,https://api.woosmap.com/stores?key=woos-c7283e70-7b4b-3c7d-bbfe-e65958b8769b&stores_by_page=300&page=1; https://www.openstreetmap.org/node/3776253370,2026-07-11T20:29:07+00:00
DEC-00511,Decathlon,4 boulevard des Enseignes,Mundolsheim,Alsace,67450,France,FR,48.6519940,7.7295120,+33 3 88 81 99 81,https://www.decathlon.fr/store-view/magasin-de-sports-mundolsheim-0070002900029,Mo-Sa 09:00-19:30,AllThePlaces / localisateur officiel; OpenStreetMap,0070002900029;way/920221563,https://api.woosmap.com/stores?key=woos-c7283e70-7b4b-3c7d-bbfe-e65958b8769b&stores_by_page=300&page=1; https://www.openstreetmap.org/way/920221563,2026-07-11T20:29:07+00:00
DEC-00512,Decathlon,,Mundolsheim,Alsace,,France,FR,48.6566130,7.7249063,,,,OpenStreetMap,node/9659435407;node/9659435408;node/9659435409,https://www.openstreetmap.org/node/9659435407; https://www.openstreetmap.org/node/9659435408; https://www.openstreetmap.org/node/9659435409,2026-07-11T20:29:07+00:00
DEC-00513,Decathlon,"20, RUE CREBILLON",NANTES,Pays de la Loire,44000,France,FR,47.2136655,-1.5612570,+33 2 79 64 01 10,https://www.decathlon.fr/store-view/magasin-de-sports-decathlon-nantes-centre-ville-0070325703257,Mo-Sa 10:00-19:00,AllThePlaces / localisateur officiel; OpenStreetMap,0070325703257;0070010000100;node/5642683459;node/12441658299;node/13808029965,https://api.woosmap.com/stores?key=woos-c7283e70-7b4b-3c7d-bbfe-e65958b8769b&stores_by_page=300&page=2; https://api.woosmap.com/stores?key=woos-c7283e70-7b4b-3c7d-bbfe-e65958b8769b&stores_by_page=300&page=1; https://www.openstreetmap.org/node/5642683459; https://www.openstreetmap.org/node/12441658299; https://www.openstreetmap.org/node/13808029965,2026-07-11T20:29:07+00:00
DEC-00514,Decathlon,148 rue du Perray,NANTES,Pays de la Loire,44300,France,FR,47.2515103,-1.5130288,+33 2 40 49 08 09,https://www.decathlon.fr/store-view/magasin-de-sports-decathlon-nantes-paridis-0070006500065,Mo-Sa 09:00-20:00,AllThePlaces / localisateur officiel; OpenStreetMap,0070006500065;node/1980177918;node/7265974986;node/9694577918,https://api.woosmap.com/stores?key=woos-c7283e70-7b4b-3c7d-bbfe-e65958b8769b&stores_by_page=300&page=1; https://www.openstreetmap.org/node/1980177918; https://www.openstreetmap.org/node/7265974986; https://www.openstreetmap.org/node/9694577918,2026-07-11T20:29:07+00:00
DEC-00515,Decathlon,"3 Route du Petit Menin, ZAC du petit Menin",NEUVILLE EN FERRAIN,Nord-Pas-de-Calais,59960,France,FR,50.7410560,3.1391255,+33 3 20 28 04 60,https://www.decathlon.fr/store-view/magasin-de-sports-decathlon-neuville-en-ferrain-roncq-0070000200002,Mo 09:30-19:31; Tu-Sa 09:30-19:30,AllThePlaces / localisateur officiel; OpenStreetMap,0070000200002;way/516579122,https://api.woosmap.com/stores?key=woos-c7283e70-7b4b-3c7d-bbfe-e65958b8769b&stores_by_page=300&page=1; https://www.openstreetmap.org/way/516579122,2026-07-11T20:29:07+00:00
DEC-00516,Decathlon,62 avenue Jean Médecin,NICE,Provence-Alpes-Cote d'Azur,06000,France,FR,43.7050880,7.2654333,+33 4 23 03 01 62,https://www.decathlon.fr/store-view/magasin-de-sports-decathlon-city-nice-jean-medecin-0070249902499,Mo-Sa 10:00-19:30; Su 11:00-19:00,AllThePlaces / localisateur officiel; OpenStreetMap,0070249902499;node/7008146309,https://api.woosmap.com/stores?key=woos-c7283e70-7b4b-3c7d-bbfe-e65958b8769b&stores_by_page=300&page=2; https://www.openstreetmap.org/node/7008146309,2026-07-11T20:29:07+00:00
DEC-00517,Decathlon,"15 boulevard du Général Louis Delfino, Centre Commercial TNL",NICE,Provence-Alpes-Cote d'Azur,06000,France,FR,43.7055147,7.2851030,+33 4 93 74 75 70,https://www.decathlon.fr/store-view/magasin-de-sports-decathlon-nice-tnl-0070193301933,Mo-Sa 09:00-20:00,AllThePlaces / localisateur officiel; OpenStreetMap,0070193301933;node/8640966723,https://api.woosmap.com/stores?key=woos-c7283e70-7b4b-3c7d-bbfe-e65958b8769b&stores_by_page=300&page=1; https://www.openstreetmap.org/node/8640966723,2026-07-11T20:29:07+00:00
DEC-00518,Decathlon,592 boulevard du mercantour,NICE,Provence-Alpes-Cote d'Azur,06200,France,FR,43.7268666,7.1866186,+33 4 93 18 10 11,https://www.decathlon.fr/store-view/magasin-de-sports-decathlon-nice-lingostiere-0070007000070,Mo-Fr 09:00-19:30; Sa 09:00-20:00,AllThePlaces / localisateur officiel; OpenStreetMap,0070007000070;node/13201407007;way/138657621,https://api.woosmap.com/stores?key=woos-c7283e70-7b4b-3c7d-bbfe-e65958b8769b&stores_by_page=300&page=1; https://www.openstreetmap.org/node/13201407007; https://www.openstreetmap.org/way/138657621,2026-07-11T20:29:07+00:00
DEC-00519,Decathlon,155 Rue Paul LAURENT - CS 48239,NIMES,Languedoc-Roussillon,30900,France,FR,43.8093157,4.3669513,+33 4 66 29 02 22,https://www.decathlon.fr/store-view/magasin-de-sports-nimes-0070005200052,Mo-Sa 09:00-20:00,AllThePlaces / localisateur officiel; OpenStreetMap,0070005200052;node/2450346945,https://api.woosmap.com/stores?key=woos-c7283e70-7b4b-3c7d-bbfe-e65958b8769b&stores_by_page=300&page=1; https://www.openstreetmap.org/node/2450346945,2026-07-11T20:29:07+00:00
DEC-00520,Decathlon,,Nantes,Pays de la Loire,,France,FR,47.2376755,-1.5699296,,https://www.decathlon.fr/,,OpenStreetMap,relation/2523182,https://www.openstreetmap.org/relation/2523182,2026-07-11T20:29:07+00:00
DEC-00521,Decathlon,Zone d´activités Commerciales de Bonne Source,Narbonne,Languedoc-Roussillon,11100,France,FR,43.1781804,3.0323161,+33 4 68 90 11 40,https://www.decathlon.fr/store-view/magasin-de-sports-narbonne-0070020400204,Mo-Sa 09:00-19:30,AllThePlaces / localisateur officiel; OpenStreetMap,0070020400204;node/3765440159;way/217816064,https://api.woosmap.com/stores?key=woos-c7283e70-7b4b-3c7d-bbfe-e65958b8769b&stores_by_page=300&page=1; https://www.openstreetmap.org/node/3765440159; https://www.openstreetmap.org/way/217816064,2026-07-11T20:29:07+00:00
DEC-00522,Decathlon,5 rue Charles Darwin ZC des sports,Niort,Poitou-Charentes,79000,France,FR,46.3167170,-0.4180173,+33 5 49 33 34 97,https://www.decathlon.fr/store-view/magasin-de-sports-niort-0070009200092,"Mo 08:00-12:00,14:00-18:00; Tu-Su 08:00-18:00",AllThePlaces / localisateur officiel; OpenStreetMap,0070009200092;way/231145512,https://api.woosmap.com/stores?key=woos-c7283e70-7b4b-3c7d-bbfe-e65958b8769b&stores_by_page=300&page=1; https://www.openstreetmap.org/way/231145512,2026-07-11T20:29:07+00:00
DEC-00523,Decathlon,Pôle commercial du Comtal,ONET LE CHATEAU,Midi-Pyrenees,12850,France,FR,44.3957760,2.6057520,+33 5 65 58 45 40,https://www.decathlon.fr/store-view/magasin-de-sports-rodez-onet-le-chateau-0070069100691,Mo-Sa 09:00-19:30,AllThePlaces / localisateur officiel; OpenStreetMap,0070069100691;node/1488589864;node/7925843511,https://api.woosmap.com/stores?key=woos-c7283e70-7b4b-3c7d-bbfe-e65958b8769b&stores_by_page=300&page=1; https://www.openstreetmap.org/node/1488589864; https://www.openstreetmap.org/node/7925843511,2026-07-11T20:29:07+00:00
DEC-00524,Decathlon,Avenue Roger Secretain,ORLEANS,Centre,45000,France,FR,47.8753810,1.9118030,+33 2 38 66 55 55,https://www.decathlon.fr/store-view/magasin-de-sports-orleans-0070004800048,Mo-Sa 09:00-19:30,AllThePlaces / localisateur officiel; OpenStreetMap,0070004800048;node/9606136090;node/13544017274,https://api.woosmap.com/stores?key=woos-c7283e70-7b4b-3c7d-bbfe-e65958b8769b&stores_by_page=300&page=1; https://www.openstreetmap.org/node/9606136090; https://www.openstreetmap.org/node/13544017274,2026-07-11T20:29:07+00:00
DEC-00525,Decathlon,"Quartier QUIEZ, 118 Chemin des Canniers",Ollioules,Provence-Alpes-Cote d'Azur,83190,France,FR,43.1246034,5.8807151,+33 4 94 18 95 40,https://www.decathlon.fr/store-view/magasin-de-sports-toulon-ollioules-0070006900069,Mo-Sa 09:00-19:00,AllThePlaces / localisateur officiel; OpenStreetMap,0070006900069;way/151889684,https://api.woosmap.com/stores?key=woos-c7283e70-7b4b-3c7d-bbfe-e65958b8769b&stores_by_page=300&page=1; https://www.openstreetmap.org/way/151889684,2026-07-11T20:29:07+00:00
DEC-00526,Decathlon,32 Boulevard du Vendée Globe,Olonne-Sur-Mer,Pays de la Loire,85340,France,FR,46.5136521,-1.7880704,+33 2 53 32 00 80,https://www.decathlon.fr/store-view/magasin-de-sports-les-sables-d-olonne-olonne-sur-mer-0070089900899,Mo-Sa 09:30-19:00,AllThePlaces / localisateur officiel; OpenStreetMap,0070089900899;way/368095222,https://api.woosmap.com/stores?key=woos-c7283e70-7b4b-3c7d-bbfe-e65958b8769b&stores_by_page=300&page=1; https://www.openstreetmap.org/way/368095222,2026-07-11T20:29:07+00:00
DEC-00527,Decathlon,Rue Carignan,Orange,Provence-Alpes-Cote d'Azur,84100,France,FR,44.1136538,4.8456729,+33 4 90 11 17 50,https://www.decathlon.fr/store-view/magasin-de-sports-orange-0070030100301,Mo-Sa 09:30-19:00,AllThePlaces / localisateur officiel; OpenStreetMap,0070030100301;way/78619560,https://api.woosmap.com/stores?key=woos-c7283e70-7b4b-3c7d-bbfe-e65958b8769b&stores_by_page=300&page=1; https://www.openstreetmap.org/way/78619560,2026-07-11T20:29:07+00:00
DEC-00528,Decathlon,"Intermarché Express, 47 rue faubourg Bannier",Orléans,Centre,45000,France,FR,47.9077666,1.9011761,+33 2 38 66 55 55,https://www.decathlon.fr/store-view/magasin-de-sports-orleans-centre-retrait-colis-0070253802538,Mo-Sa 08:30-19:30; Su 09:00-12:30,AllThePlaces / localisateur officiel; OpenStreetMap,0070253802538;node/8093318399,https://api.woosmap.com/stores?key=woos-c7283e70-7b4b-3c7d-bbfe-e65958b8769b&stores_by_page=300&page=2; https://www.openstreetmap.org/node/8093318399,2026-07-11T20:29:07+00:00
DEC-00529,Decathlon,104 boulevard Saint Germain,PARIS,Ile-de-France,75006,France,FR,48.8515067,2.3426380,+33 1 87 76 03 30,https://www.decathlon.fr/store-view/magasin-de-sports-paris-bd-saint-germain-city-0070197501975,Mo-Sa 10:00-20:00; Su 13:00-20:00,AllThePlaces / localisateur officiel; OpenStreetMap,0070197501975;node/4972044121;node/6344648068,https://api.woosmap.com/stores?key=woos-c7283e70-7b4b-3c7d-bbfe-e65958b8769b&stores_by_page=300&page=2; https://www.openstreetmap.org/node/4972044121; https://www.openstreetmap.org/node/6344648068,2026-07-11T20:29:07+00:00
DEC-00530,Decathlon,"147bis rue Cardinet, ZAC Clichy Batignolles",PARIS,Ile-de-France,75017,France,FR,48.8886385,2.3153328,+33 1 87 76 03 61,https://www.decathlon.fr/store-view/magasin-de-sports-paris-batignolles-city-0070232902329,Mo-Sa 09:00-20:00,AllThePlaces / localisateur officiel; OpenStreetMap,0070232902329;node/6373531555,https://api.woosmap.com/stores?key=woos-c7283e70-7b4b-3c7d-bbfe-e65958b8769b&stores_by_page=300&page=2; https://www.openstreetmap.org/node/6373531555,2026-07-11T20:29:07+00:00
DEC-00531,Decathlon,170 Avenue André TOURNE,PERPIGNAN,Languedoc-Roussillon,66100,France,FR,42.6689061,2.8958755,+33 4 68 55 72 72,https://www.decathlon.fr/store-view/magasin-de-sports-perpignan-0070017500175,Mo-Sa 09:00-19:30,AllThePlaces / localisateur officiel; OpenStreetMap,0070017500175;node/11807015418;way/1267543130,https://api.woosmap.com/stores?key=woos-c7283e70-7b4b-3c7d-bbfe-e65958b8769b&stores_by_page=300&page=1; https://www.openstreetmap.org/node/11807015418; https://www.openstreetmap.org/way/1267543130,2026-07-11T20:29:07+00:00
DEC-00532,Decathlon,Zone Commerciale Auchan Petite-Forêt,PETITE-FORÊT,Nord-Pas-de-Calais,59494,France,FR,50.3800097,3.4755739,+33 3 27 14 15 51,https://www.decathlon.fr/store-view/magasin-de-sports-decathlon-valenciennes-petite-foret-0070002400024,Mo-Sa 09:30-19:30,AllThePlaces / localisateur officiel; OpenStreetMap,0070002400024;way/220108727,https://api.woosmap.com/stores?key=woos-c7283e70-7b4b-3c7d-bbfe-e65958b8769b&stores_by_page=300&page=1; https://www.openstreetmap.org/way/220108727,2026-07-11T20:29:07+00:00
DEC-00533,Decathlon,7 Rue de la louvetière,PONTAULT COMBAULT,Ile-de-France,77340,France,FR,48.7754862,2.5995468,+33 1 64 43 59 10,https://www.decathlon.fr/store-view/magasin-de-sports-pontault-combault-0070013400134,Mo-Sa 09:30-20:00; Su 10:00-19:00,AllThePlaces / localisateur officiel; OpenStreetMap,0070013400134;way/112030830,https://api.woosmap.com/stores?key=woos-c7283e70-7b4b-3c7d-bbfe-e65958b8769b&stores_by_page=300&page=1; https://www.openstreetmap.org/way/112030830,2026-07-11T20:29:07+00:00
DEC-00534,Decathlon,40 Avenue des Citées Unies,PONTIVY,Brittany,56300,France,FR,48.0542578,-2.9528502,+33 2 97 27 06 50,https://www.decathlon.fr/store-view/magasin-de-sports-pontivy-0070081200812,Mo-Sa 09:00-19:00,AllThePlaces / localisateur officiel,0070081200812,https://api.woosmap.com/stores?key=woos-c7283e70-7b4b-3c7d-bbfe-e65958b8769b&stores_by_page=300&page=1,2026-07-11T20:29:07+00:00
DEC-00535,Decathlon,4 avenue des Palanques,PORTET sur GARONNE,Midi-Pyrenees,31120,France,FR,43.5332389,1.4066804,+33 5 61 72 81 81,https://www.decathlon.fr/store-view/magasin-de-sports-toulouse-portet-sur-garonne-0070001800018,Mo-Fr 09:00-19:30; Sa 09:00-20:00,AllThePlaces / localisateur officiel; OpenStreetMap,0070001800018;way/84388958,https://api.woosmap.com/stores?key=woos-c7283e70-7b4b-3c7d-bbfe-e65958b8769b&stores_by_page=300&page=1; https://www.openstreetmap.org/way/84388958,2026-07-11T20:29:07+00:00
DEC-00536,Decathlon,Rue des Vignes Rouges,PUBLIER,Rhone-Alpes,74500,France,FR,46.3887741,6.5220783,+33 4 50 81 54 00,https://www.decathlon.fr/store-view/magasin-de-sports-thonon-les-bains-publier-0070044400444,Mo-Sa 09:00-19:30,AllThePlaces / localisateur officiel; OpenStreetMap,0070044400444;node/10758588528;node/10758588529;node/10758588530;way/1156910065,https://api.woosmap.com/stores?key=woos-c7283e70-7b4b-3c7d-bbfe-e65958b8769b&stores_by_page=300&page=1; https://www.openstreetmap.org/node/10758588528; https://www.openstreetmap.org/node/10758588529; https://www.openstreetmap.org/node/10758588530; https://www.openstreetmap.org/way/1156910065,2026-07-11T20:29:07+00:00
DEC-00537,Decathlon,"113, Avenue de France",Paris,Ile-de-France,75013,France,FR,48.8302111,2.3765669,+33 1 44 06 82 00,https://www.decathlon.fr/store-view/magasin-de-sports-paris-rive-gauche-0070042900429,Mo-Sa 09:30-20:00,AllThePlaces / localisateur officiel; OpenStreetMap,0070042900429;way/229205278,https://api.woosmap.com/stores?key=woos-c7283e70-7b4b-3c7d-bbfe-e65958b8769b&stores_by_page=300&page=1; https://www.openstreetmap.org/way/229205278,2026-07-11T20:29:07+00:00
DEC-00538,Decathlon,4/6 Rue Louis Armand,Paris,Ile-de-France,75015,France,FR,48.8327910,2.2770991,+33 1 45 58 60 45,https://www.decathlon.fr/store-view/magasin-de-sports-paris-aquaboulevard-0070005800058,Mo-Sa 09:30-20:00; Su 10:00-20:00,AllThePlaces / localisateur officiel; OpenStreetMap,0070005800058;node/6983299609;node/3789033557,https://api.woosmap.com/stores?key=woos-c7283e70-7b4b-3c7d-bbfe-e65958b8769b&stores_by_page=300&page=1; https://www.openstreetmap.org/node/6983299609; https://www.openstreetmap.org/node/3789033557,2026-07-11T20:29:07+00:00
DEC-00539,Decathlon,135-139 Rue de Rennes,Paris,Ile-de-France,75006,France,FR,48.8462126,2.3264587,+33 1 59 34 02 00,https://www.decathlon.fr/store-view/magasin-de-sports-montparnasse-0070344903449,Mo-Sa 10:00-20:00; Su 11:00-19:00,AllThePlaces / localisateur officiel; OpenStreetMap,0070344903449;node/13104511768,https://api.woosmap.com/stores?key=woos-c7283e70-7b4b-3c7d-bbfe-e65958b8769b&stores_by_page=300&page=2; https://www.openstreetmap.org/node/13104511768,2026-07-11T20:29:07+00:00
DEC-00540,Decathlon,"23, boulevard de la Madeleine, Metro Madeleine",Paris,Ile-de-France,75001,France,FR,48.8692571,2.3253605,+33 1 55 35 97 55,https://www.decathlon.fr/store-view/magasin-de-sports-paris-la-madeleine-0070018900189,Mo-Sa 09:00-20:00; Su 10:00-20:00,AllThePlaces / localisateur officiel; OpenStreetMap,0070018900189;node/3256308557,https://api.woosmap.com/stores?key=woos-c7283e70-7b4b-3c7d-bbfe-e65958b8769b&stores_by_page=300&page=1; https://www.openstreetmap.org/node/3256308557,2026-07-11T20:29:07+00:00
DEC-00541,Decathlon,26 Avenue de Wagram,Paris,Ile-de-France,75008,France,FR,48.8765264,2.2973948,+33 1 45 72 66 88,https://www.decathlon.fr/store-view/magasin-de-sports-paris-wagram-0070009000090,Mo-Sa 09:00-20:00,AllThePlaces / localisateur officiel; OpenStreetMap,0070009000090;way/70224004,https://api.woosmap.com/stores?key=woos-c7283e70-7b4b-3c7d-bbfe-e65958b8769b&stores_by_page=300&page=1; https://www.openstreetmap.org/way/70224004,2026-07-11T20:29:07+00:00
DEC-00542,Decathlon,76 rue Cesaria Evora,Paris,Ile-de-France,75019,France,FR,48.8976944,2.3725197,+33 1 40 34 19 75,https://www.decathlon.fr/store-view/magasin-de-sports-paris-19-rosa-parks-0070137501375,Mo-Sa 10:00-20:00,AllThePlaces / localisateur officiel; OpenStreetMap,0070137501375;node/4139165536,https://api.woosmap.com/stores?key=woos-c7283e70-7b4b-3c7d-bbfe-e65958b8769b&stores_by_page=300&page=1; https://www.openstreetmap.org/node/4139165536,2026-07-11T20:29:07+00:00
DEC-00543,Decathlon,"221A Baker Street, Address compl.3",Paris,Batys Qazaqstan,E1 7DB,France,FR,51.5237719,51.5237719,,https://www.decathlon.fr/store-view/magasin-de-sports-test-0070061000610,,AllThePlaces / localisateur officiel,0070061000610,https://api.woosmap.com/stores?key=woos-c7283e70-7b4b-3c7d-bbfe-e65958b8769b&stores_by_page=300&page=1,2026-07-11T20:29:07+00:00
DEC-00544,Decathlon,170 avenue Léman Mont-Blanc,Passy,Rhone-Alpes,74190,France,FR,45.9165000,6.6908850,+33 4 50 78 50 00,https://www.decathlon.fr/store-view/magasin-de-sports-passy-mountain-store-0070023200232,Mo-Sa 09:30-19:00,AllThePlaces / localisateur officiel; OpenStreetMap,0070023200232;way/231148124,https://api.woosmap.com/stores?key=woos-c7283e70-7b4b-3c7d-bbfe-e65958b8769b&stores_by_page=300&page=1; https://www.openstreetmap.org/way/231148124,2026-07-11T20:29:07+00:00
DEC-00545,Decathlon,,Perpignan,Languedoc-Roussillon,,France,FR,42.6728779,2.8897781,,,,OpenStreetMap,node/11293817970;node/11293817972,https://www.openstreetmap.org/node/11293817970; https://www.openstreetmap.org/node/11293817972,2026-07-11T20:29:07+00:00
DEC-00546,Decathlon,,Pierry,Champagne-Ardenne,,France,FR,49.0279578,3.9461280,,,,OpenStreetMap,node/10025014817,https://www.openstreetmap.org/node/10025014817,2026-07-11T20:29:07+00:00
DEC-00547,Decathlon,"70, Rue Henri Barbusse",Plaisir,Ile-de-France,78370,France,FR,48.8284532,1.9649525,+33 1 30 07 52 50,https://www.decathlon.fr/store-view/magasin-de-sports-plaisir-0070005500055,Mo-Sa 10:00-20:00; Su 10:00-19:30,AllThePlaces / localisateur officiel; OpenStreetMap,0070005500055;way/83658543,https://api.woosmap.com/stores?key=woos-c7283e70-7b4b-3c7d-bbfe-e65958b8769b&stores_by_page=300&page=1; https://www.openstreetmap.org/way/83658543,2026-07-11T20:29:07+00:00
DEC-00548,Decathlon,Zone Commerciale de la Ville Es Meniers,Pleurtuit,Brittany,35730,France,FR,48.6144410,-2.0611030,+33 2 99 88 02 10,https://www.decathlon.fr/store-view/magasin-de-sports-dinard-pleurtuit-0070112001120,Mo-Sa 09:30-19:00,AllThePlaces / localisateur officiel; OpenStreetMap,0070112001120;node/3895672467,https://api.woosmap.com/stores?key=woos-c7283e70-7b4b-3c7d-bbfe-e65958b8769b&stores_by_page=300&page=1; https://www.openstreetmap.org/node/3895672467,2026-07-11T20:29:07+00:00
DEC-00549,Decathlon,Avenue Jean Monnet,Pont Audemer,Haute-Normandie,27500,France,FR,49.3478301,0.5439113,+33 2 32 41 52 12,https://www.decathlon.fr/store-view/magasin-de-sports-pont-audemer-0070026500265,Mo-Sa 09:30-19:00,AllThePlaces / localisateur officiel; OpenStreetMap,0070026500265;way/182905252,https://api.woosmap.com/stores?key=woos-c7283e70-7b4b-3c7d-bbfe-e65958b8769b&stores_by_page=300&page=1; https://www.openstreetmap.org/way/182905252,2026-07-11T20:29:07+00:00
DEC-00550,Decathlon,40 Avenue des Cités Unies,Pontivy,Brittany,56300,France,FR,48.0539670,-2.9463355,+33 2 97 27 06 50,https://www.decathlon.fr/fr/store?store_id=PS_280,Mo-Sa 09:00-19:00,OpenStreetMap,way/390155617,https://www.openstreetmap.org/way/390155617,2026-07-11T20:29:07+00:00
DEC-00551,Decathlon,10 Rue Jean Monnet,Pornic,Pays de la Loire,44210,France,FR,47.1271520,-2.1168068,+33 249118000,https://www.decathlon.fr/store-view/magasin-de-sports-decathlon-pornic-0070061000610,Mo-Sa 09:00-20:00,OpenStreetMap,way/508654106,https://www.openstreetmap.org/way/508654106,2026-07-11T20:29:07+00:00
DEC-00552,Decathlon,,Porto-Vecchio,Corsica,,France,FR,41.5998961,9.2755317,,https://www.decathlon.fr/store-view/magasin-de-sports-decathlon-porto-vecchio-0070270802708,Mo-Sa 09:30-19:00,OpenStreetMap,node/9935499190,https://www.openstreetmap.org/node/9935499190,2026-07-11T20:29:07+00:00
DEC-00553,Decathlon,Avenue de Bastia,Porto-Vecchio,Corsica,20137,France,FR,41.6053436,9.2751546,+33 4 95 29 30 29,https://www.decathlon.fr/store-view/magasin-de-sports-decathlon-porto-vecchio-0070270802708,Mo-Sa 09:30-19:00,AllThePlaces / localisateur officiel,0070270802708,https://api.woosmap.com/stores?key=woos-c7283e70-7b4b-3c7d-bbfe-e65958b8769b&stores_by_page=300&page=2,2026-07-11T20:29:07+00:00
DEC-00554,Decathlon,,Proville,Nord-Pas-de-Calais,,France,FR,50.1507528,3.2201971,+33 3 27 72 20 90,https://www.decathlon.fr/store-view/magasin-de-sports-decathlon-cambrai-0070022900229,"Mo-Sa 09:30-19:30; PH 10:00-18:00; PH Su off; Dec 01-23 Su 10:00-13:00,14:00-18:00; Dec 24,31 09:30-17:00; Jan 01,May 01,Dec 25 off",OpenStreetMap,node/3787682558;node/12685685803,https://www.openstreetmap.org/node/3787682558; https://www.openstreetmap.org/node/12685685803,2026-07-11T20:29:07+00:00
DEC-00555,Decathlon,24 Route de Champbenoist,Provins,Ile-de-France,77160,France,FR,48.5542059,3.2988761,+33 1 64 60 93 00,https://www.decathlon.fr/store-view/magasin-de-sports-provins-0070072700727,Mo-Sa 09:30-19:00,AllThePlaces / localisateur officiel; OpenStreetMap,0070072700727;node/3794312561,https://api.woosmap.com/stores?key=woos-c7283e70-7b4b-3c7d-bbfe-e65958b8769b&stores_by_page=300&page=1; https://www.openstreetmap.org/node/3794312561,2026-07-11T20:29:07+00:00
DEC-00556,Decathlon,"2, rue de Belgique, Zone Commerciale Beaulieu",Puilboreau,Poitou-Charentes,17138,France,FR,46.1781061,-1.1210686,+33 5 46 68 00 00,https://www.decathlon.fr/store-view/magasin-de-sports-la-rochelle-puilboreau-0070003600036,Mo-Sa 09:00-20:00,AllThePlaces / localisateur officiel; OpenStreetMap,0070003600036;node/4350399707;node/9857544014;node/11080752833;way/84991698;way/1193735018,https://api.woosmap.com/stores?key=woos-c7283e70-7b4b-3c7d-bbfe-e65958b8769b&stores_by_page=300&page=1; https://www.openstreetmap.org/node/4350399707; https://www.openstreetmap.org/node/9857544014; https://www.openstreetmap.org/node/11080752833; https://www.openstreetmap.org/way/84991698; https://www.openstreetmap.org/way/1193735018,2026-07-11T20:29:07+00:00
DEC-00557,Decathlon,"Chemin des Perches, Parc Commercial OASIS 3",Pusey,Franche-Comte,70000,France,FR,47.6472250,6.1436914,+33 3 39 77 00 00,https://www.decathlon.fr/store-view/magasin-de-sports-vesoul-pusey-essentiel-0070242802428,Mo-Sa 09:30-19:00,AllThePlaces / localisateur officiel; OpenStreetMap,0070242802428;node/7110665659,https://api.woosmap.com/stores?key=woos-c7283e70-7b4b-3c7d-bbfe-e65958b8769b&stores_by_page=300&page=2; https://www.openstreetmap.org/node/7110665659,2026-07-11T20:29:07+00:00
DEC-00558,Decathlon,2 Place de la défense,Puteaux,Ile-de-France,92800,France,FR,48.8927250,2.2398300,+33 1 49 03 75 20,https://www.decathlon.fr/store-view/magasin-de-sports-paris-cnit-la-defense-0070053900539,Mo-Su 09:30-20:00,AllThePlaces / localisateur officiel; OpenStreetMap,0070053900539;way/628583346,https://api.woosmap.com/stores?key=woos-c7283e70-7b4b-3c7d-bbfe-e65958b8769b&stores_by_page=300&page=1; https://www.openstreetmap.org/way/628583346,2026-07-11T20:29:07+00:00
DEC-00559,Decathlon,8 PLACE HOCHE,QUIBERON,Brittany,56170,France,FR,47.4802245,-3.1211223,+33 7 64 74 05 21,https://www.decathlon.fr/store-view/magasin-de-sports-contact-quiberon-0070240502405,"Mo 10:00-19:00; Tu 10:00-13:00,14:00-19:00; We 10:00-19:00; Th 10:00-13:00,14:00-19:00; Fr-Sa 10:00-19:00",AllThePlaces / localisateur officiel; OpenStreetMap,0070240502405;node/8752404132,https://api.woosmap.com/stores?key=woos-c7283e70-7b4b-3c7d-bbfe-e65958b8769b&stores_by_page=300&page=2; https://www.openstreetmap.org/node/8752404132,2026-07-11T20:29:07+00:00
DEC-00560,Decathlon,Zone de Kerviliers,Quimper,Brittany,29000,France,FR,47.9770609,-4.0782387,+33 2 98 10 34 44,https://www.decathlon.fr/store-view/magasin-de-sports-quimper-29-0070033800338,"Mo 08:00-12:00,14:00-18:00; Tu-Su 08:00-18:00",AllThePlaces / localisateur officiel; OpenStreetMap,0070033800338;node/13955762102;way/94283873,https://api.woosmap.com/stores?key=woos-c7283e70-7b4b-3c7d-bbfe-e65958b8769b&stores_by_page=300&page=1; https://www.openstreetmap.org/node/13955762102; https://www.openstreetmap.org/way/94283873,2026-07-11T20:29:07+00:00
DEC-00561,Decathlon,1 Rond Point des Sports,Quétigny,Bourgogne,21800,France,FR,47.3152219,5.0890362,+33 3 80 35 25 40,https://www.decathlon.fr/store-view/magasin-de-sports-dijon-quetigny-0070002800028,Mo-Sa 09:00-19:30,AllThePlaces / localisateur officiel; OpenStreetMap,0070002800028;way/121737301;node/9949299044,https://api.woosmap.com/stores?key=woos-c7283e70-7b4b-3c7d-bbfe-e65958b8769b&stores_by_page=300&page=1; https://www.openstreetmap.org/way/121737301; https://www.openstreetmap.org/node/9949299044,2026-07-11T20:29:07+00:00
DEC-00562,Decathlon,Rue René Collin,RENNES,Brittany,35000,France,FR,48.1323062,-1.6900398,+33 2 99 33 57 24,https://www.decathlon.fr/store-view/magasin-de-sports-decathlon-rennes-essentiel-0070113001130,Mo-Fr 10:00-19:30; Sa 09:30-19:30,AllThePlaces / localisateur officiel; OpenStreetMap,0070113001130;way/334489136;node/10208059752,https://api.woosmap.com/stores?key=woos-c7283e70-7b4b-3c7d-bbfe-e65958b8769b&stores_by_page=300&page=1; https://www.openstreetmap.org/way/334489136; https://www.openstreetmap.org/node/10208059752,2026-07-11T20:29:07+00:00
DEC-00563,Decathlon,"Rue des Chardonnes, Zone de la Grange",ROMORANTIN-LANTHENAY,Centre,41200,France,FR,47.3723112,1.7140439,+33 2 54 94 09 40,https://www.decathlon.fr/store-view/magasin-de-sports-romorantin-lanthenay-0070030000300,Mo-Sa 09:30-19:30,AllThePlaces / localisateur officiel; OpenStreetMap,0070030000300;node/3794500957,https://api.woosmap.com/stores?key=woos-c7283e70-7b4b-3c7d-bbfe-e65958b8769b&stores_by_page=300&page=1; https://www.openstreetmap.org/node/3794500957,2026-07-11T20:29:07+00:00
DEC-00564,Decathlon,26 RUE ANTOINE LAURENT LAVOISIER,ROYAN,Poitou-Charentes,17200,France,FR,45.6325700,-0.9831260,+33 5 86 57 00 18,https://www.decathlon.fr/store-view/magasin-de-sports-contact-royan-0070198501985,"Mo-Sa 10:00-12:00,14:00-19:00",AllThePlaces / localisateur officiel,0070198501985,https://api.woosmap.com/stores?key=woos-c7283e70-7b4b-3c7d-bbfe-e65958b8769b&stores_by_page=300&page=2,2026-07-11T20:29:07+00:00
DEC-00565,Decathlon,ZAC des Hunaudières,RUAUDIN,Pays de la Loire,72230,France,FR,47.9567168,0.2293440,+33 2 43 50 05 50,https://www.decathlon.fr/store-view/magasin-de-sports-le-mans-sud-ruaudin-0070028200282,Mo-Sa 09:30-19:30,AllThePlaces / localisateur officiel; OpenStreetMap,0070028200282;node/3794098414,https://api.woosmap.com/stores?key=woos-c7283e70-7b4b-3c7d-bbfe-e65958b8769b&stores_by_page=300&page=1; https://www.openstreetmap.org/node/3794098414,2026-07-11T20:29:07+00:00
DEC-00566,Decathlon,3 - 5 rue le Bastard,Rennes,Brittany,35000,France,FR,48.1128154,-1.6795471,+33 2 79 64 03 10,https://www.decathlon.fr/store-view/magasin-de-sports-city-rennes-0070351003510,Mo-Sa 10:00-19:00,AllThePlaces / localisateur officiel; OpenStreetMap,0070351003510;node/13986337762;node/3244912533,https://api.woosmap.com/stores?key=woos-c7283e70-7b4b-3c7d-bbfe-e65958b8769b&stores_by_page=300&page=2; https://www.openstreetmap.org/node/13986337762; https://www.openstreetmap.org/node/3244912533,2026-07-11T20:29:07+00:00
DEC-00567,Decathlon,,Rennes,Brittany,,France,FR,48.1177730,-1.6854412,,,,OpenStreetMap,node/4544889000,https://www.openstreetmap.org/node/4544889000,2026-07-11T20:29:07+00:00
DEC-00568,Decathlon,96 rue des Pecheurs d Islande,Rochefort,Poitou-Charentes,17300,France,FR,45.9472346,-0.9904082,+33 5 46 82 89 81,https://www.decathlon.fr/store-view/magasin-de-sports-rochefort-0070025300253,Mo-Sa 09:00-19:00,AllThePlaces / localisateur officiel; OpenStreetMap,0070025300253;node/11554331380;way/90814546,https://api.woosmap.com/stores?key=woos-c7283e70-7b4b-3c7d-bbfe-e65958b8769b&stores_by_page=300&page=1; https://www.openstreetmap.org/node/11554331380; https://www.openstreetmap.org/way/90814546,2026-07-11T20:29:07+00:00
DEC-00569,Decathlon,16 Rue de Lisbonne,Rosny-sous-Bois,Ile-de-France,93110,France,FR,48.8821070,2.4709330,+33 1 48 02 44 26,https://www.decathlon.fr/store-view/magasin-de-sports-domus-rosny-sous-bois-0070007800078,Mo-Su 10:00-20:00,AllThePlaces / localisateur officiel; OpenStreetMap,0070007800078;node/12612818698,https://api.woosmap.com/stores?key=woos-c7283e70-7b4b-3c7d-bbfe-e65958b8769b&stores_by_page=300&page=1; https://www.openstreetmap.org/node/12612818698,2026-07-11T20:29:07+00:00
DEC-00570,Decathlon,Avenue des drapeaux,Rots,Lower Normandy,14980,France,FR,49.1966885,-0.4529397,+33 2 31 06 09 00,https://www.decathlon.fr/store-view/magasin-de-sports-caen-rots-0070005700057,Mo-Sa 09:00-19:30,AllThePlaces / localisateur officiel; OpenStreetMap,0070005700057;node/12498771918;node/12739224070,https://api.woosmap.com/stores?key=woos-c7283e70-7b4b-3c7d-bbfe-e65958b8769b&stores_by_page=300&page=1; https://www.openstreetmap.org/node/12498771918; https://www.openstreetmap.org/node/12739224070,2026-07-11T20:29:07+00:00
DEC-00571,Decathlon,Rue Pierre Motte,Roubaix,Nord-Pas-de-Calais,,France,FR,50.6910258,3.1765555,,,,OpenStreetMap,node/7087860082,https://www.openstreetmap.org/node/7087860082,2026-07-11T20:29:07+00:00
DEC-00572,Decathlon,66 Rue des Carmes,Rouen,Haute-Normandie,76000,France,FR,49.4419653,1.0948064,+33 2 79 97 04 10,https://www.decathlon.fr/store-view/magasin-de-sports-rouen-centre-ville-0070253202532,Mo-Sa 10:00-19:30,AllThePlaces / localisateur officiel; OpenStreetMap,0070253202532;node/8191733594,https://api.woosmap.com/stores?key=woos-c7283e70-7b4b-3c7d-bbfe-e65958b8769b&stores_by_page=300&page=2; https://www.openstreetmap.org/node/8191733594,2026-07-11T20:29:07+00:00
DEC-00573,Decathlon,ZAC de Mont-Joie,SAINT MARTIN BOULOGNE,Nord-Pas-de-Calais,62280,France,FR,50.7294558,1.6447750,+33 3 21 10 39 00,https://www.decathlon.fr/store-view/magasin-de-sports-decathlon-boulogne-sur-mer-saint-martin-boulogne-0070013900139,Mo-Sa 09:00-19:30,AllThePlaces / localisateur officiel; OpenStreetMap,0070013900139;node/11075424099;way/93750648,https://api.woosmap.com/stores?key=woos-c7283e70-7b4b-3c7d-bbfe-e65958b8769b&stores_by_page=300&page=1; https://www.openstreetmap.org/node/11075424099; https://www.openstreetmap.org/way/93750648,2026-07-11T20:29:07+00:00
DEC-00574,Decathlon,AVENUE DES CORSAIRES,SAINT MARTIN DE RE,Poitou-Charentes,17410,France,FR,46.1984200,-1.3530600,+33 5 48 03 00 04,https://www.decathlon.fr/store-view/magasin-de-sports-ile-de-re-saint-martin-0070195401954,"Mo-Sa 10:00-13:00,14:00-18:30",AllThePlaces / localisateur officiel; OpenStreetMap,0070195401954;node/4914398136,https://api.woosmap.com/stores?key=woos-c7283e70-7b4b-3c7d-bbfe-e65958b8769b&stores_by_page=300&page=1; https://www.openstreetmap.org/node/4914398136,2026-07-11T20:29:07+00:00
DEC-00575,Decathlon,ZAC Cap Sud,SAINT MAUR,Centre,36250,France,FR,46.7754965,1.6452853,+33 2 54 61 13 13,https://www.decathlon.fr/store-view/magasin-de-sports-chateauroux-saint-maur-0070025400254,Mo-Sa 09:00-19:30,AllThePlaces / localisateur officiel; OpenStreetMap,0070025400254;node/12861714577,https://api.woosmap.com/stores?key=woos-c7283e70-7b4b-3c7d-bbfe-e65958b8769b&stores_by_page=300&page=1; https://www.openstreetmap.org/node/12861714577,2026-07-11T20:29:07+00:00
DEC-00576,Decathlon,Rue des montagnards,SAINT MAXIMIN,Picardie,60740,France,FR,49.2385143,2.4689426,+33 3 44 24 00 86,https://www.decathlon.fr/store-view/magasin-de-sports-decathlon-creil-saint-maximin-0070006100061,Mo-Sa 09:30-19:30,AllThePlaces / localisateur officiel; OpenStreetMap,0070006100061;relation/13495191,https://api.woosmap.com/stores?key=woos-c7283e70-7b4b-3c7d-bbfe-e65958b8769b&stores_by_page=300&page=1; https://www.openstreetmap.org/relation/13495191,2026-07-11T20:29:07+00:00
DEC-00577,Decathlon,90 Route du chateau de Beauregard,SAINT NAZAIRE,Pays de la Loire,44600,France,FR,47.2895997,-2.2590095,+33 2 51 10 60 00,https://www.decathlon.fr/store-view/magasin-de-sports-decathlon-saint-nazaire-0070015200152,Mo-Sa 09:00-19:30,AllThePlaces / localisateur officiel; OpenStreetMap,0070015200152;node/3784439457,https://api.woosmap.com/stores?key=woos-c7283e70-7b4b-3c7d-bbfe-e65958b8769b&stores_by_page=300&page=1; https://www.openstreetmap.org/node/3784439457,2026-07-11T20:29:07+00:00
DEC-00578,Decathlon,18 Avenue Jean Burel,SAINT NICOLAS DE REDON,Brittany,44460,France,FR,47.6453220,-2.0747170,+33 2 99 93 34 32,https://www.decathlon.fr/store-view/magasin-de-sports-decathlon-redon-0070066200662,Mo-Sa 09:00-19:00,AllThePlaces / localisateur officiel; OpenStreetMap,0070066200662;way/307727980,https://api.woosmap.com/stores?key=woos-c7283e70-7b4b-3c7d-bbfe-e65958b8769b&stores_by_page=300&page=1; https://www.openstreetmap.org/way/307727980,2026-07-11T20:29:07+00:00
DEC-00579,Decathlon,Boulevard Saint Vincent de Paul,SAINT PAUL LÈS DAX,Aquitaine,40990,France,FR,43.7288150,-1.0386049,+33 5 58 91 13 13,https://www.decathlon.fr/store-view/magasin-de-sports-dax-0070038100381,Mo-Sa 09:00-19:30,AllThePlaces / localisateur officiel; OpenStreetMap,0070038100381;node/10249717413;node/1962536008,https://api.woosmap.com/stores?key=woos-c7283e70-7b4b-3c7d-bbfe-e65958b8769b&stores_by_page=300&page=1; https://www.openstreetmap.org/node/10249717413; https://www.openstreetmap.org/node/1962536008,2026-07-11T20:29:07+00:00
DEC-00580,Decathlon,100 bld Oscar Niemeyer,SAINT PIERRE DU MONT,Aquitaine,40280,France,FR,43.8672868,-0.4790717,+33 5 33 44 00 70,https://www.decathlon.fr/store-view/magasin-de-sports-mont-de-marsan-0070086700867,Mo-Sa 09:00-19:30,AllThePlaces / localisateur officiel; OpenStreetMap,0070086700867;node/3783292058,https://api.woosmap.com/stores?key=woos-c7283e70-7b4b-3c7d-bbfe-e65958b8769b&stores_by_page=300&page=1; https://www.openstreetmap.org/node/3783292058,2026-07-11T20:29:07+00:00
DEC-00581,Decathlon,Zone Commerciale AUCHAN,SAINT QUENTIN,Picardie,02100,France,FR,49.8604891,3.2525008,+33 3 23 50 37 00,https://www.decathlon.fr/store-view/magasin-de-sports-decathlon-saint-quentin-0070045000450,Mo-Sa 09:00-19:00,AllThePlaces / localisateur officiel,0070045000450,https://api.woosmap.com/stores?key=woos-c7283e70-7b4b-3c7d-bbfe-e65958b8769b&stores_by_page=300&page=1,2026-07-11T20:29:07+00:00
DEC-00582,Decathlon,ROUTE DE MONTÉLIMAR - ZAC LES TERRES DE MILLET,SAINT-DIDIER-SOUS-AUBENAS,Rhone-Alpes,07200,France,FR,44.6128326,4.4102840,+33 4 75 93 85 36,https://www.decathlon.fr/store-view/magasin-de-sports-aubenas-0070110801108,Mo-Sa 09:00-19:00,AllThePlaces / localisateur officiel; OpenStreetMap,0070110801108;node/3297345672,https://api.woosmap.com/stores?key=woos-c7283e70-7b4b-3c7d-bbfe-e65958b8769b&stores_by_page=300&page=1; https://www.openstreetmap.org/node/3297345672,2026-07-11T20:29:07+00:00
DEC-00583,Decathlon,1 Bis Rue de bellegarde,SAINTES,Poitou-Charentes,17100,France,FR,45.7497492,-0.6759814,+33 5 46 90 78 65,https://www.decathlon.fr/store-view/magasin-de-sports-saintes-0070064100641,Mo-Sa 09:00-19:00,AllThePlaces / localisateur officiel; OpenStreetMap,0070064100641;way/203238018,https://api.woosmap.com/stores?key=woos-c7283e70-7b4b-3c7d-bbfe-e65958b8769b&stores_by_page=300&page=1; https://www.openstreetmap.org/way/203238018,2026-07-11T20:29:07+00:00
DEC-00584,Decathlon,Rue de la Gravelle,SARCEAUX,Lower Normandy,61200,France,FR,48.7303148,-0.0392096,+33 2 33 12 14 40,https://www.decathlon.fr/store-view/magasin-de-sports-argentan-sarceaux-0070048100481,"Mo-Fr 09:30-12:30,14:00-19:00; Sa 09:30-19:00",AllThePlaces / localisateur officiel; OpenStreetMap,0070048100481;way/310293319,https://api.woosmap.com/stores?key=woos-c7283e70-7b4b-3c7d-bbfe-e65958b8769b&stores_by_page=300&page=1; https://www.openstreetmap.org/way/310293319,2026-07-11T20:29:07+00:00
DEC-00585,Decathlon,"Centre commercial Atrium, lieu dit Pernicaggio",SARROLA CARCOPINO,Corsica,20167,France,FR,41.9543000,8.7961000,+33 4 95 21 12 11,https://www.decathlon.fr/store-view/magasin-de-sports-ajaccio-0070106701067,Mo-Sa 09:30-19:00,AllThePlaces / localisateur officiel; OpenStreetMap,0070106701067;way/539015034,https://api.woosmap.com/stores?key=woos-c7283e70-7b4b-3c7d-bbfe-e65958b8769b&stores_by_page=300&page=1; https://www.openstreetmap.org/way/539015034,2026-07-11T20:29:07+00:00
DEC-00586,Decathlon,"Rue Cesar Vuarchex, ZC Val d'Arve",SCIONZIER,Rhone-Alpes,74950,France,FR,46.0695481,6.5494478,+33 4 50 47 92 70,https://www.decathlon.fr/store-view/magasin-de-sports-cluses-scionzier-0070130201302,Mo-Sa 09:30-19:00,AllThePlaces / localisateur officiel; OpenStreetMap,0070130201302;node/11163891580,https://api.woosmap.com/stores?key=woos-c7283e70-7b4b-3c7d-bbfe-e65958b8769b&stores_by_page=300&page=1; https://www.openstreetmap.org/node/11163891580,2026-07-11T20:29:07+00:00
DEC-00587,Decathlon,Avenue de la Boutillerie,SEQUEDIN,Nord-Pas-de-Calais,59320,France,FR,50.6289155,2.9718339,+33 3 20 00 17 01,https://www.decathlon.fr/store-view/magasin-de-sports-decathlon-englos-sequedin-0070000100001,Mo 09:00-19:32; Tu-Fr 09:00-19:30; Sa 09:00-20:00,AllThePlaces / localisateur officiel; OpenStreetMap,0070000100001;node/12565349331;node/12565352657;node/12565353357;node/12565356201;node/12565360733;way/160259885,https://api.woosmap.com/stores?key=woos-c7283e70-7b4b-3c7d-bbfe-e65958b8769b&stores_by_page=300&page=1; https://www.openstreetmap.org/node/12565349331; https://www.openstreetmap.org/node/12565352657; https://www.openstreetmap.org/node/12565353357; https://www.openstreetmap.org/node/12565356201; https://www.openstreetmap.org/node/12565360733; https://www.openstreetmap.org/way/160259885,2026-07-11T20:29:07+00:00
DEC-00588,Decathlon,"La Galerie Val SEMNOZ, Avenue d'Aix les Bains",SEYNOD,Rhone-Alpes,74600,France,FR,45.8760080,6.0879800,+33 4 56 41 06 00,https://www.decathlon.fr/store-view/magasin-de-sports-annecy-seynod-0070160701607,Mo-Sa 09:30-19:30,AllThePlaces / localisateur officiel; OpenStreetMap,0070160701607;node/5248373423,https://api.woosmap.com/stores?key=woos-c7283e70-7b4b-3c7d-bbfe-e65958b8769b&stores_by_page=300&page=1; https://www.openstreetmap.org/node/5248373423,2026-07-11T20:29:07+00:00
DEC-00589,Decathlon,PARC DES MOULINS - 79 route de Chevreux,SOISSONS,Picardie,02200,France,FR,49.3616921,3.3192306,+33 3 64 91 00 13,https://www.decathlon.fr/store-view/magasin-de-sports-decathlon-soissons-0070060300603,Mo-Sa 09:30-19:00,AllThePlaces / localisateur officiel; OpenStreetMap,0070060300603;node/7852236624,https://api.woosmap.com/stores?key=woos-c7283e70-7b4b-3c7d-bbfe-e65958b8769b&stores_by_page=300&page=1; https://www.openstreetmap.org/node/7852236624,2026-07-11T20:29:07+00:00
DEC-00590,Decathlon,"24, Place des Halles, Centre Commercial",STRASBOURG,Alsace,67000,France,FR,48.5867010,7.7418230,+33 3 67 43 00 42,https://www.decathlon.fr/store-view/magasin-de-sports-strasbourg-les-halles-0070192401924,Mo-Sa 09:00-20:00,AllThePlaces / localisateur officiel; OpenStreetMap,0070192401924;relation/19918401,https://api.woosmap.com/stores?key=woos-c7283e70-7b4b-3c7d-bbfe-e65958b8769b&stores_by_page=300&page=1; https://www.openstreetmap.org/relation/19918401,2026-07-11T20:29:07+00:00
DEC-00591,Decathlon,Avenue du Goëlo,Saint Agathon,Brittany,22200,France,FR,48.5602162,-3.1270968,+33 2 21 36 00 00,https://www.decathlon.fr/store-view/magasin-de-sports-guingamp-essentiel-0070248502485,"Mo-Sa 09:30-12:30,14:00-19:00",AllThePlaces / localisateur officiel; OpenStreetMap,0070248502485;node/9111782559,https://api.woosmap.com/stores?key=woos-c7283e70-7b4b-3c7d-bbfe-e65958b8769b&stores_by_page=300&page=2; https://www.openstreetmap.org/node/9111782559,2026-07-11T20:29:07+00:00
DEC-00592,Decathlon,"43, rue marocaz",Saint Alban Leysse,Rhone-Alpes,73230,France,FR,45.5741077,5.9491106,+33 4 79 85 37 85,https://www.decathlon.fr/store-view/magasin-de-sports-chambery-saint-alban-leysse-0070007600076,Mo-Sa 09:30-19:30,AllThePlaces / localisateur officiel; OpenStreetMap,0070007600076;node/8558278046;node/11207370182,https://api.woosmap.com/stores?key=woos-c7283e70-7b4b-3c7d-bbfe-e65958b8769b&stores_by_page=300&page=1; https://www.openstreetmap.org/node/8558278046; https://www.openstreetmap.org/node/11207370182,2026-07-11T20:29:07+00:00
DEC-00593,Decathlon,2/6 rue du mondial 98,Saint Denis,Ile-de-France,93210,France,FR,48.9255269,2.3627922,+33 1 49 46 42 00,https://www.decathlon.fr/store-view/magasin-de-sports-saint-denis-stade-de-france-0070020000200,Mo-Su 10:00-20:00,AllThePlaces / localisateur officiel,0070020000200,https://api.woosmap.com/stores?key=woos-c7283e70-7b4b-3c7d-bbfe-e65958b8769b&stores_by_page=300&page=1,2026-07-11T20:29:07+00:00
DEC-00594,Decathlon,"Rue des Mérovingiens, Zone Commerciale du Chêne Saint Amand",Saint Dizier,Champagne-Ardenne,52100,France,FR,48.6228240,4.9646780,+33 3 25 96 02 50,https://www.decathlon.fr/store-view/magasin-de-sports-saint-dizier-0070027700277,Mo-Sa 09:00-19:00,AllThePlaces / localisateur officiel; OpenStreetMap,0070027700277;way/409786824,https://api.woosmap.com/stores?key=woos-c7283e70-7b4b-3c7d-bbfe-e65958b8769b&stores_by_page=300&page=1; https://www.openstreetmap.org/way/409786824,2026-07-11T20:29:07+00:00
DEC-00595,Decathlon,ZAC D'HELLIEULE II,Saint Dié des Vosges,Lorraine,88100,France,FR,48.2929402,6.9359338,+33 3 29 42 12 40,https://www.decathlon.fr/store-view/magasin-de-sports-saint-die-des-vosges-0070022700227,Mo-Sa 09:00-19:00,AllThePlaces / localisateur officiel; OpenStreetMap,0070022700227;node/13057157283;way/31543909,https://api.woosmap.com/stores?key=woos-c7283e70-7b4b-3c7d-bbfe-e65958b8769b&stores_by_page=300&page=1; https://www.openstreetmap.org/node/13057157283; https://www.openstreetmap.org/way/31543909,2026-07-11T20:29:07+00:00
DEC-00596,Decathlon,Route nationale 76,Saint Doulchard,Centre,18230,France,FR,47.1190710,2.3760888,+33 2 48 23 02 02,https://www.decathlon.fr/store-view/magasin-de-sports-bourges-saint-doulchard-0070015600156,Mo-Sa 09:00-19:30,AllThePlaces / localisateur officiel; OpenStreetMap,0070015600156;way/320316243,https://api.woosmap.com/stores?key=woos-c7283e70-7b4b-3c7d-bbfe-e65958b8769b&stores_by_page=300&page=1; https://www.openstreetmap.org/way/320316243,2026-07-11T20:29:07+00:00
DEC-00597,Decathlon,3 rue de la Trémouillière,Saint Egrève,Rhone-Alpes,38120,France,FR,45.2402550,5.6684880,+33 4 76 75 02 76,https://www.decathlon.fr/store-view/magasin-de-sports-grenoble-saint-egreve-0070007100071,Mo-Sa 09:00-19:30,AllThePlaces / localisateur officiel; OpenStreetMap,0070007100071;way/66959726,https://api.woosmap.com/stores?key=woos-c7283e70-7b4b-3c7d-bbfe-e65958b8769b&stores_by_page=300&page=1; https://www.openstreetmap.org/way/66959726,2026-07-11T20:29:07+00:00
DEC-00598,Decathlon,ZAC Deves de la Condamine,Saint Jean de Védas,Languedoc-Roussillon,34430,France,FR,43.5713239,3.8453187,+33 4 99 52 89 00,https://www.decathlon.fr/store-view/magasin-de-sports-montpellier-saint-jean-de-vedas-0070004500045,Mo-Sa 09:00-19:30,AllThePlaces / localisateur officiel; OpenStreetMap,0070004500045;way/109900194,https://api.woosmap.com/stores?key=woos-c7283e70-7b4b-3c7d-bbfe-e65958b8769b&stores_by_page=300&page=1; https://www.openstreetmap.org/way/109900194,2026-07-11T20:29:07+00:00
DEC-00599,Decathlon,Lieu-dit Blanche Roche,Saint Jouan des Guerets,Brittany,35430,France,FR,48.6079717,-1.9798005,+33 2 99 19 15 60,https://www.decathlon.fr/store-view/magasin-de-sports-saint-malo-saint-jouan-0070018400184,Mo-Sa 09:00-19:30,AllThePlaces / localisateur officiel; OpenStreetMap,0070018400184;way/596560133,https://api.woosmap.com/stores?key=woos-c7283e70-7b4b-3c7d-bbfe-e65958b8769b&stores_by_page=300&page=1; https://www.openstreetmap.org/way/596560133,2026-07-11T20:29:07+00:00
DEC-00600,Decathlon,"210, RD 1006 - ZAC DU CHESNES",Saint Quentin Fallavier,Rhone-Alpes,38070,France,FR,45.6524140,5.1132714,+33 4 74 95 80 90,https://www.decathlon.fr/store-view/magasin-de-sports-entrepot-retrait-colis-decathlon-saint-quentin-fallavier-0070253702537,Mo 06:00-20:00; Tu 06:00-19:30; We-Fr 06:00-20:00; Sa 06:00-19:00,AllThePlaces / localisateur officiel,0070253702537,https://api.woosmap.com/stores?key=woos-c7283e70-7b4b-3c7d-bbfe-e65958b8769b&stores_by_page=300&page=2,2026-07-11T20:29:07+00:00
DEC-00601,Decathlon,240 avenue Boucicaut,Saint-André de Cubzac,Aquitaine,33240,France,FR,45.0100000,-0.4376000,+33 5 24 42 00 70,https://www.decathlon.fr/store-view/magasin-de-sports-saint-andre-de-cubzac-0070161101611,Mo-Sa 09:30-19:00,AllThePlaces / localisateur officiel; OpenStreetMap,0070161101611;node/7262871676,https://api.woosmap.com/stores?key=woos-c7283e70-7b4b-3c7d-bbfe-e65958b8769b&stores_by_page=300&page=1; https://www.openstreetmap.org/node/7262871676,2026-07-11T20:29:07+00:00
DEC-00602,Decathlon,,Saint-Etienne,Rhone-Alpes,,France,FR,45.4127982,4.4016707,,,,OpenStreetMap,node/12240884245,https://www.openstreetmap.org/node/12240884245,2026-07-11T20:29:07+00:00
DEC-00603,Decathlon,"Centre Commercial STEEL, 2 rue Ferrer",Saint-Etienne,Rhone-Alpes,42000,France,FR,45.4469769,4.4192168,+33 4 87 00 00 60,https://www.decathlon.fr/store-view/magasin-de-sports-decathlon-saint-etienne-monthieu-0070253402534,Mo-Sa 09:30-19:30,AllThePlaces / localisateur officiel,0070253402534,https://api.woosmap.com/stores?key=woos-c7283e70-7b4b-3c7d-bbfe-e65958b8769b&stores_by_page=300&page=2,2026-07-11T20:29:07+00:00
DEC-00604,Décathlon,70 Avenue Louis Bouchet,Saint-Georges-de-Didonne,Poitou-Charentes,,France,FR,45.6271654,-0.9986803,,,,OpenStreetMap,node/4927537215,https://www.openstreetmap.org/node/4927537215,2026-07-11T20:29:07+00:00
DEC-00605,Decathlon,,Saint-Herblain,Pays de la Loire,44800,France,FR,47.2238021,-1.6268433,+33 2 40 92 00 00,https://www.decathlon.fr/store-view/magasin-de-sports-decathlon-nantes-atlantis-saint-herblain-0070010000100,Mo-Sa 09:00-20:00,OpenStreetMap,node/1980177902;node/12290026670,https://www.openstreetmap.org/node/1980177902; https://www.openstreetmap.org/node/12290026670,2026-07-11T20:29:07+00:00
DEC-00606,Decathlon,240 rue Joseph Cugnot,Saint-Lô,Lower Normandy,50000,France,FR,49.1123310,-1.0489790,+33 2 33 77 39 00,https://www.decathlon.fr/store-view/magasin-de-sports-saint-lo-0070026400264,Mo-Sa 09:30-19:30,AllThePlaces / localisateur officiel; OpenStreetMap,0070026400264;way/37519217,https://api.woosmap.com/stores?key=woos-c7283e70-7b4b-3c7d-bbfe-e65958b8769b&stores_by_page=300&page=1; https://www.openstreetmap.org/way/37519217,2026-07-11T20:29:07+00:00
DEC-00607,Decathlon,"C.Cial Intermarché, 1 Parking",Saint-Marcel,Haute-Normandie,27950,France,FR,49.1016900,1.4541990,+33 2 32 96 31 09,https://www.decathlon.fr/store-view/magasin-de-sports-vernon-saint-marcel-essentiel-0070187601876,Mo-Sa 09:00-19:00,AllThePlaces / localisateur officiel; OpenStreetMap,0070187601876;node/9829291178;node/12133737811;way/279217890,https://api.woosmap.com/stores?key=woos-c7283e70-7b4b-3c7d-bbfe-e65958b8769b&stores_by_page=300&page=1; https://www.openstreetmap.org/node/9829291178; https://www.openstreetmap.org/node/12133737811; https://www.openstreetmap.org/way/279217890,2026-07-11T20:29:07+00:00
DEC-00608,Decathlon,"Zone Artisanale du Grand Launay, AR BRUG",Saint-Martin-des-Champs,Brittany,29600,France,FR,48.5777722,-3.8564320,+33 2 98 63 42 88,https://www.decathlon.fr/store-view/magasin-de-sports-morlaix-0070015900159,Mo-Sa 09:30-19:00,AllThePlaces / localisateur officiel; OpenStreetMap,0070015900159;node/10694850752,https://api.woosmap.com/stores?key=woos-c7283e70-7b4b-3c7d-bbfe-e65958b8769b&stores_by_page=300&page=1; https://www.openstreetmap.org/node/10694850752,2026-07-11T20:29:07+00:00
DEC-00609,Decathlon,,Saint-Paul-les-Dax,Aquitaine,,France,FR,43.7434586,-1.0548308,,https://www.afficion.fr/panneaux/1728.pdf,,OpenStreetMap,node/10684368982,https://www.openstreetmap.org/node/10684368982,2026-07-11T20:29:07+00:00
DEC-00610,Decathlon,21 avenue du Moulin Blanc,Saint-Pierre-d'Oléron,Poitou-Charentes,17310,France,FR,45.9346784,-1.3007765,+33 5 23 52 00 20,https://www.decathlon.fr/store-view/magasin-de-sports-ile-d-oleron-contact-0070187401874,,AllThePlaces / localisateur officiel; OpenStreetMap,0070187401874;way/111366607,https://api.woosmap.com/stores?key=woos-c7283e70-7b4b-3c7d-bbfe-e65958b8769b&stores_by_page=300&page=1; https://www.openstreetmap.org/way/111366607,2026-07-11T20:29:07+00:00
DEC-00611,Decathlon,Zone Commerciale AUCHAN,Saint-Quentin,Picardie,02100,France,FR,49.8564755,3.2512300,+33 3 23 50 37 00,https://www.decathlon.fr/store-view/magasin-de-sports-decathlon-saint-quentin-0070045000450,Mo-Sa 09:00-20:00,OpenStreetMap,way/130231755,https://www.openstreetmap.org/way/130231755,2026-07-11T20:29:07+00:00
DEC-00612,Decathlon,,Saint-Étienne,Rhone-Alpes,,France,FR,45.4450212,4.4237680,+33 4 87 00 00 60,https://www.decathlon.fr/store-view/magasin-de-sports-decathlon-saint-etienne-monthieu-0070253402534,Mo-Sa 09:30-19:30,OpenStreetMap,node/7921245430,https://www.openstreetmap.org/node/7921245430,2026-07-11T20:29:07+00:00
DEC-00613,Decathlon,Zone Industrielle de la Croix Blanche,Sainte Genevieve des Bois,Ile-de-France,91700,France,FR,48.6257445,2.3438520,+33 1 60 15 33 13,https://www.decathlon.fr/store-view/magasin-de-sports-sainte-genevieve-des-bois-0070001400014,Mo-Su 09:30-19:30,AllThePlaces / localisateur officiel; OpenStreetMap,0070001400014;way/115359001,https://api.woosmap.com/stores?key=woos-c7283e70-7b4b-3c7d-bbfe-e65958b8769b&stores_by_page=300&page=1; https://www.openstreetmap.org/way/115359001,2026-07-11T20:29:07+00:00
DEC-00614,Decathlon,"Zone GREEN 7, RN7, Avenue Plein Sud",Salaise Sur Sanne,Rhone-Alpes,38150,France,FR,45.3277093,4.8049222,+33 4 74 31 92 15,https://www.decathlon.fr/store-view/magasin-de-sports-salaise-sur-sanne-0070072400724,Mo-Sa 09:00-19:30,AllThePlaces / localisateur officiel; OpenStreetMap,0070072400724;way/323897722,https://api.woosmap.com/stores?key=woos-c7283e70-7b4b-3c7d-bbfe-e65958b8769b&stores_by_page=300&page=1; https://www.openstreetmap.org/way/323897722,2026-07-11T20:29:07+00:00
DEC-00615,Decathlon,,Sanary-sur-Mer,Provence-Alpes-Cote d'Azur,,France,FR,43.1113337,5.8123526,+33 4 94 26 41 55,https://www.decathlon.fr/store-view/magasin-de-sports-six-fours-plage-de-bonnegrace-0070187501875,"Mo-Su 10:00-13:00,14:00-19:00",OpenStreetMap,node/10152038074,https://www.openstreetmap.org/node/10152038074,2026-07-11T20:29:07+00:00
DEC-00616,Decathlon,2601 Route Nationale 20,Saran,Centre,45770,France,FR,47.9620429,1.8813688,+33 2 79 64 01 30,https://www.decathlon.fr/store-view/magasin-de-sports-saran-0070326303263,Mo-Sa 09:30-19:30,AllThePlaces / localisateur officiel; OpenStreetMap,0070326303263;node/12558778593,https://api.woosmap.com/stores?key=woos-c7283e70-7b4b-3c7d-bbfe-e65958b8769b&stores_by_page=300&page=2; https://www.openstreetmap.org/node/12558778593,2026-07-11T20:29:07+00:00
DEC-00617,Decathlon,"38 route de lot, Centre commercial E.Leclerc",Sarlat-la-Canéda,Aquitaine,24200,France,FR,44.8755560,1.2218760,+33 5 33 44 00 72,https://www.decathlon.fr/store-view/magasin-de-sports-sarlat-la-caneda-0070194001940,"Mo-Fr 09:30-12:30,14:00-19:00; Sa 09:30-19:00",AllThePlaces / localisateur officiel; OpenStreetMap,0070194001940;node/6794990087,https://api.woosmap.com/stores?key=woos-c7283e70-7b4b-3c7d-bbfe-e65958b8769b&stores_by_page=300&page=1; https://www.openstreetmap.org/node/6794990087,2026-07-11T20:29:07+00:00
DEC-00618,Decathlon,Zone artisanale les terrasses de la Sarre,Sarrebourg,Lorraine,57400,France,FR,48.7191826,7.0427053,+33 3 87 25 78 90,https://www.decathlon.fr/store-view/magasin-de-sports-sarrebourg-0070027600276,Mo-Sa 09:00-19:00,AllThePlaces / localisateur officiel; OpenStreetMap,0070027600276;way/312136638,https://api.woosmap.com/stores?key=woos-c7283e70-7b4b-3c7d-bbfe-e65958b8769b&stores_by_page=300&page=1; https://www.openstreetmap.org/way/312136638,2026-07-11T20:29:07+00:00
DEC-00619,Decathlon,Avenue des Maréchaux,Saumur,Pays de la Loire,49400,France,FR,47.2637035,-0.0928814,+33 2 41 53 79 79,https://www.decathlon.fr/store-view/magasin-de-sports-saumur-0070029800298,Mo-Sa 09:00-19:30,AllThePlaces / localisateur officiel; OpenStreetMap,0070029800298;node/8651595464;node/10741285940;way/152576786,https://api.woosmap.com/stores?key=woos-c7283e70-7b4b-3c7d-bbfe-e65958b8769b&stores_by_page=300&page=1; https://www.openstreetmap.org/node/8651595464; https://www.openstreetmap.org/node/10741285940; https://www.openstreetmap.org/way/152576786,2026-07-11T20:29:07+00:00
DEC-00620,Decathlon,Zone d Activites Commerciales Euromoselle,Semécourt,Lorraine,57280,France,FR,49.1906195,6.1438809,+33 3 87 51 24 00,https://www.decathlon.fr/store-view/magasin-de-sports-metz-semecourt-0070019500195,Mo-Sa 09:00-19:00,AllThePlaces / localisateur officiel; OpenStreetMap,0070019500195;node/5466761101,https://api.woosmap.com/stores?key=woos-c7283e70-7b4b-3c7d-bbfe-e65958b8769b&stores_by_page=300&page=1; https://www.openstreetmap.org/node/5466761101,2026-07-11T20:29:07+00:00
DEC-00621,Decathlon,Zone commerciale Porte de Bourgogne - Plaine de Champbertrand,Sens,Bourgogne,89100,France,FR,48.1717081,3.2879544,+33 3 86 83 10 75,https://www.decathlon.fr/store-view/magasin-de-sports-sens-0070077400774,"Mo 08:00-12:00,14:00-18:00; Tu-Su 08:00-18:00",AllThePlaces / localisateur officiel; OpenStreetMap,0070077400774;way/1441866113;way/1441866114;way/1441872945;way/255380901,https://api.woosmap.com/stores?key=woos-c7283e70-7b4b-3c7d-bbfe-e65958b8769b&stores_by_page=300&page=1; https://www.openstreetmap.org/way/1441866113; https://www.openstreetmap.org/way/1441866114; https://www.openstreetmap.org/way/1441872945; https://www.openstreetmap.org/way/255380901,2026-07-11T20:29:07+00:00
DEC-00622,Decathlon,Parc commercial val de durance,Sisteron,Provence-Alpes-Cote d'Azur,04200,France,FR,44.2365935,5.9095293,+33 4 92 30 10 52,https://www.decathlon.fr/store-view/magasin-de-sports-sisteron-essentiel-0070112301123,Mo-Sa 09:30-19:00,AllThePlaces / localisateur officiel; OpenStreetMap,0070112301123;way/1237901733,https://api.woosmap.com/stores?key=woos-c7283e70-7b4b-3c7d-bbfe-e65958b8769b&stores_by_page=300&page=1; https://www.openstreetmap.org/way/1237901733,2026-07-11T20:29:07+00:00
DEC-00623,Decathlon,Rue René CASSIN,St Marcel,Bourgogne,71380,France,FR,46.7713673,4.8677223,+33 3 85 90 87 20,https://www.decathlon.fr/store-view/magasin-de-sports-chalon-sur-saone-0070040300403,Mo-Sa 09:00-19:30,AllThePlaces / localisateur officiel; OpenStreetMap,0070040300403;node/3042032514;way/126329752,https://api.woosmap.com/stores?key=woos-c7283e70-7b4b-3c7d-bbfe-e65958b8769b&stores_by_page=300&page=1; https://www.openstreetmap.org/node/3042032514; https://www.openstreetmap.org/way/126329752,2026-07-11T20:29:07+00:00
DEC-00624,Decathlon,"Centre commercial Auchan, Place André Maurois",Strasbourg,Alsace,67200,France,FR,48.5908336,7.6980015,+33 3 90 20 47 20,https://www.decathlon.fr/store-view/magasin-de-sports-strasbourg-hautepierre-0070002000020,Mo-Sa 09:30-19:30,AllThePlaces / localisateur officiel,0070002000020,https://api.woosmap.com/stores?key=woos-c7283e70-7b4b-3c7d-bbfe-e65958b8769b&stores_by_page=300&page=1,2026-07-11T20:29:07+00:00
DEC-00625,Decathlon,"CAP RANCE, Route de Dinard",TADEN,Brittany,22100,France,FR,48.4753741,-2.0411662,+33 2 96 41 75 69,https://www.decathlon.fr/store-view/magasin-de-sports-dinan-taden-0070072000720,Mo-Sa 09:30-19:00,AllThePlaces / localisateur officiel; OpenStreetMap,0070072000720;way/225466427,https://api.woosmap.com/stores?key=woos-c7283e70-7b4b-3c7d-bbfe-e65958b8769b&stores_by_page=300&page=1; https://www.openstreetmap.org/way/225466427,2026-07-11T20:29:07+00:00
DEC-00626,Decathlon,7 Chemin Cognac,TARBES,Midi-Pyrenees,65000,France,FR,43.2365730,0.0470935,+33 5 62 56 33 44,https://www.decathlon.fr/store-view/magasin-de-sports-tarbes-0070023900239,Mo-Sa 09:00-19:30,AllThePlaces / localisateur officiel; OpenStreetMap,0070023900239;node/8949705934;way/122321235,https://api.woosmap.com/stores?key=woos-c7283e70-7b4b-3c7d-bbfe-e65958b8769b&stores_by_page=300&page=1; https://www.openstreetmap.org/node/8949705934; https://www.openstreetmap.org/way/122321235,2026-07-11T20:29:07+00:00
DEC-00627,Decathlon,26 rue Georges Meliès,TOURS,Centre,37100,France,FR,47.4281582,0.7072685,+33 2 47 49 04 05,https://www.decathlon.fr/store-view/magasin-de-sports-tours-nord-0070008000080,Mo-Sa 09:30-19:30,AllThePlaces / localisateur officiel; OpenStreetMap,0070008000080;node/12657480530;way/69409731,https://api.woosmap.com/stores?key=woos-c7283e70-7b4b-3c7d-bbfe-e65958b8769b&stores_by_page=300&page=1; https://www.openstreetmap.org/node/12657480530; https://www.openstreetmap.org/way/69409731,2026-07-11T20:29:07+00:00
DEC-00628,Decathlon,"Rue Nationale Les Mazurieux, Zone Commerciale Saint Jacques",TRIE-CHÂTEAU,Picardie,60590,France,FR,49.2879428,1.8015911,+33 3 44 12 24 98,https://www.decathlon.fr/store-view/magasin-de-sports-decathlon-essentiel-trie-chateau-0070112601126,Mo-Sa 09:30-19:00,AllThePlaces / localisateur officiel; OpenStreetMap,0070112601126;way/271422271,https://api.woosmap.com/stores?key=woos-c7283e70-7b4b-3c7d-bbfe-e65958b8769b&stores_by_page=300&page=1; https://www.openstreetmap.org/way/271422271,2026-07-11T20:29:07+00:00
DEC-00629,Decathlon,3 Rue de la Résistance,Thiais,Ile-de-France,94320,France,FR,48.7577619,2.3858968,+33 1 57 02 11 20,https://www.decathlon.fr/store-view/magasin-de-sports-thiais-village-0070046800468,Mo-Su 10:00-20:00,AllThePlaces / localisateur officiel; OpenStreetMap,0070046800468;way/200140758,https://api.woosmap.com/stores?key=woos-c7283e70-7b4b-3c7d-bbfe-e65958b8769b&stores_by_page=300&page=1; https://www.openstreetmap.org/way/200140758,2026-07-11T20:29:07+00:00
DEC-00630,Decathlon,"Zone d'Activité du Pré-Jacquet, Centre commercial Val Thoiry",Thoiry,Rhone-Alpes,01710,France,FR,46.2282276,5.9937319,+33 4 50 42 72 44,https://www.decathlon.fr/store-view/magasin-de-sports-val-thoiry-0070160201602,Mo-Fr 09:30-20:00; Sa 09:00-20:00,AllThePlaces / localisateur officiel; OpenStreetMap,0070160201602;way/1148904690,https://api.woosmap.com/stores?key=woos-c7283e70-7b4b-3c7d-bbfe-e65958b8769b&stores_by_page=300&page=1; https://www.openstreetmap.org/way/1148904690,2026-07-11T20:29:07+00:00
DEC-00631,Decathlon,14 - Les hauts vents,Tollevast,Lower Normandy,50470,France,FR,49.5968909,-1.6034308,+33 2 33 23 60 30,https://www.decathlon.fr/store-view/magasin-de-sports-cherbourg-0070017800178,Mo-Sa 09:00-19:30,AllThePlaces / localisateur officiel; OpenStreetMap,0070017800178;node/13208907607;node/13231845967;way/718378822,https://api.woosmap.com/stores?key=woos-c7283e70-7b4b-3c7d-bbfe-e65958b8769b&stores_by_page=300&page=1; https://www.openstreetmap.org/node/13208907607; https://www.openstreetmap.org/node/13231845967; https://www.openstreetmap.org/way/718378822,2026-07-11T20:29:07+00:00
DEC-00632,Decathlon,"2, boulevard d Arcole",Toulouse,Midi-Pyrenees,31000,France,FR,43.6109060,1.4431000,+33 5 61 62 24 49,https://www.decathlon.fr/store-view/magasin-de-sports-toulouse-centre-ville-0070004900049,Mo-Sa 09:30-19:30,AllThePlaces / localisateur officiel; OpenStreetMap,0070004900049;node/2500654345,https://api.woosmap.com/stores?key=woos-c7283e70-7b4b-3c7d-bbfe-e65958b8769b&stores_by_page=300&page=1; https://www.openstreetmap.org/node/2500654345,2026-07-11T20:29:07+00:00
DEC-00633,Decathlon,"Kipstadium, 70 rue de l'Union",Tourcoing,Nord-Pas-de-Calais,59200,France,FR,50.7099000,3.1737000,+33 9 69 32 14 42,https://www.decathlon.fr/store-view/magasin-de-sports-point-de-collecte-kipstadium-espace-clubs-et-assos-0070093300933,"Mo-Fr 09:00-12:00,13:30-18:30",AllThePlaces / localisateur officiel; OpenStreetMap,0070093300933;node/5559932500,https://api.woosmap.com/stores?key=woos-c7283e70-7b4b-3c7d-bbfe-e65958b8769b&stores_by_page=300&page=1; https://www.openstreetmap.org/node/5559932500,2026-07-11T20:29:07+00:00
DEC-00634,Decathlon,ZAC du Clos aux Antes,Tourville La rivière,Haute-Normandie,76410,France,FR,49.3275561,1.0948720,+33 2 32 96 31 00,https://www.decathlon.fr/store-view/magasin-de-sports-rouen-tourville-la-riviere-0070008900089,Mo-Sa 09:00-20:00,AllThePlaces / localisateur officiel; OpenStreetMap,0070008900089;way/100939496,https://api.woosmap.com/stores?key=woos-c7283e70-7b4b-3c7d-bbfe-e65958b8769b&stores_by_page=300&page=1; https://www.openstreetmap.org/way/100939496,2026-07-11T20:29:07+00:00
DEC-00635,Decathlon,33 Route du plan,Trans en Provence,Provence-Alpes-Cote d'Azur,83720,France,FR,43.5038250,6.4827140,+33 4 94 50 96 96,https://www.decathlon.fr/store-view/magasin-de-sports-draguignan-trans-en-provence-0070017100171,Mo-Sa 09:00-19:00,AllThePlaces / localisateur officiel; OpenStreetMap,0070017100171;way/590459613,https://api.woosmap.com/stores?key=woos-c7283e70-7b4b-3c7d-bbfe-e65958b8769b&stores_by_page=300&page=1; https://www.openstreetmap.org/way/590459613,2026-07-11T20:29:07+00:00
DEC-00636,Decathlon,"1, rue Claude Sautet",Tregueux,Brittany,22950,France,FR,48.4915099,-2.7577974,+33 2 96 75 04 08,https://www.decathlon.fr/store-view/magasin-de-sports-saint-brieuc-tregueux-0070019800198,Mo-Sa 09:30-19:30,AllThePlaces / localisateur officiel; OpenStreetMap,0070019800198;node/7935091785;way/144299146,https://api.woosmap.com/stores?key=woos-c7283e70-7b4b-3c7d-bbfe-e65958b8769b&stores_by_page=300&page=1; https://www.openstreetmap.org/node/7935091785; https://www.openstreetmap.org/way/144299146,2026-07-11T20:29:07+00:00
DEC-00637,Decathlon,Centre Commercial Citea 2 Quai Continsouza,Tulle,Limousin,19000,France,FR,45.2731390,1.7746780,+33 5 55 26 28 50,https://www.decathlon.fr/store-view/magasin-de-sports-tulle-essentiel-0070111601116,"Mo-Sa 09:30-12:30,13:30-19:00",AllThePlaces / localisateur officiel; OpenStreetMap,0070111601116;node/5208270144,https://api.woosmap.com/stores?key=woos-c7283e70-7b4b-3c7d-bbfe-e65958b8769b&stores_by_page=300&page=1; https://www.openstreetmap.org/node/5208270144,2026-07-11T20:29:07+00:00
DEC-00638,Decathlon,lotissement camieta,URRUGNE,Aquitaine,64122,France,FR,43.3756202,-1.6758349,+33 5 23 52 00 10,https://www.decathlon.fr/store-view/magasin-de-sports-urrugne-saint-jean-de-luz-0070319203192,"Mo-Fr 10:00-12:30,14:30-19:00; Sa 10:00-19:00",AllThePlaces / localisateur officiel; OpenStreetMap,0070319203192;node/11197847618,https://api.woosmap.com/stores?key=woos-c7283e70-7b4b-3c7d-bbfe-e65958b8769b&stores_by_page=300&page=2; https://www.openstreetmap.org/node/11197847618,2026-07-11T20:29:07+00:00
DEC-00639,Decathlon,19 RUE MARCEL BARBU,VALENCE,Rhone-Alpes,26000,France,FR,44.9405565,4.9178320,+33 4 75 86 27 00,https://www.decathlon.fr/store-view/magasin-de-sports-decathlon-valence-0070035300353,Mo-Sa 09:00-19:30,AllThePlaces / localisateur officiel; OpenStreetMap,0070035300353;way/682979233,https://api.woosmap.com/stores?key=woos-c7283e70-7b4b-3c7d-bbfe-e65958b8769b&stores_by_page=300&page=1; https://www.openstreetmap.org/way/682979233,2026-07-11T20:29:07+00:00
DEC-00640,Decathlon,Centre commercial du Bréau,VARENNES SUR SEINE,Ile-de-France,77130,France,FR,48.3629523,2.9544895,+33 1 64 69 50 80,https://www.decathlon.fr/store-view/magasin-de-sports-varennes-sur-seine-0070054900549,Mo-Sa 09:30-19:30,AllThePlaces / localisateur officiel; OpenStreetMap,0070054900549;way/176430795,https://api.woosmap.com/stores?key=woos-c7283e70-7b4b-3c7d-bbfe-e65958b8769b&stores_by_page=300&page=1; https://www.openstreetmap.org/way/176430795,2026-07-11T20:29:07+00:00
DEC-00641,Decathlon,33 avenue de l'Europe,VELIZY VILLACOUBLAY,Ile-de-France,78140,France,FR,48.7831058,2.2193354,+33 1 34 65 08 08,https://www.decathlon.fr/store-view/magasin-de-sports-velizy-0070001600016,Mo-Sa 09:30-20:00; Su 09:30-19:30,AllThePlaces / localisateur officiel; OpenStreetMap,0070001600016;0070007400074;way/607396797,https://api.woosmap.com/stores?key=woos-c7283e70-7b4b-3c7d-bbfe-e65958b8769b&stores_by_page=300&page=1; https://www.openstreetmap.org/way/607396797,2026-07-11T20:29:07+00:00
DEC-00642,Decathlon,1 Rue Jean Mermoz,VENDIN LE VIEIL,Nord-Pas-de-Calais,62880,France,FR,50.4633983,2.8290720,+33 3 21 70 60 60,https://www.decathlon.fr/store-view/magasin-de-sports-decathlon-lens-vendin-le-vieil-0070009600096,Mo-Sa 09:30-19:30,AllThePlaces / localisateur officiel; OpenStreetMap,0070009600096;node/12376063819;way/69674741,https://api.woosmap.com/stores?key=woos-c7283e70-7b4b-3c7d-bbfe-e65958b8769b&stores_by_page=300&page=1; https://www.openstreetmap.org/node/12376063819; https://www.openstreetmap.org/way/69674741,2026-07-11T20:29:07+00:00
DEC-00643,Decathlon,Rue des Grands Chataigniers,VERTOU,Pays de la Loire,44120,France,FR,47.1786475,-1.5019145,+33 2 51 71 23 23,https://www.decathlon.fr/store-view/magasin-de-sports-decathlon-nantes-vertou-0070003400034,Mo-Sa 09:00-20:00,AllThePlaces / localisateur officiel; OpenStreetMap,0070003400034;way/360902738,https://api.woosmap.com/stores?key=woos-c7283e70-7b4b-3c7d-bbfe-e65958b8769b&stores_by_page=300&page=1; https://www.openstreetmap.org/way/360902738,2026-07-11T20:29:07+00:00
DEC-00644,Decathlon,Route de Vendôme,VILLEBAROU,Centre,41000,France,FR,47.6194342,1.3019644,+33 2 54 33 50 50,https://www.decathlon.fr/store-view/magasin-de-sports-blois-0070029700297,Mo-Sa 09:00-19:30,AllThePlaces / localisateur officiel; OpenStreetMap,0070029700297;node/10944178968;way/250219894,https://api.woosmap.com/stores?key=woos-c7283e70-7b4b-3c7d-bbfe-e65958b8769b&stores_by_page=300&page=1; https://www.openstreetmap.org/node/10944178968; https://www.openstreetmap.org/way/250219894,2026-07-11T20:29:07+00:00
DEC-00645,Decathlon,"121, boulevard de Valmy",VILLENEUVE D'ASCQ,Nord-Pas-de-Calais,59650,France,FR,50.6162206,3.1275523,+33 3 20 91 61 03,https://www.decathlon.fr/store-view/magasin-de-sports-decathlon-villeneuve-d-ascq-ccial-v2-lille-0070001500015,Mo-Sa 09:30-19:30,AllThePlaces / localisateur officiel; OpenStreetMap,0070001500015;node/9643318229;node/10268928465;node/10268928467;node/10268928468;node/10268928469;node/10268928470;way/79049914,https://api.woosmap.com/stores?key=woos-c7283e70-7b4b-3c7d-bbfe-e65958b8769b&stores_by_page=300&page=1; https://www.openstreetmap.org/node/9643318229; https://www.openstreetmap.org/node/10268928465; https://www.openstreetmap.org/node/10268928467; https://www.openstreetmap.org/node/10268928468; https://www.openstreetmap.org/node/10268928469; https://www.openstreetmap.org/node/10268928470; https://www.openstreetmap.org/way/79049914,2026-07-11T20:29:07+00:00
DEC-00646,Decathlon,4 Boulevard de Mons,VILLENEUVE D'ASCQ,Nord-Pas-de-Calais,59650,France,FR,50.6451370,3.1416338,+33 3 20 33 50 22,https://www.decathlon.fr/store-view/magasin-de-sports-decathlon-villeneuve-d-ascq-campus-0070011800118,Mo 09:00-20:01; We 09:00-14:00; Th-Sa 09:00-20:00,AllThePlaces / localisateur officiel; OpenStreetMap,0070011800118;node/5635187152;way/181672215;way/181677507,https://api.woosmap.com/stores?key=woos-c7283e70-7b4b-3c7d-bbfe-e65958b8769b&stores_by_page=300&page=1; https://www.openstreetmap.org/node/5635187152; https://www.openstreetmap.org/way/181672215; https://www.openstreetmap.org/way/181677507,2026-07-11T20:29:07+00:00
DEC-00647,Decathlon,Avenue Padovani,VITROLLES,Provence-Alpes-Cote d'Azur,13127,France,FR,43.4362656,5.2563218,+33 4 42 15 10 50,https://www.decathlon.fr/store-view/magasin-de-sports-vitrolles-0070005400054,Mo-Sa 09:00-19:30,AllThePlaces / localisateur officiel; OpenStreetMap,0070005400054;way/402366234,https://api.woosmap.com/stores?key=woos-c7283e70-7b4b-3c7d-bbfe-e65958b8769b&stores_by_page=300&page=1; https://www.openstreetmap.org/way/402366234,2026-07-11T20:29:07+00:00
DEC-00648,Decathlon,"1 rue Jacques Rueff, Derrière E.Leclerc et Cinéville",Vannes,Brittany,56000,France,FR,47.6682348,-2.7885843,+33 2 97 62 78 78,https://www.decathlon.fr/store-view/magasin-de-sports-vannes-0070030800308,Mo-Sa 09:00-19:30,AllThePlaces / localisateur officiel; OpenStreetMap,0070030800308;way/144035899,https://api.woosmap.com/stores?key=woos-c7283e70-7b4b-3c7d-bbfe-e65958b8769b&stores_by_page=300&page=1; https://www.openstreetmap.org/way/144035899,2026-07-11T20:29:07+00:00
DEC-00649,Decathlon,"Route Nationale 6, Zone Jacquard",Varennes les Macon,Bourgogne,71000,France,FR,46.2782716,4.8032217,+33 3 85 20 51 00,https://www.decathlon.fr/store-view/magasin-de-sports-macon-0070011000110,Mo-Sa 09:00-19:30,AllThePlaces / localisateur officiel; OpenStreetMap,0070011000110;node/13595568033;node/6467002965,https://api.woosmap.com/stores?key=woos-c7283e70-7b4b-3c7d-bbfe-e65958b8769b&stores_by_page=300&page=1; https://www.openstreetmap.org/node/13595568033; https://www.openstreetmap.org/node/6467002965,2026-07-11T20:29:07+00:00
DEC-00650,Decathlon,235 Rue des Mâchurons,Villard-de-Lans,Rhone-Alpes,38250,France,FR,45.0885583,5.5594806,+33 9 60 08 97 26,https://www.decathlon.fr/store-view/magasin-de-sports-villard-de-lans-0070354203542,,OpenStreetMap,way/234835472,https://www.openstreetmap.org/way/234835472,2026-07-11T20:29:07+00:00
DEC-00651,Decathlon,"Rue de Chabannes, ZAC de Montravel",Villars,Rhone-Alpes,42390,France,FR,45.4687097,4.3436405,+33 4 77 93 00 21,https://www.decathlon.fr/store-view/magasin-de-sports-decathlon-saint-etienne-villars-0070008300083,Mo-Sa 09:00-19:30,AllThePlaces / localisateur officiel; OpenStreetMap,0070008300083;way/866937675,https://api.woosmap.com/stores?key=woos-c7283e70-7b4b-3c7d-bbfe-e65958b8769b&stores_by_page=300&page=1; https://www.openstreetmap.org/way/866937675,2026-07-11T20:29:07+00:00
DEC-00652,Decathlon,Centre Commercial Villebon 2 Avenue de la Plesse,Villebon-sur-Yvette,Ile-de-France,91140,France,FR,48.7025240,2.2565400,+33 1 69 31 27 22,https://www.decathlon.fr/store-view/magasin-de-sports-villebon-sur-yvette-essentiel-0070112501125,Mo-Sa 10:00-19:30; Su 10:00-19:00,AllThePlaces / localisateur officiel; OpenStreetMap,0070112501125;node/2383462788,https://api.woosmap.com/stores?key=woos-c7283e70-7b4b-3c7d-bbfe-e65958b8769b&stores_by_page=300&page=1; https://www.openstreetmap.org/node/2383462788,2026-07-11T20:29:07+00:00
DEC-00653,Decathlon,"1840, Route de Frans",Villefranche sur Saône,Rhone-Alpes,69400,France,FR,45.9823386,4.7439058,+33 4 69 47 28 20,https://www.decathlon.fr/store-view/magasin-de-sports-villefranche-sur-saone-0070083400834,Mo-Sa 09:00-19:30,AllThePlaces / localisateur officiel; OpenStreetMap,0070083400834;node/2567080524,https://api.woosmap.com/stores?key=woos-c7283e70-7b4b-3c7d-bbfe-e65958b8769b&stores_by_page=300&page=1; https://www.openstreetmap.org/node/2567080524,2026-07-11T20:29:07+00:00
DEC-00654,Decathlon,"Avenue Jean Monnet, ZAC de la Méridienne",Villeneuve les Béziers,Languedoc-Roussillon,34420,France,FR,43.3350040,3.2842070,+33 4 67 35 18 20,https://www.decathlon.fr/store-view/magasin-de-sports-villeneuve-les-beziers-0070006600066,Mo-Sa 09:00-20:00,AllThePlaces / localisateur officiel; OpenStreetMap,0070006600066;way/782264442,https://api.woosmap.com/stores?key=woos-c7283e70-7b4b-3c7d-bbfe-e65958b8769b&stores_by_page=300&page=1; https://www.openstreetmap.org/way/782264442,2026-07-11T20:29:07+00:00
DEC-00655,Decathlon,,Villeneuve-Saint-Georges,Ile-de-France,,France,FR,48.7357340,2.4469320,,,,OpenStreetMap,node/10270359062,https://www.openstreetmap.org/node/10270359062,2026-07-11T20:29:07+00:00
DEC-00656,Decathlon City,,Villeurbanne,Rhone-Alpes,,France,FR,45.7692832,4.8791379,,https://www.decathlon.fr/store-view/magasin-de-sports-villeurbanne-lyon-city-0070362003620,Mo-Sa 09:30-19:00,OpenStreetMap,node/13968036267,https://www.openstreetmap.org/node/13968036267,2026-07-11T20:29:07+00:00
DEC-00657,Decathlon,Centre Commercial Carrefour,Villiers en Biere,Ile-de-France,77190,France,FR,48.5005647,2.5837827,+33 1 64 39 09 00,https://www.decathlon.fr/store-view/magasin-de-sports-villiers-en-biere-0070007200072,Mo-Fr 09:30-20:00; Sa 09:00-20:00,AllThePlaces / localisateur officiel; OpenStreetMap,0070007200072;node/3794225166,https://api.woosmap.com/stores?key=woos-c7283e70-7b4b-3c7d-bbfe-e65958b8769b&stores_by_page=300&page=1; https://www.openstreetmap.org/node/3794225166,2026-07-11T20:29:07+00:00
DEC-00658,Decathlon,,Vitry-le-Francois,Champagne-Ardenne,,France,FR,48.7340900,4.5900263,,,,OpenStreetMap,node/10059637674,https://www.openstreetmap.org/node/10059637674,2026-07-11T20:29:07+00:00
DEC-00659,Decathlon,"63, route de la torchaise",Vouneuil sous Biard,Poitou-Charentes,86580,France,FR,46.5595781,0.2998583,+33 5 49 50 14 75,https://www.decathlon.fr/store-view/magasin-de-sports-poitiers-vouneuil-sous-biard-0070001300013,Mo-Sa 09:00-19:30,AllThePlaces / localisateur officiel; OpenStreetMap,0070001300013;node/9724702786;way/84851100,https://api.woosmap.com/stores?key=woos-c7283e70-7b4b-3c7d-bbfe-e65958b8769b&stores_by_page=300&page=1; https://www.openstreetmap.org/node/9724702786; https://www.openstreetmap.org/way/84851100,2026-07-11T20:29:07+00:00
DEC-00660,Decathlon,ZAC du Carreau Anna,Wittenheim,Alsace,68270,France,FR,47.7961324,7.3075977,+33 3 89 57 07 30,https://www.decathlon.fr/store-view/magasin-de-sports-wittenheim-kingersheim-0070006700067,Mo-Sa 09:00-19:30,AllThePlaces / localisateur officiel; OpenStreetMap,0070006700067;way/465781787,https://api.woosmap.com/stores?key=woos-c7283e70-7b4b-3c7d-bbfe-e65958b8769b&stores_by_page=300&page=1; https://www.openstreetmap.org/way/465781787,2026-07-11T20:29:07+00:00
DEC-00661,Decathlon,ZAC Meilbourg - Route d'Illange,Yutz,Lorraine,57970,France,FR,49.3431770,6.1742800,+33 3 82 88 23 00,https://www.decathlon.fr/store-view/magasin-de-sports-thionville-yutz-0070016200162,Mo-Sa 09:00-19:30,AllThePlaces / localisateur officiel; OpenStreetMap,0070016200162;way/403991341,https://api.woosmap.com/stores?key=woos-c7283e70-7b4b-3c7d-bbfe-e65958b8769b&stores_by_page=300&page=1; https://www.openstreetmap.org/way/403991341,2026-07-11T20:29:07+00:00
DEC-00662,Decathlon,Place Océane,la Palmyre,Poitou-Charentes,17570,France,FR,45.6904614,-1.1783879,+33 6 63 25 72 83,https://www.decathlon.fr/store-view/magasin-de-sports-la-palmyre-0070336403364,"Mo-Sa 09:30-12:00,14:00-19:00",AllThePlaces / localisateur officiel; OpenStreetMap,0070336403364;node/12800708187,https://api.woosmap.com/stores?key=woos-c7283e70-7b4b-3c7d-bbfe-e65958b8769b&stores_by_page=300&page=2; https://www.openstreetmap.org/node/12800708187,2026-07-11T20:29:07+00:00
DEC-00663,Decathlon,,Matoury,Guyane,97351,French Guiana,GF,4.8891701,-52.3314926,+594 594 14 09 14,https://decathlon.gf/,Mo-Sa 08:30-19:30,OpenStreetMap,node/7114766916,https://www.openstreetmap.org/node/7114766916,2026-07-11T20:29:07+00:00
DEC-00664,Decathlon,,Faaa,Iles du Vent,,French Polynesia,PF,-17.5748559,-149.6046626,+689 40523523,https://www.facebook.com/DecathlonTahitiPF/,"Mo-Fr 08:30-18:00, Sa 08:00-18:00, Su 08:00-13:00",OpenStreetMap,way/1238430673,https://www.openstreetmap.org/way/1238430673,2026-07-11T20:29:07+00:00
DEC-00665,Decathlon,Breslauer Str. 35,Aachen,North Rhine-Westphalia,52068,Germany,DE,50.7833816,6.1261692,+49 241 1605300,https://www.decathlon.de/store-view/filiale-aachen-0070304403044,Mo-Sa 09:00-20:00,AllThePlaces / localisateur officiel; OpenStreetMap,0070304403044;node/10767865690,https://api.woosmap.com/stores?key=woos-77d134ba-bbcc-308d-959e-9a8ce014dfec&stores_by_page=300&page=1; https://www.openstreetmap.org/node/10767865690,2026-07-11T20:29:07+00:00
DEC-00666,Decathlon,"Landsberger Chaussee, 17",Ahrensfelde,Berlin,16356,Germany,DE,52.5492593,13.5993117,+49 30 9120164010,https://www.decathlon.de/store-view/filiale-ahrensfelde-kaufpark-eiche-0070202402024,Mo-Sa 09:00-20:00,AllThePlaces / localisateur officiel; OpenStreetMap,0070202402024;node/5260240428,https://api.woosmap.com/stores?key=woos-77d134ba-bbcc-308d-959e-9a8ce014dfec&stores_by_page=300&page=1; https://www.openstreetmap.org/node/5260240428,2026-07-11T20:29:07+00:00
DEC-00667,Decathlon,Albert-Schenavsky-Straße 5,Augsburg,Bavaria,86165,Germany,DE,48.3820030,10.9314230,+49 821 2982910,https://www.decathlon.de/store-view/filiale-augsburg-0070260202602,Mo-Sa 10:00-20:00,AllThePlaces / localisateur officiel; OpenStreetMap,0070260202602;way/1019708360,https://api.woosmap.com/stores?key=woos-77d134ba-bbcc-308d-959e-9a8ce014dfec&stores_by_page=300&page=1; https://www.openstreetmap.org/way/1019708360,2026-07-11T20:29:07+00:00
DEC-00668,Decathlon,Am Grenzgraben 14,Bad Kreuznach,Rheinland-Pfalz,55545,Germany,DE,49.8526700,7.8978680,+49 671 4834890,https://www.decathlon.de/store-view/filiale-bad-kreuznach-0070068300683,Mo-Sa 09:00-20:00,AllThePlaces / localisateur officiel; OpenStreetMap,0070068300683;way/531188232,https://api.woosmap.com/stores?key=woos-77d134ba-bbcc-308d-959e-9a8ce014dfec&stores_by_page=300&page=1; https://www.openstreetmap.org/way/531188232,2026-07-11T20:29:07+00:00
DEC-00669,Decathlon,Mindener Str. 22,Bad Oeynhausen,North Rhine-Westphalia,32547,Germany,DE,52.2127820,8.8115750,+49 5731 8660810,https://www.decathlon.de/store-view/filiale-bad-oeynhausen-0070224702247,Mo-Th 10:00-19:00; Fr-Sa 10:00-20:00,AllThePlaces / localisateur officiel; OpenStreetMap,0070224702247;node/12048716589,https://api.woosmap.com/stores?key=woos-77d134ba-bbcc-308d-959e-9a8ce014dfec&stores_by_page=300&page=1; https://www.openstreetmap.org/node/12048716589,2026-07-11T20:29:07+00:00
DEC-00670,Decathlon,Neuer Markt 4,Baden Baden,Baden-Wuerttemberg,76532,Germany,DE,48.7965470,8.1951240,+49 7221 394280,https://www.decathlon.de/store-view/filiale-baden-baden-0070030700307,Mo-Sa 09:00-20:00,AllThePlaces / localisateur officiel; OpenStreetMap,0070030700307;way/28211558;node/9177914584;way/129194731;way/192519598;node/5558880419,https://api.woosmap.com/stores?key=woos-77d134ba-bbcc-308d-959e-9a8ce014dfec&stores_by_page=300&page=1; https://www.openstreetmap.org/way/28211558; https://www.openstreetmap.org/node/9177914584; https://www.openstreetmap.org/way/129194731; https://www.openstreetmap.org/way/192519598; https://www.openstreetmap.org/node/5558880419,2026-07-11T20:29:07+00:00
DEC-00671,Decathlon,Johannisthaler Chaussee 317,Berlin,Berlin,12351,Germany,DE,52.4295034,13.4559929,+49 30 665260910,https://www.decathlon.de/store-view/filiale-berlin-gropius-passagen-0070224202242,Mo-Sa 10:00-20:00,AllThePlaces / localisateur officiel; OpenStreetMap,0070224202242;node/609148144,https://api.woosmap.com/stores?key=woos-77d134ba-bbcc-308d-959e-9a8ce014dfec&stores_by_page=300&page=1; https://www.openstreetmap.org/node/609148144,2026-07-11T20:29:07+00:00
DEC-00672,Decathlon,Schlossstrasse 110,Berlin,Berlin,12163,Germany,DE,52.4610480,13.3251720,+49 30 29381690,https://www.decathlon.de/store-view/filiale-berlin-schlossstrasse-0070116801168,Mo-Sa 10:00-20:00,AllThePlaces / localisateur officiel; OpenStreetMap,0070116801168;node/4686644835,https://api.woosmap.com/stores?key=woos-77d134ba-bbcc-308d-959e-9a8ce014dfec&stores_by_page=300&page=1; https://www.openstreetmap.org/node/4686644835,2026-07-11T20:29:07+00:00
DEC-00673,Decathlon,Wilmersdorfer Str. 46,Berlin,Berlin,10627,Germany,DE,52.5086569,13.3057527,+49 30 3199852010,https://www.decathlon.de/store-view/filiale-berlin-wilmersdorfer-arcaden-0070224402244,Mo-Sa 10:00-20:00,AllThePlaces / localisateur officiel; OpenStreetMap,0070224402244;node/2836952339,https://api.woosmap.com/stores?key=woos-77d134ba-bbcc-308d-959e-9a8ce014dfec&stores_by_page=300&page=1; https://www.openstreetmap.org/node/2836952339,2026-07-11T20:29:07+00:00
DEC-00674,Decathlon,Rathausstr. 5,Berlin,Berlin,10178,Germany,DE,52.5199510,13.4113440,+49 30 28877390,https://www.decathlon.de/store-view/filiale-berlin-alexanderplatz-0070098000980,Mo-Sa 10:00-21:00,AllThePlaces / localisateur officiel; OpenStreetMap,0070098000980;node/3930117757,https://api.woosmap.com/stores?key=woos-77d134ba-bbcc-308d-959e-9a8ce014dfec&stores_by_page=300&page=1; https://www.openstreetmap.org/node/3930117757,2026-07-11T20:29:07+00:00
DEC-00675,Decathlon,Europaplatz 1,Berlin,Berlin,10557,Germany,DE,52.5259688,13.3690125,+49 30 246328710,https://www.decathlon.de/store-view/filiale-berlin-hauptbahnhof-connect-0070346803468,Mo-Fr 07:30-20:00; Sa-Su 10:00-19:00,AllThePlaces / localisateur officiel; OpenStreetMap,0070346803468;way/402792867,https://api.woosmap.com/stores?key=woos-77d134ba-bbcc-308d-959e-9a8ce014dfec&stores_by_page=300&page=1; https://www.openstreetmap.org/way/402792867,2026-07-11T20:29:07+00:00
DEC-00676,Decathlon,Klosterstraße 3,Berlin,Berlin,13581,Germany,DE,52.5342542,13.1969522,+49 30 214580610,https://www.decathlon.de/store-view/filiale-berlin-spandau-arcaden-connect-0070340803408,Mo-Sa 10:00-20:00,AllThePlaces / localisateur officiel; OpenStreetMap,0070340803408;node/4689239731,https://api.woosmap.com/stores?key=woos-77d134ba-bbcc-308d-959e-9a8ce014dfec&stores_by_page=300&page=1; https://www.openstreetmap.org/node/4689239731,2026-07-11T20:29:07+00:00
DEC-00677,Decathlon,Badstraße 4,Berlin,Berlin,13357,Germany,DE,52.5498070,13.3904680,+49 30 499886110,https://www.decathlon.de/store-view/filiale-berlin-gesundbrunnen-center-0070224802248,Mo-Sa 10:00-20:00,AllThePlaces / localisateur officiel; OpenStreetMap,0070224802248;node/9875841276,https://api.woosmap.com/stores?key=woos-77d134ba-bbcc-308d-959e-9a8ce014dfec&stores_by_page=300&page=1; https://www.openstreetmap.org/node/9875841276,2026-07-11T20:29:07+00:00
DEC-00678,Decathlon,Schnellerstraße 133,Berlin-Schöneweide,Berlin,12439,Germany,DE,52.4579000,13.5090000,+49 30 20625130,https://www.decathlon.de/store-view/filiale-berlin-schoneweide-0070106801068,Mo-Sa 09:00-20:00,AllThePlaces / localisateur officiel; OpenStreetMap,0070106801068;way/314629600,https://api.woosmap.com/stores?key=woos-77d134ba-bbcc-308d-959e-9a8ce014dfec&stores_by_page=300&page=1; https://www.openstreetmap.org/way/314629600,2026-07-11T20:29:07+00:00
DEC-00679,Decathlon,Hansestr. 1,Bielefeld,North Rhine-Westphalia,33689,Germany,DE,51.9516460,8.5694640,+49 5205 7297510,https://www.decathlon.de/store-view/filiale-bielefeld-sennestadt-0070064500645,Mo-Sa 09:00-20:00,AllThePlaces / localisateur officiel; OpenStreetMap,0070064500645;node/1247099638,https://api.woosmap.com/stores?key=woos-77d134ba-bbcc-308d-959e-9a8ce014dfec&stores_by_page=300&page=1; https://www.openstreetmap.org/node/1247099638,2026-07-11T20:29:07+00:00
DEC-00680,Decathlon,Bahnhofstrasse 23,Bielefeld,North Rhine-Westphalia,33602,Germany,DE,52.0252460,8.5311210,+49 521 56066310,https://www.decathlon.de/store-view/filiale-bielefeld-city-0070206302063,Mo-Sa 10:00-19:00,AllThePlaces / localisateur officiel; OpenStreetMap,0070206302063;node/6082255820,https://api.woosmap.com/stores?key=woos-77d134ba-bbcc-308d-959e-9a8ce014dfec&stores_by_page=300&page=1; https://www.openstreetmap.org/node/6082255820,2026-07-11T20:29:07+00:00
DEC-00681,Decathlon,Am Einkaufszentrum 1,Bochum,North Rhine-Westphalia,44791,Germany,DE,51.4952783,7.2835757,+49 234 53992310,https://www.decathlon.de/store-view/filiale-bochum-ruhr-park-0070333803338,Mo-Sa 10:00-20:00,AllThePlaces / localisateur officiel; OpenStreetMap,0070333803338;node/12849367840,https://api.woosmap.com/stores?key=woos-77d134ba-bbcc-308d-959e-9a8ce014dfec&stores_by_page=300&page=1; https://www.openstreetmap.org/node/12849367840,2026-07-11T20:29:07+00:00
DEC-00682,Decathlon,Sack 4,Braunschweig,Lower Saxony,38100,Germany,DE,52.2644700,10.5185013,+49 531 1231570,https://www.decathlon.de/store-view/filiale-braunschweig-0070206902069,Mo-Sa 10:00-20:00,AllThePlaces / localisateur officiel; OpenStreetMap,0070206902069;node/6258411077,https://api.woosmap.com/stores?key=woos-77d134ba-bbcc-308d-959e-9a8ce014dfec&stores_by_page=300&page=1; https://www.openstreetmap.org/node/6258411077,2026-07-11T20:29:07+00:00
DEC-00683,Decathlon,Am Lunedeich 183,Bremerhaven,Lower Saxony,27572,Germany,DE,53.4901930,8.5978760,+49 471 1429090,https://www.decathlon.de/store-view/filiale-bremerhaven-0070050900509,Mo-Fr 09:00-19:00; Sa 10:00-18:00,AllThePlaces / localisateur officiel; OpenStreetMap,0070050900509;way/175726494,https://api.woosmap.com/stores?key=woos-77d134ba-bbcc-308d-959e-9a8ce014dfec&stores_by_page=300&page=1; https://www.openstreetmap.org/way/175726494,2026-07-11T20:29:07+00:00
DEC-00684,Decathlon,Wolfgang-Brumme-Allee 3,Böblingen,Baden-Wuerttemberg,71034,Germany,DE,48.6872481,9.0085375,+49 7031 6779010,https://www.decathlon.de/store-view/filiale-boblingen-0070205302053,Mo-Sa 10:00-20:00,AllThePlaces / localisateur officiel; OpenStreetMap,0070205302053;node/12063528304,https://api.woosmap.com/stores?key=woos-77d134ba-bbcc-308d-959e-9a8ce014dfec&stores_by_page=300&page=1; https://www.openstreetmap.org/node/12063528304,2026-07-11T20:29:07+00:00
DEC-00685,Decathlon,Straße der Nationen 12,Chemnitz,Saxony,09111,Germany,DE,50.8339390,12.9230130,+49 371 23645710,https://www.decathlon.de/store-view/filiale-chemnitz-0070082700827,Mo-Sa 10:00-20:00,AllThePlaces / localisateur officiel; OpenStreetMap,0070082700827;node/2517797718,https://api.woosmap.com/stores?key=woos-77d134ba-bbcc-308d-959e-9a8ce014dfec&stores_by_page=300&page=1; https://www.openstreetmap.org/node/2517797718,2026-07-11T20:29:07+00:00
DEC-00686,Decathlon,Am Eichengarten 2,Dessau,Saxony-Anhalt,06842,Germany,DE,51.8190030,12.3021430,+49 340 21654033,https://www.decathlon.de/store-view/filiale-dessau-0070072500725,Mo-Sa 10:00-19:00,AllThePlaces / localisateur officiel; OpenStreetMap,0070072500725;way/185761842,https://api.woosmap.com/stores?key=woos-77d134ba-bbcc-308d-959e-9a8ce014dfec&stores_by_page=300&page=1; https://www.openstreetmap.org/way/185761842,2026-07-11T20:29:07+00:00
DEC-00687,Decathlon,Schleefstraße 15,Dortmund,North Rhine-Westphalia,44287,Germany,DE,51.5051880,7.5715510,+49 231 1358900,https://www.decathlon.de/store-view/filiale-dortmund-aplerbeck-0070008500085,Mo-Sa 09:00-20:00,AllThePlaces / localisateur officiel; OpenStreetMap,0070008500085;node/2123971195,https://api.woosmap.com/stores?key=woos-77d134ba-bbcc-308d-959e-9a8ce014dfec&stores_by_page=300&page=1; https://www.openstreetmap.org/node/2123971195,2026-07-11T20:29:07+00:00
DEC-00688,Decathlon,Kampstraße 5,Dortmund,North Rhine-Westphalia,44137,Germany,DE,51.5151140,7.4652120,+49 231 9565120,https://www.decathlon.de/store-view/filiale-dortmund-kampstrasse-0070206002060,Mo-Sa 10:00-20:00,AllThePlaces / localisateur officiel; OpenStreetMap,0070206002060;node/8908542590,https://api.woosmap.com/stores?key=woos-77d134ba-bbcc-308d-959e-9a8ce014dfec&stores_by_page=300&page=1; https://www.openstreetmap.org/node/8908542590,2026-07-11T20:29:07+00:00
DEC-00689,Decathlon,Robert-Bosch-Str. 15,Dreieich,Hesse,63303,Germany,DE,50.0309000,8.7035000,+49 6103 310490,https://www.decathlon.de/store-view/filiale-dreieich-0070063400634,Mo-Sa 09:00-20:00,AllThePlaces / localisateur officiel; OpenStreetMap,0070063400634;node/2987456230;node/13031879775,https://api.woosmap.com/stores?key=woos-77d134ba-bbcc-308d-959e-9a8ce014dfec&stores_by_page=300&page=1; https://www.openstreetmap.org/node/2987456230; https://www.openstreetmap.org/node/13031879775,2026-07-11T20:29:07+00:00
DEC-00690,Decathlon,Wiener Platz 10,Dresden,Saxony,01069,Germany,DE,51.0413080,13.7330250,+49 351 21056310,https://www.decathlon.de/store-view/filiale-dresden-0070159701597,Mo-Sa 10:00-20:00,AllThePlaces / localisateur officiel; OpenStreetMap,0070159701597;node/5205095625,https://api.woosmap.com/stores?key=woos-77d134ba-bbcc-308d-959e-9a8ce014dfec&stores_by_page=300&page=1; https://www.openstreetmap.org/node/5205095625,2026-07-11T20:29:07+00:00
DEC-00691,Decathlon,Tonhallenstrasse 5,Duisburg,North Rhine-Westphalia,47051,Germany,DE,51.4321233,6.7700671,+49 203 935077410,https://www.decathlon.de/store-view/filiale-duisburg-city-galeria-0070346403464,Mo-Su 10:00-19:00,AllThePlaces / localisateur officiel; OpenStreetMap,0070346403464;node/13372852635,https://api.woosmap.com/stores?key=woos-77d134ba-bbcc-308d-959e-9a8ce014dfec&stores_by_page=300&page=1; https://www.openstreetmap.org/node/13372852635,2026-07-11T20:29:07+00:00
DEC-00692,Decathlon,Schadowstraße 77-79,Düsseldorf,North Rhine-Westphalia,40212,Germany,DE,51.2271210,6.7857370,+49 211 17549843,https://www.decathlon.de/store-view/filiale-dusseldorf-0070157301573,Mo-Sa 10:00-20:00,AllThePlaces / localisateur officiel; OpenStreetMap,0070157301573;node/5161908142,https://api.woosmap.com/stores?key=woos-77d134ba-bbcc-308d-959e-9a8ce014dfec&stores_by_page=300&page=1; https://www.openstreetmap.org/node/5161908142,2026-07-11T20:29:07+00:00
DEC-00693,Decathlon,Ramskamp 96,Elmshorn,Schleswig-Holstein,25337,Germany,DE,53.7411022,9.7079622,+49 4121 2627310,https://www.decathlon.de/store-view/filiale-elmshorn-0070314403144,Mo-Sa 10:00-19:00,AllThePlaces / localisateur officiel; OpenStreetMap,0070314403144;node/11226440537,https://api.woosmap.com/stores?key=woos-77d134ba-bbcc-308d-959e-9a8ce014dfec&stores_by_page=300&page=1; https://www.openstreetmap.org/node/11226440537,2026-07-11T20:29:07+00:00
DEC-00694,Decathlon,Anton-Huber-Str. 4,Erding,Bavaria,85435,Germany,DE,48.3103890,11.8890420,+49 8122 5580410,https://www.decathlon.de/store-view/filiale-erding-0070225702257,Mo-Sa 10:00-19:00,AllThePlaces / localisateur officiel; OpenStreetMap,0070225702257;way/819185662;way/819185664,https://api.woosmap.com/stores?key=woos-77d134ba-bbcc-308d-959e-9a8ce014dfec&stores_by_page=300&page=1; https://www.openstreetmap.org/way/819185662; https://www.openstreetmap.org/way/819185664,2026-07-11T20:29:07+00:00
DEC-00695,Decathlon,Hermsdorfer Str. 4,Erfurt,Thuringia,99099,Germany,DE,50.9709160,11.0592150,+49 361 21926710,https://www.decathlon.de/store-view/filiale-erfurt-0070224302243,Mo-Sa 10:00-19:00,AllThePlaces / localisateur officiel; OpenStreetMap,0070224302243;node/6460975842,https://api.woosmap.com/stores?key=woos-77d134ba-bbcc-308d-959e-9a8ce014dfec&stores_by_page=300&page=1; https://www.openstreetmap.org/node/6460975842,2026-07-11T20:29:07+00:00
DEC-00696,Decathlon,Porscheplatz 2,Essen,North Rhine-Westphalia,45127,Germany,DE,51.4575490,7.0162530,+49 201 2486930,https://www.decathlon.de/store-view/filiale-essen-0070072800728,Mo-Sa 09:00-20:00,AllThePlaces / localisateur officiel; OpenStreetMap,0070072800728;way/442585212,https://api.woosmap.com/stores?key=woos-77d134ba-bbcc-308d-959e-9a8ce014dfec&stores_by_page=300&page=1; https://www.openstreetmap.org/way/442585212,2026-07-11T20:29:07+00:00
DEC-00697,Decathlon,Margarete-Steiff-Str. 23,Essingen,Baden-Wuerttemberg,73457,Germany,DE,48.8201720,10.0456510,+49 7365 9209810,https://www.decathlon.de/store-view/filiale-aalen-essingen-0070079600796,Mo-Sa 10:00-19:00,AllThePlaces / localisateur officiel; OpenStreetMap,0070079600796;way/248789403,https://api.woosmap.com/stores?key=woos-77d134ba-bbcc-308d-959e-9a8ce014dfec&stores_by_page=300&page=1; https://www.openstreetmap.org/way/248789403,2026-07-11T20:29:07+00:00
DEC-00698,Decathlon,Schäfergasse 10,Frankfurt,Hesse,60313,Germany,DE,50.1119196,8.6877785,+49 69 257806910,https://www.decathlon.de/store-view/filiale-frankfurt-zeil-0070340403404,Mo-Sa 10:00-20:00,AllThePlaces / localisateur officiel,0070340403404,https://api.woosmap.com/stores?key=woos-77d134ba-bbcc-308d-959e-9a8ce014dfec&stores_by_page=300&page=1,2026-07-11T20:29:07+00:00
DEC-00699,Decathlon,Borsigallee 26,Frankfurt,Hesse,60388,Germany,DE,50.1403969,8.7489719,+49 6109 5017210,https://www.decathlon.de/store-view/filiale-frankfurt-hessen-center-0070340503405,Mo-Sa 10:00-20:00,AllThePlaces / localisateur officiel; OpenStreetMap,0070340503405;node/13159396814,https://api.woosmap.com/stores?key=woos-77d134ba-bbcc-308d-959e-9a8ce014dfec&stores_by_page=300&page=1; https://www.openstreetmap.org/node/13159396814,2026-07-11T20:29:07+00:00
DEC-00700,Decathlon,Limescorso 19,Frankfurt am Main,Hesse,60439,Germany,DE,50.1109221,8.6821267,+49 69 506820510,https://www.decathlon.de/store-view/filiale-frankfurt-nwz-0070205902059,Mo-Sa 10:00-20:00,AllThePlaces / localisateur officiel,0070205902059,https://api.woosmap.com/stores?key=woos-77d134ba-bbcc-308d-959e-9a8ce014dfec&stores_by_page=300&page=1,2026-07-11T20:29:07+00:00
DEC-00701,Decathlon,10 Schäfergasse,Frankfurt am Main,Hesse,60313,Germany,DE,50.1153088,8.6850045,+49 69 257806910,,Mo-Sa 10:00-20:00,OpenStreetMap,node/999158788,https://www.openstreetmap.org/node/999158788,2026-07-11T20:29:07+00:00
DEC-00702,Decathlon,19 Limescorso,Frankfurt am Main,Hesse,,Germany,DE,50.1576320,8.6323316,,,Mo-Sa 10:00-20:00,OpenStreetMap,node/6052486155,https://www.openstreetmap.org/node/6052486155,2026-07-11T20:29:07+00:00
DEC-00703,Decathlon,Kaiser-Joseph-Straße 165,Freiburg im Breisgau,Baden-Wuerttemberg,79098,Germany,DE,47.9967865,7.8528266,+49 761 479998510,https://www.decathlon.de/store-view/filiale-freiburg-galeria-am-europaplatz-0070344203442,Mo-Sa 09:30-20:00,AllThePlaces / localisateur officiel; OpenStreetMap,0070344203442;node/13343018727,https://api.woosmap.com/stores?key=woos-77d134ba-bbcc-308d-959e-9a8ce014dfec&stores_by_page=300&page=1; https://www.openstreetmap.org/node/13343018727,2026-07-11T20:29:07+00:00
DEC-00704,Decathlon Radtour-Retter,,Friedrichsdorf,Hesse,,Germany,DE,50.2546698,8.6412051,,,,OpenStreetMap,node/7256009833,https://www.openstreetmap.org/node/7256009833,2026-07-11T20:29:07+00:00
DEC-00705,Decathlon,Romanshorner Platz 2,Friedrichshafen,Baden-Wuerttemberg,88045,Germany,DE,47.6518781,9.4823220,+497541388590,https://www.decathlon.de/store-view/filiale-neueroffnung-friedrichshafen-20-03-2026-0070357503575,"Mo-Sa 09:30-20:00; Su,PH off",AllThePlaces / localisateur officiel; OpenStreetMap,0070357503575;node/13020580828,https://api.woosmap.com/stores?key=woos-77d134ba-bbcc-308d-959e-9a8ce014dfec&stores_by_page=300&page=1; https://www.openstreetmap.org/node/13020580828,2026-07-11T20:29:07+00:00
DEC-00706,Decathlon,Keltenstraße 20,Fulda,Hesse,36043,Germany,DE,50.5313892,9.6913322,+49 661 48050510,https://www.decathlon.de/store-view/filiale-fulda-0070209002090,Mo-Sa 09:00-20:00,AllThePlaces / localisateur officiel; OpenStreetMap,0070209002090;node/7875070473,https://api.woosmap.com/stores?key=woos-77d134ba-bbcc-308d-959e-9a8ce014dfec&stores_by_page=300&page=1; https://www.openstreetmap.org/node/7875070473,2026-07-11T20:29:07+00:00
DEC-00707,Decathlon,Waldstraße 82,Fürth,Bavaria,90763,Germany,DE,49.4585230,11.0072190,+49 911 2427510,https://www.decathlon.de/store-view/filiale-furth-0070207302073,Mo-Sa 09:00-20:00,AllThePlaces / localisateur officiel; OpenStreetMap,0070207302073;node/6449297441,https://api.woosmap.com/stores?key=woos-77d134ba-bbcc-308d-959e-9a8ce014dfec&stores_by_page=300&page=1; https://www.openstreetmap.org/node/6449297441,2026-07-11T20:29:07+00:00
DEC-00708,Decathlon,Neustadt 28,Giessen,Hesse,35390,Germany,DE,50.5871464,8.6713052,+49 641 94834210,https://www.decathlon.de/store-view/filiale-giessen-0070333703337,Mo-Sa 10:00-20:00,AllThePlaces / localisateur officiel,0070333703337,https://api.woosmap.com/stores?key=woos-77d134ba-bbcc-308d-959e-9a8ce014dfec&stores_by_page=300&page=1,2026-07-11T20:29:07+00:00
DEC-00709,Decathlon,1 Nova,Gunthersdorf,Saxony-Anhalt,06237,Germany,DE,51.3442364,12.1752285,+49 34638 666310,https://www.decathlon.de/store-view/filiale-leipzig-nova-0070224102241,"Mo-Sa 10:00-20:00; Fr 10:00-22:00; Su,PH off",OpenStreetMap,node/5096836037;node/2623484596,https://www.openstreetmap.org/node/5096836037; https://www.openstreetmap.org/node/2623484596,2026-07-11T20:29:07+00:00
DEC-00710,Decathlon,Weststr. 4,Hagen,North Rhine-Westphalia,58089,Germany,DE,51.3883110,7.4414260,+49 2331 349600,https://www.decathlon.de/store-view/filiale-hagen-0070072600726,Mo-Sa 09:00-20:00,AllThePlaces / localisateur officiel; OpenStreetMap,0070072600726;node/2001880535,https://api.woosmap.com/stores?key=woos-77d134ba-bbcc-308d-959e-9a8ce014dfec&stores_by_page=300&page=1; https://www.openstreetmap.org/node/2001880535,2026-07-11T20:29:07+00:00
DEC-00711,Decathlon,Biegenhofstrasse 2,Hallstadt,Bavaria,96103,Germany,DE,49.9185200,10.8703570,+49 951 2086990,https://www.decathlon.de/store-view/filiale-bamberg-0070205002050,Mo-Sa 09:00-20:00,AllThePlaces / localisateur officiel; OpenStreetMap,0070205002050;node/5247060650,https://api.woosmap.com/stores?key=woos-77d134ba-bbcc-308d-959e-9a8ce014dfec&stores_by_page=300&page=1; https://www.openstreetmap.org/node/5247060650,2026-07-11T20:29:07+00:00
DEC-00712,Decathlon,Moenckebergstrasse 1,Hamburg,Hamburg,20095,Germany,DE,53.5509202,10.0056441,+49 40 248356910,https://www.decathlon.de/store-view/filiale-hamburg-city-0070332003320,Mo-Sa 10:00-20:00,AllThePlaces / localisateur officiel; OpenStreetMap,0070332003320;node/12682165550,https://api.woosmap.com/stores?key=woos-77d134ba-bbcc-308d-959e-9a8ce014dfec&stores_by_page=300&page=1; https://www.openstreetmap.org/node/12682165550,2026-07-11T20:29:07+00:00
DEC-00713,Decathlon,Wandsbeker Marktstrasse 1,Hamburg,Hamburg,22041,Germany,DE,53.5710320,10.0607840,+49 40 948498010,https://www.decathlon.de/store-view/filiale-hamburg-wandsbek-0070143101431,Mo-Sa 09:00-20:00,AllThePlaces / localisateur officiel; OpenStreetMap,0070143101431;way/445461511,https://api.woosmap.com/stores?key=woos-77d134ba-bbcc-308d-959e-9a8ce014dfec&stores_by_page=300&page=1; https://www.openstreetmap.org/way/445461511,2026-07-11T20:29:07+00:00
DEC-00714,Decathlon,Krohnstieg 41-43,Hamburg,Hamburg,22415,Germany,DE,53.6489720,10.0132640,+49 40 5079722010,https://www.decathlon.de/store-view/filiale-hamburg-langenhorn-0070209102091,Mo-Sa 10:00-20:00,AllThePlaces / localisateur officiel; OpenStreetMap,0070209102091;node/7913127085,https://api.woosmap.com/stores?key=woos-77d134ba-bbcc-308d-959e-9a8ce014dfec&stores_by_page=300&page=1; https://www.openstreetmap.org/node/7913127085,2026-07-11T20:29:07+00:00
DEC-00715,Decathlon,1 Gustav-Heinemann-Straße,Hamm,North Rhine-Westphalia,59065,Germany,DE,51.6801712,7.8123533,,,,OpenStreetMap,node/5202026253;node/5202026254;way/237714950,https://www.openstreetmap.org/node/5202026253; https://www.openstreetmap.org/node/5202026254; https://www.openstreetmap.org/way/237714950,2026-07-11T20:29:07+00:00
DEC-00716,Decathlon,Berliner Platz 12,Heilbronn,Baden-Wuerttemberg,74072,Germany,DE,49.1460130,9.2211340,+49 7131 8973910,https://www.decathlon.de/store-view/filiale-heilbronn-k3-0070252902529,Mo-Fr 10:00-20:00; Sa 09:00-20:00,AllThePlaces / localisateur officiel; OpenStreetMap,0070252902529;node/7013812942,https://api.woosmap.com/stores?key=woos-77d134ba-bbcc-308d-959e-9a8ce014dfec&stores_by_page=300&page=1; https://www.openstreetmap.org/node/7013812942,2026-07-11T20:29:07+00:00
DEC-00717,Decathlon,Holsterhauser Str. 200,Herne,North Rhine-Westphalia,44625,Germany,DE,51.5303000,7.2027000,+49 2325 3773410,https://www.decathlon.de/store-view/filiale-herne-0070027300273,Mo-Sa 09:00-20:00,AllThePlaces / localisateur officiel; OpenStreetMap,0070027300273;node/6631524159;node/7893306246;node/7893306247;way/52918231;way/87356975,https://api.woosmap.com/stores?key=woos-77d134ba-bbcc-308d-959e-9a8ce014dfec&stores_by_page=300&page=1; https://www.openstreetmap.org/node/6631524159; https://www.openstreetmap.org/node/7893306246; https://www.openstreetmap.org/node/7893306247; https://www.openstreetmap.org/way/52918231; https://www.openstreetmap.org/way/87356975,2026-07-11T20:29:07+00:00
DEC-00718,Decathlon,Am Wandersmann 6,Hofheim-Wallau,Hesse,65719,Germany,DE,50.0572250,8.3740670,+49 6122 506970,https://www.decathlon.de/store-view/filiale-wallau-0070087800878,Mo-Sa 10:00-20:00,AllThePlaces / localisateur officiel; OpenStreetMap,0070087800878;node/3834092057,https://api.woosmap.com/stores?key=woos-77d134ba-bbcc-308d-959e-9a8ce014dfec&stores_by_page=300&page=1; https://www.openstreetmap.org/node/3834092057,2026-07-11T20:29:07+00:00
DEC-00719,Decathlon,Am Landabsatz 4,Hückelhoven,North Rhine-Westphalia,41836,Germany,DE,51.0571710,6.2187640,+49 2433 4468410,https://www.decathlon.de/store-view/filiale-huckelhoven-0070106901069,Mo-Sa 09:00-20:00,AllThePlaces / localisateur officiel; OpenStreetMap,0070106901069;way/456780803;way/456780797,https://api.woosmap.com/stores?key=woos-77d134ba-bbcc-308d-959e-9a8ce014dfec&stores_by_page=300&page=1; https://www.openstreetmap.org/way/456780803; https://www.openstreetmap.org/way/456780797,2026-07-11T20:29:07+00:00
DEC-00720,Decathlon,Eriagstraße 30,Ingolstadt,Bavaria,85053,Germany,DE,48.7484800,11.4746100,+49 841 3791320,https://www.decathlon.de/store-view/filiale-ingolstadt-0070118001180,Mo-Su 09:00-20:00,AllThePlaces / localisateur officiel; OpenStreetMap,0070118001180;node/5887394678,https://api.woosmap.com/stores?key=woos-77d134ba-bbcc-308d-959e-9a8ce014dfec&stores_by_page=300&page=1; https://www.openstreetmap.org/node/5887394678,2026-07-11T20:29:07+00:00
DEC-00721,Decathlon,Wiesenstr. 2,Jena,Thuringia,07749,Germany,DE,50.9320948,11.5942538,+49 3641 2381010,https://www.decathlon.de/store-view/filiale-jena-wiesencenter-0070265402654,Mo-Sa 10:00-19:00,AllThePlaces / localisateur officiel; OpenStreetMap,0070265402654;node/9291657426,https://api.woosmap.com/stores?key=woos-77d134ba-bbcc-308d-959e-9a8ce014dfec&stores_by_page=300&page=1; https://www.openstreetmap.org/node/9291657426,2026-07-11T20:29:07+00:00
DEC-00722,Decathlon,Merkurstraße 44,Kaiserslautern,Rheinland-Pfalz,67663,Germany,DE,49.4425550,7.7167880,+49 631 3613870,https://www.decathlon.de/store-view/filiale-kaiserslautern-0070116701167,Mo-Fr 09:00-20:00; Sa 09:00-19:00,AllThePlaces / localisateur officiel; OpenStreetMap,0070116701167;node/4144738665,https://api.woosmap.com/stores?key=woos-77d134ba-bbcc-308d-959e-9a8ce014dfec&stores_by_page=300&page=1; https://www.openstreetmap.org/node/4144738665,2026-07-11T20:29:07+00:00
DEC-00723,Decathlon,Durlacher Allee 111,Karlsruhe,Baden-Wuerttemberg,76137,Germany,DE,49.0048020,8.4494470,+49 721 62885610,https://www.decathlon.de/store-view/filiale-karlsruhe-durlach-0070205602056,Mo-Sa 09:00-20:00,AllThePlaces / localisateur officiel; OpenStreetMap,0070205602056;way/1108580452,https://api.woosmap.com/stores?key=woos-77d134ba-bbcc-308d-959e-9a8ce014dfec&stores_by_page=300&page=1; https://www.openstreetmap.org/way/1108580452,2026-07-11T20:29:07+00:00
DEC-00724,Decathlon,Ob. Königsstraße 31,Kassel,Hesse,34117,Germany,DE,51.3137178,9.4936533,+49 561 76636710,https://www.decathlon.de/store-view/filiale-kassel-galeria-0070346103461,Mo-Su 10:00-20:00,AllThePlaces / localisateur officiel; OpenStreetMap,0070346103461;node/13327730150,https://api.woosmap.com/stores?key=woos-77d134ba-bbcc-308d-959e-9a8ce014dfec&stores_by_page=300&page=1; https://www.openstreetmap.org/node/13327730150,2026-07-11T20:29:07+00:00
DEC-00725,Decathlon,Winterbeker Weg 44,Kiel,Schleswig-Holstein,24114,Germany,DE,54.3088940,10.1093470,+49 431 6599810,https://www.decathlon.de/store-view/filiale-kiel-0070225802258,Mo-Sa 10:00-19:00,AllThePlaces / localisateur officiel; OpenStreetMap,0070225802258;node/7018392911,https://api.woosmap.com/stores?key=woos-77d134ba-bbcc-308d-959e-9a8ce014dfec&stores_by_page=300&page=1; https://www.openstreetmap.org/node/7018392911,2026-07-11T20:29:07+00:00
DEC-00726,Decathlon,Durener Str. 458,Koln,North Rhine-Westphalia,50858,Germany,DE,50.9190523,6.8525281,+49 2234 603970,https://www.decathlon.de/store-view/filiale-germany-events-popup-0070354503545,Mo-Sa 09:00-20:00,AllThePlaces / localisateur officiel; OpenStreetMap,0070354503545;0070156501565;0070352903529;node/6308280107;node/6308280108;way/255101237,https://api.woosmap.com/stores?key=woos-77d134ba-bbcc-308d-959e-9a8ce014dfec&stores_by_page=300&page=1; https://www.openstreetmap.org/node/6308280107; https://www.openstreetmap.org/node/6308280108; https://www.openstreetmap.org/way/255101237,2026-07-11T20:29:07+00:00
DEC-00727,Decathlon,Hussenstrasse 23,Konstanz,Baden-Wuerttemberg,78462,Germany,DE,47.6594717,9.1725683,+49 7531 8136310,https://www.decathlon.de/store-view/filiale-konstanz-galeria-0070344303443,Mo-Sa 09:30-20:00,AllThePlaces / localisateur officiel; OpenStreetMap,0070344303443;node/12980000209,https://api.woosmap.com/stores?key=woos-77d134ba-bbcc-308d-959e-9a8ce014dfec&stores_by_page=300&page=1; https://www.openstreetmap.org/node/12980000209,2026-07-11T20:29:07+00:00
DEC-00728,Decathlon,Breite Straße 80-90,Köln,North Rhine-Westphalia,50667,Germany,DE,50.9392980,6.9494850,+49 221 27722410,https://www.decathlon.de/store-view/filiale-koln-quincy-0070207102071,Mo-Sa 10:00-20:00,AllThePlaces / localisateur officiel; OpenStreetMap,0070207102071;node/6480592585,https://api.woosmap.com/stores?key=woos-77d134ba-bbcc-308d-959e-9a8ce014dfec&stores_by_page=300&page=1; https://www.openstreetmap.org/node/6480592585,2026-07-11T20:29:07+00:00
DEC-00729,Decathlon,Karlsruher Str. 8,Laatzen,Lower Saxony,30880,Germany,DE,52.3200330,9.7941340,+49 511 82076610,https://www.decathlon.de/store-view/filiale-hannover-0070077600776,Mo-Sa 09:00-20:00,AllThePlaces / localisateur officiel; OpenStreetMap,0070077600776;way/1303275862,https://api.woosmap.com/stores?key=woos-77d134ba-bbcc-308d-959e-9a8ce014dfec&stores_by_page=300&page=1; https://www.openstreetmap.org/way/1303275862,2026-07-11T20:29:07+00:00
DEC-00730,Decathlon,Saarbrücker Straße 1,Landsberg,Saxony-Anhalt,06188,Germany,DE,51.5120306,12.0514801,+4900000000,https://www.decathlon.de/store-view/filiale-neueroffnung-halle-center-peissen-0070354603546,,AllThePlaces / localisateur officiel,0070354603546,https://api.woosmap.com/stores?key=woos-77d134ba-bbcc-308d-959e-9a8ce014dfec&stores_by_page=300&page=1,2026-07-11T20:29:07+00:00
DEC-00731,Decathlon,Petersstraße 36-44,Leipzig,Saxony,04109,Germany,DE,51.3377320,12.3746790,+49 341 99991030,https://www.decathlon.de/store-view/filiale-leipzig-petersbogen-0070205402054,Mo-Sa 10:00-20:00,AllThePlaces / localisateur officiel; OpenStreetMap,0070205402054;node/2296404904,https://api.woosmap.com/stores?key=woos-77d134ba-bbcc-308d-959e-9a8ce014dfec&stores_by_page=300&page=1; https://www.openstreetmap.org/node/2296404904,2026-07-11T20:29:07+00:00
DEC-00732,Decathlon,Willy-Brandt-Platz 1,Leipzig,Saxony,04109,Germany,DE,51.3444775,12.3817779,+4900000000,https://www.decathlon.de/store-view/filiale-neueroffnung-leipzig-hauptbahnhof-0070346703467,,AllThePlaces / localisateur officiel,0070346703467,https://api.woosmap.com/stores?key=woos-77d134ba-bbcc-308d-959e-9a8ce014dfec&stores_by_page=300&page=1,2026-07-11T20:29:07+00:00
DEC-00733,Decathlon,Paunsdorfer Allee 1,Leipzig,Saxony,04329,Germany,DE,51.3583000,12.4753000,+49 341 14926911,https://www.decathlon.de/store-view/filiale-leipzig-paunsdorfcenter-0070114101141,Mo-Sa 10:00-20:00,AllThePlaces / localisateur officiel,0070114101141,https://api.woosmap.com/stores?key=woos-77d134ba-bbcc-308d-959e-9a8ce014dfec&stores_by_page=300&page=1,2026-07-11T20:29:07+00:00
DEC-00734,Decathlon,Handelsstraße 4,Leipzig,Saxony,04356,Germany,DE,51.4013090,12.3995700,+49 341 23084910,https://www.decathlon.de/store-view/filiale-leipzig-sachsenpark-0070346603466,Mo-Fr 10:00-19:00; Sa 09:00-19:00,AllThePlaces / localisateur officiel; OpenStreetMap,0070346603466;node/2791970390,https://api.woosmap.com/stores?key=woos-77d134ba-bbcc-308d-959e-9a8ce014dfec&stores_by_page=300&page=1; https://www.openstreetmap.org/node/2791970390,2026-07-11T20:29:07+00:00
DEC-00735,Decathlon,Einkaufszentrum Nova 1,Leuna,Saxony-Anhalt,06237,Germany,DE,51.3443888,12.1810597,+49 34638 666310,https://www.decathlon.de/store-view/filiale-leipzig-nova-0070224102241,Mo-Th 10:00-19:00; Fr-Sa 10:00-20:00,AllThePlaces / localisateur officiel,0070224102241,https://api.woosmap.com/stores?key=woos-77d134ba-bbcc-308d-959e-9a8ce014dfec&stores_by_page=300&page=1,2026-07-11T20:29:07+00:00
DEC-00736,Decathlon,82 Wiesdorfer Platz,Leverkusen,North Rhine-Westphalia,51373,Germany,DE,51.0319699,6.9828501,,https://www.decathlon.de/,,OpenStreetMap,node/1577408251,https://www.openstreetmap.org/node/1577408251,2026-07-11T20:29:07+00:00
DEC-00737,Decathlon,Marstallstrasse 1,Ludwigsburg,Baden-Wuerttemberg,71634,Germany,DE,48.8998720,9.1909920,+49 7141 297390,https://www.decathlon.de/store-view/filiale-ludwigsburg-0070206802068,Mo-Sa 09:30-20:00,AllThePlaces / localisateur officiel; OpenStreetMap,0070206802068;node/3775394457,https://api.woosmap.com/stores?key=woos-77d134ba-bbcc-308d-959e-9a8ce014dfec&stores_by_page=300&page=1; https://www.openstreetmap.org/node/3775394457,2026-07-11T20:29:07+00:00
DEC-00738,Decathlon,Heinkelstrasse 1,Ludwigsburg,Baden-Wuerttemberg,71634,Germany,DE,48.9215320,9.1516578,+49 7141 2999210,https://www.decathlon.de/store-view/filiale-ludwigsburg-breuningerland-0070340903409,Mo-Sa 10:00-20:00,AllThePlaces / localisateur officiel; OpenStreetMap,0070340903409;node/13773784577,https://api.woosmap.com/stores?key=woos-77d134ba-bbcc-308d-959e-9a8ce014dfec&stores_by_page=300&page=1; https://www.openstreetmap.org/node/13773784577,2026-07-11T20:29:07+00:00
DEC-00739,Decathlon,Oderstraße 8,Ludwigshafen,Rheinland-Pfalz,67071,Germany,DE,49.4845530,8.3504000,+49 621 6700730,https://www.decathlon.de/store-view/filiale-ludwigshafen-0070030500305,Mo-Sa 09:00-20:00,AllThePlaces / localisateur officiel; OpenStreetMap,0070030500305;way/70786914;way/70786933;node/13009519212,https://api.woosmap.com/stores?key=woos-77d134ba-bbcc-308d-959e-9a8ce014dfec&stores_by_page=300&page=1; https://www.openstreetmap.org/way/70786914; https://www.openstreetmap.org/way/70786933; https://www.openstreetmap.org/node/13009519212,2026-07-11T20:29:07+00:00
DEC-00740,Decathlon,Am Alten Markt 4,Lörrach,Baden-Wuerttemberg,79539,Germany,DE,47.6106992,7.6596020,+49 7621 94997010,https://www.decathlon.de/store-view/filiale-lorrach-0070206402064,Mo-Sa 09:00-19:30,AllThePlaces / localisateur officiel; OpenStreetMap,0070206402064;node/6651162600,https://api.woosmap.com/stores?key=woos-77d134ba-bbcc-308d-959e-9a8ce014dfec&stores_by_page=300&page=1; https://www.openstreetmap.org/node/6651162600,2026-07-11T20:29:07+00:00
DEC-00741,Decathlon,Lohgerberstraße 1,Lübeck,Schleswig-Holstein,23556,Germany,DE,53.8616670,10.6270700,+49 451 2961960,https://www.decathlon.de/store-view/filiale-lubeck-0070135801358,Mo-Sa 09:00-19:00,AllThePlaces / localisateur officiel; OpenStreetMap,0070135801358;way/391597087;node/4260136482,https://api.woosmap.com/stores?key=woos-77d134ba-bbcc-308d-959e-9a8ce014dfec&stores_by_page=300&page=1; https://www.openstreetmap.org/way/391597087; https://www.openstreetmap.org/node/4260136482,2026-07-11T20:29:07+00:00
DEC-00742,Decathlon,Thünenstraße 2,Lüdenscheid,North Rhine-Westphalia,58511,Germany,DE,51.2161456,7.6312066,+4900000000,https://www.decathlon.de/store-view/filiale-neueroffnung-ludenscheid-20-3-2026-0070354303543,Mo-Sa 10:00-20:00; Su off,AllThePlaces / localisateur officiel; OpenStreetMap,0070354303543;node/13756510720,https://api.woosmap.com/stores?key=woos-77d134ba-bbcc-308d-959e-9a8ce014dfec&stores_by_page=300&page=1; https://www.openstreetmap.org/node/13756510720,2026-07-11T20:29:07+00:00
DEC-00743,Decathlon,Olvenstedter Graseweg 37,Magdeburg,Saxony-Anhalt,39128,Germany,DE,52.1598189,11.6053758,+49 391 54414810,https://www.decathlon.de/store-view/filiale-magdeburg-0070206702067,Mo-Sa 09:30-19:00,AllThePlaces / localisateur officiel; OpenStreetMap,0070206702067;node/5292336472;node/6089364667,https://api.woosmap.com/stores?key=woos-77d134ba-bbcc-308d-959e-9a8ce014dfec&stores_by_page=300&page=1; https://www.openstreetmap.org/node/5292336472; https://www.openstreetmap.org/node/6089364667,2026-07-11T20:29:07+00:00
DEC-00744,Decathlon,Haifa-Allee 1,Mainz,Rheinland-Pfalz,55128,Germany,DE,49.9694505,8.2277996,+49 6131 217540,https://www.decathlon.de/store-view/filiale-mainz-0070304503045,Mo-Sa 09:00-20:00,AllThePlaces / localisateur officiel; OpenStreetMap,0070304503045;node/1175098213,https://api.woosmap.com/stores?key=woos-77d134ba-bbcc-308d-959e-9a8ce014dfec&stores_by_page=300&page=1; https://www.openstreetmap.org/node/1175098213,2026-07-11T20:29:07+00:00
DEC-00745,Decathlon,Am Minto 3,Moenchengladbach,North Rhine-Westphalia,41061,Germany,DE,51.1948655,6.4380995,+49 2161 4615910,https://www.decathlon.de/store-view/filiale-monchengladbach-minto-connect-0070346303463,Mo-Sa 10:00-20:00,AllThePlaces / localisateur officiel; OpenStreetMap,0070346303463;node/13342366006,https://api.woosmap.com/stores?key=woos-77d134ba-bbcc-308d-959e-9a8ce014dfec&stores_by_page=300&page=1; https://www.openstreetmap.org/node/13342366006,2026-07-11T20:29:07+00:00
DEC-00746,Decathlon,Industriestrasse 8,Mülheim-Kärlich,Rheinland-Pfalz,56218,Germany,DE,50.3949180,7.5331340,+49 261 98818010,https://www.decathlon.de/store-view/filiale-mulheim-karlich-0070224502245,Mo-Sa 10:00-20:00,AllThePlaces / localisateur officiel; OpenStreetMap,0070224502245;node/6892877376,https://api.woosmap.com/stores?key=woos-77d134ba-bbcc-308d-959e-9a8ce014dfec&stores_by_page=300&page=1; https://www.openstreetmap.org/node/6892877376,2026-07-11T20:29:07+00:00
DEC-00747,Decathlon,Zusestraße 5,München,Bavaria,85649,Germany,DE,48.0410788,11.6617516,+49000,https://www.decathlon.de/store-view/filiale-neueroffnung-munchen-brunnthal-city-0070358103581,"Mo-Sa 09:00-20:00; Su,PH off",AllThePlaces / localisateur officiel; OpenStreetMap,0070358103581;node/5167075443,https://api.woosmap.com/stores?key=woos-77d134ba-bbcc-308d-959e-9a8ce014dfec&stores_by_page=300&page=1; https://www.openstreetmap.org/node/5167075443,2026-07-11T20:29:07+00:00
DEC-00748,Decathlon,10 Thomas-Dehler-Straße,München,Bavaria,81737,Germany,DE,48.1007548,11.6445356,+49000,https://www.decathlon.de/store-view/filiale-neueroffnung-munchen-pep-city-26-03-2026-0070358203582,,AllThePlaces / localisateur officiel; OpenStreetMap,0070358203582;node/13694676434,https://api.woosmap.com/stores?key=woos-77d134ba-bbcc-308d-959e-9a8ce014dfec&stores_by_page=300&page=1; https://www.openstreetmap.org/node/13694676434,2026-07-11T20:29:07+00:00
DEC-00749,Decathlon,Karlsplatz 1,München,Bavaria,80335,Germany,DE,48.1391528,11.5658627,+49 89 143259710,https://www.decathlon.de/store-view/filiale-munchen-stachus-0070333503335,Mo-Sa 09:00-20:00,AllThePlaces / localisateur officiel; OpenStreetMap,0070333503335;way/302865695,https://api.woosmap.com/stores?key=woos-77d134ba-bbcc-308d-959e-9a8ce014dfec&stores_by_page=300&page=1; https://www.openstreetmap.org/way/302865695,2026-07-11T20:29:07+00:00
DEC-00750,Decathlon,Elisenstraße 3,München,Bavaria,80335,Germany,DE,48.1412378,11.5617328,+49 89 515538610,https://www.decathlon.de/store-view/filiale-munchen-elisenhof-am-hauptbahnhof-0070260002600,Mo-Sa 09:00-20:00,AllThePlaces / localisateur officiel; OpenStreetMap,0070260002600;node/8195019806,https://api.woosmap.com/stores?key=woos-77d134ba-bbcc-308d-959e-9a8ce014dfec&stores_by_page=300&page=1; https://www.openstreetmap.org/node/8195019806,2026-07-11T20:29:07+00:00
DEC-00751,Decathlon,Pelkovenstraße 143-147,München,Bavaria,80992,Germany,DE,48.1827160,11.5305830,+49 89 120074210,https://www.decathlon.de/store-view/filiale-munchen-mona-am-oez-0070224602246,Mo-Sa 09:00-20:00,AllThePlaces / localisateur officiel; OpenStreetMap,0070224602246;node/6746769185,https://api.woosmap.com/stores?key=woos-77d134ba-bbcc-308d-959e-9a8ce014dfec&stores_by_page=300&page=1; https://www.openstreetmap.org/node/6746769185,2026-07-11T20:29:07+00:00
DEC-00752,Decathlon,Grevener Str. 69,Münster,North Rhine-Westphalia,48159,Germany,DE,51.9737797,7.6115423,+49 251 1312270,https://www.decathlon.de/store-view/filiale-munster-0070265802658,Mo-Sa 09:00-20:00,AllThePlaces / localisateur officiel; OpenStreetMap,0070265802658;node/4880351967;node/2772252001,https://api.woosmap.com/stores?key=woos-77d134ba-bbcc-308d-959e-9a8ce014dfec&stores_by_page=300&page=1; https://www.openstreetmap.org/node/4880351967; https://www.openstreetmap.org/node/2772252001,2026-07-11T20:29:07+00:00
DEC-00753,Decathlon,,Naunhof,Saxony,,Germany,DE,51.3110432,12.5680835,,,,OpenStreetMap,node/11297543932,https://www.openstreetmap.org/node/11297543932,2026-07-11T20:29:07+00:00
DEC-00754,Decathlon,Zum Eisenwerk 1,Neunkirchen,Saarland,66538,Germany,DE,49.3495500,7.1712660,+49 6821 308970,https://www.decathlon.de/store-view/filiale-neunkirchen-0070067700677,Mo-Sa 09:00-20:00,AllThePlaces / localisateur officiel; OpenStreetMap,0070067700677;way/138964489,https://api.woosmap.com/stores?key=woos-77d134ba-bbcc-308d-959e-9a8ce014dfec&stores_by_page=300&page=1; https://www.openstreetmap.org/way/138964489,2026-07-11T20:29:07+00:00
DEC-00755,Decathlon,,Neuss,North Rhine-Westphalia,,Germany,DE,51.2024441,6.7179943,,https://www.decathlon.de/,Mo-Sa 10:00-20:00,OpenStreetMap,node/9991165934,https://www.openstreetmap.org/node/9991165934,2026-07-11T20:29:07+00:00
DEC-00756,Decathlon,Breslauer Str. 2-4,Neuss,North Rhine-Westphalia,41460,Germany,DE,51.2041900,6.6879500,+49 2131 1246910,https://www.decathlon.de/store-view/filiale-neuss-0070207202072,Mo-Sa 10:00-20:00,AllThePlaces / localisateur officiel,0070207202072,https://api.woosmap.com/stores?key=woos-77d134ba-bbcc-308d-959e-9a8ce014dfec&stores_by_page=300&page=1,2026-07-11T20:29:07+00:00
DEC-00757,Decathlon,Louis-Escande-Str. 30,Neustadt a. d. Weinstraße,Rheinland-Pfalz,67433,Germany,DE,49.3388450,8.1701560,+49 6321 1861710,https://www.decathlon.de/store-view/filiale-neustadt-a-d-weinstrasse-0070082800828,Mo-Sa 09:00-20:00,AllThePlaces / localisateur officiel; OpenStreetMap,0070082800828;node/9258474795;way/249409386,https://api.woosmap.com/stores?key=woos-77d134ba-bbcc-308d-959e-9a8ce014dfec&stores_by_page=300&page=1; https://www.openstreetmap.org/node/9258474795; https://www.openstreetmap.org/way/249409386,2026-07-11T20:29:07+00:00
DEC-00758,Decathlon,Glogauer Str. 30-38,Nürnberg,Bavaria,90473,Germany,DE,49.4027393,11.1356615,+4900000000,https://www.decathlon.de/store-view/filiale-neueroffnung-nurnberg-franken-center-0070358003580,,AllThePlaces / localisateur officiel; OpenStreetMap,0070358003580;node/13979077025,https://api.woosmap.com/stores?key=woos-77d134ba-bbcc-308d-959e-9a8ce014dfec&stores_by_page=300&page=1; https://www.openstreetmap.org/node/13979077025,2026-07-11T20:29:07+00:00
DEC-00759,Decathlon,Ludwigsplatz 24,Nürnberg,Bavaria,90403,Germany,DE,49.4508368,11.0709575,+49 911 37705910,https://www.decathlon.de/store-view/filiale-nurnberg-im-wohrl-am-ludwigsplatz-0070346503465,Mo-Sa 10:00-20:00,AllThePlaces / localisateur officiel; OpenStreetMap,0070346503465;node/6005652887,https://api.woosmap.com/stores?key=woos-77d134ba-bbcc-308d-959e-9a8ce014dfec&stores_by_page=300&page=1; https://www.openstreetmap.org/node/6005652887,2026-07-11T20:29:07+00:00
DEC-00760,Decathlon,0 Brammenring 46047 Oberhausen,Oberhausen,North Rhine-Westphalia,46047,Germany,DE,51.4873200,6.8820001,,https://www.decathlon.de/store-view/filiale-oberhausen-0070346903469,,AllThePlaces / localisateur officiel; OpenStreetMap,0070346903469;way/474593710,https://api.woosmap.com/stores?key=woos-77d134ba-bbcc-308d-959e-9a8ce014dfec&stores_by_page=300&page=1; https://www.openstreetmap.org/way/474593710,2026-07-11T20:29:07+00:00
DEC-00761,Decathlon,Gustav-Ree Anlage 1,Offenburg,Baden-Wuerttemberg,77652,Germany,DE,48.4725206,7.9438112,+49 781 63930710,https://www.decathlon.de/store-view/filiale-offenburg-0070255402554,Mo-Sa 09:00-19:00,AllThePlaces / localisateur officiel; OpenStreetMap,0070255402554;node/8516023916,https://api.woosmap.com/stores?key=woos-77d134ba-bbcc-308d-959e-9a8ce014dfec&stores_by_page=300&page=1; https://www.openstreetmap.org/node/8516023916,2026-07-11T20:29:07+00:00
DEC-00762,Decathlon,Posthalterweg 2c,Oldenburg,Lower Saxony,26129,Germany,DE,53.1609000,8.1693000,+49 441 2096290,https://www.decathlon.de/store-view/filiale-oldenburg-0070151801518,Mo-Sa 10:00-19:00,AllThePlaces / localisateur officiel; OpenStreetMap,0070151801518;node/373889463,https://api.woosmap.com/stores?key=woos-77d134ba-bbcc-308d-959e-9a8ce014dfec&stores_by_page=300&page=1; https://www.openstreetmap.org/node/373889463,2026-07-11T20:29:07+00:00
DEC-00763,Decathlon,Willinghusener Weg 1,Oststeinbek,Schleswig-Holstein,22113,Germany,DE,53.5463643,10.1532367,+49 40 22690410,https://www.decathlon.de/store-view/filiale-oststeinbek-0070265702657,Mo-Sa 09:00-20:00,AllThePlaces / localisateur officiel; OpenStreetMap,0070265702657;node/11042620164,https://api.woosmap.com/stores?key=woos-77d134ba-bbcc-308d-959e-9a8ce014dfec&stores_by_page=300&page=1; https://www.openstreetmap.org/node/11042620164,2026-07-11T20:29:07+00:00
DEC-00764,Decathlon,Kamp 30-32,Paderborn,North Rhine-Westphalia,33098,Germany,DE,51.7168364,8.7572026,+49 5251 879680,https://www.decathlon.de/store-view/filiale-paderborn-0070260602606,Mo-Sa 09:00-19:00,AllThePlaces / localisateur officiel; OpenStreetMap,0070260602606;node/8504877791;way/996582769,https://api.woosmap.com/stores?key=woos-77d134ba-bbcc-308d-959e-9a8ce014dfec&stores_by_page=300&page=1; https://www.openstreetmap.org/node/8504877791; https://www.openstreetmap.org/way/996582769,2026-07-11T20:29:07+00:00
DEC-00765,Decathlon,Äußere Spitalhofstr. 17,Passau,Bavaria,94036,Germany,DE,48.5718430,13.4106010,+49 851 4906430,https://www.decathlon.de/store-view/filiale-passau-0070159901599,Mo-Sa 09:00-19:00,AllThePlaces / localisateur officiel; OpenStreetMap,0070159901599;node/299116360;node/12473509428,https://api.woosmap.com/stores?key=woos-77d134ba-bbcc-308d-959e-9a8ce014dfec&stores_by_page=300&page=1; https://www.openstreetmap.org/node/299116360; https://www.openstreetmap.org/node/12473509428,2026-07-11T20:29:07+00:00
DEC-00766,Decathlon,Filsallee 19,Plochingen,Baden-Wuerttemberg,73207,Germany,DE,48.7026750,9.4373970,+49 7153 928200,https://www.decathlon.de/store-view/filiale-plochingen-0070024500245,Mo-Sa 09:00-20:00,AllThePlaces / localisateur officiel; OpenStreetMap,0070024500245;node/8612681835;node/8612681836;way/83406282,https://api.woosmap.com/stores?key=woos-77d134ba-bbcc-308d-959e-9a8ce014dfec&stores_by_page=300&page=1; https://www.openstreetmap.org/node/8612681835; https://www.openstreetmap.org/node/8612681836; https://www.openstreetmap.org/way/83406282,2026-07-11T20:29:07+00:00
DEC-00767,Decathlon,Babelsberger Straße 10,Potsdam,Brandenburg,14473,Germany,DE,52.3923192,13.0660045,+49 331 23702810,https://www.decathlon.de/store-view/filiale-potsdam-bahnhofspassagen-0070333403334,Mo-Sa 10:00-20:00,AllThePlaces / localisateur officiel; OpenStreetMap,0070333403334;node/12176451478,https://api.woosmap.com/stores?key=woos-77d134ba-bbcc-308d-959e-9a8ce014dfec&stores_by_page=300&page=1; https://www.openstreetmap.org/node/12176451478,2026-07-11T20:29:07+00:00
DEC-00768,Decathlon,Löhrhof 1,Recklinghausen,North Rhine-Westphalia,45657,Germany,DE,51.6133281,7.2007737,+49 2361 3067610,https://www.decathlon.de/store-view/filiale-recklinghausen-0070333903339,Mo-Sa 10:00-20:00,AllThePlaces / localisateur officiel; OpenStreetMap,0070333903339;way/478070078,https://api.woosmap.com/stores?key=woos-77d134ba-bbcc-308d-959e-9a8ce014dfec&stores_by_page=300&page=1; https://www.openstreetmap.org/way/478070078,2026-07-11T20:29:07+00:00
DEC-00769,Decathlon,Langobardenstr. 2,Regensburg,Bavaria,93053,Germany,DE,48.9944981,12.1144826,+49 941 460235010,https://www.decathlon.de/store-view/filiale-regensburg-0070159801598,Mo-Sa 10:00-20:00,AllThePlaces / localisateur officiel; OpenStreetMap,0070159801598;node/1147298616,https://api.woosmap.com/stores?key=woos-77d134ba-bbcc-308d-959e-9a8ce014dfec&stores_by_page=300&page=1; https://www.openstreetmap.org/node/1147298616,2026-07-11T20:29:07+00:00
DEC-00770,Decathlon,,Regensburg,Bavaria,,Germany,DE,49.0241837,12.1403441,,,,OpenStreetMap,node/7417697805,https://www.openstreetmap.org/node/7417697805,2026-07-11T20:29:07+00:00
DEC-00771,Decathlon,Kardinal-Galen-Ring 40,Rheine,North Rhine-Westphalia,48431,Germany,DE,52.2777140,7.4342220,+49 5971 899250,https://www.decathlon.de/store-view/filiale-rheine-0070156701567,Mo-Sa 10:00-20:00,AllThePlaces / localisateur officiel; OpenStreetMap,0070156701567;node/5176948644,https://api.woosmap.com/stores?key=woos-77d134ba-bbcc-308d-959e-9a8ce014dfec&stores_by_page=300&page=1; https://www.openstreetmap.org/node/5176948644,2026-07-11T20:29:07+00:00
DEC-00772,Decathlon,Grubholzer Strasse 1,Rosenheim,Bavaria,83026,Germany,DE,47.8498086,12.0919499,+49 8031 3529410,https://www.decathlon.de/store-view/filiale-rosenheim-0070266002660,Mo-Sa 09:00-20:00,AllThePlaces / localisateur officiel; OpenStreetMap,0070266002660;node/1735372528,https://api.woosmap.com/stores?key=woos-77d134ba-bbcc-308d-959e-9a8ce014dfec&stores_by_page=300&page=1; https://www.openstreetmap.org/node/1735372528,2026-07-11T20:29:07+00:00
DEC-00773,Decathlon,Breslauer Str. 1,Saarbrücken,Saarland,66121,Germany,DE,49.2275138,7.0357450,,https://www.decathlon.de/store-view/filiale-neuroffnung-saarbrucken-saarbasar-0070354403544,"Mo-Sa 10:00-20:00; PH,Su closed",AllThePlaces / localisateur officiel; OpenStreetMap,0070354403544;node/4992798792,https://api.woosmap.com/stores?key=woos-77d134ba-bbcc-308d-959e-9a8ce014dfec&stores_by_page=300&page=1; https://www.openstreetmap.org/node/4992798792,2026-07-11T20:29:07+00:00
DEC-00774,Decathlon,Im Hader 1,Saarlouis,Saarland,66740,Germany,DE,49.2928700,6.7605330,+49 6831 487640,https://www.decathlon.de/store-view/filiale-saarlouis-0070021300213,Mo-Sa 09:00-20:00,AllThePlaces / localisateur officiel; OpenStreetMap,0070021300213;way/72071840,https://api.woosmap.com/stores?key=woos-77d134ba-bbcc-308d-959e-9a8ce014dfec&stores_by_page=300&page=1; https://www.openstreetmap.org/way/72071840,2026-07-11T20:29:07+00:00
DEC-00775,Decathlon,Grenzhöferstr. 100 b,Schwetzingen,Baden-Wuerttemberg,68723,Germany,DE,49.3946311,8.5776538,+49 6202 9787205,https://www.decathlon.de/store-view/filiale-schwetzingen-0070152201522,Mo-Sa 09:00-20:00,AllThePlaces / localisateur officiel; OpenStreetMap,0070152201522;0070333603336;way/597396185;way/1447938746;node/12175058348,https://api.woosmap.com/stores?key=woos-77d134ba-bbcc-308d-959e-9a8ce014dfec&stores_by_page=300&page=1; https://www.openstreetmap.org/way/597396185; https://www.openstreetmap.org/way/1447938746; https://www.openstreetmap.org/node/12175058348,2026-07-11T20:29:07+00:00
DEC-00776,Decathlon,Bahnhofstraße 29,Singen,Baden-Wuerttemberg,78224,Germany,DE,47.7605011,8.8430861,+49 7731 827020,https://www.decathlon.de/store-view/filiale-singen-0070260402604,Mo-Sa 09:30-20:00,AllThePlaces / localisateur officiel; OpenStreetMap,0070260402604;node/8864837670,https://api.woosmap.com/stores?key=woos-77d134ba-bbcc-308d-959e-9a8ce014dfec&stores_by_page=300&page=1; https://www.openstreetmap.org/node/8864837670,2026-07-11T20:29:07+00:00
DEC-00777,Decathlon,Aiterhofener 222,Straubing,Bavaria,94315,Germany,DE,48.8692830,12.6296385,+49 9421 96315310,https://www.decathlon.de/store-view/filiale-straubing-0070346203462,Mo-Fr 10:00-19:00; Sa 09:30-18:00,AllThePlaces / localisateur officiel,0070346203462,https://api.woosmap.com/stores?key=woos-77d134ba-bbcc-308d-959e-9a8ce014dfec&stores_by_page=300&page=1,2026-07-11T20:29:07+00:00
DEC-00778,Decathlon,Robert-Bosch-Straße 1,Stuhr,Bremen,28816,Germany,DE,53.0256570,8.8069170,+49 421 1682050,https://www.decathlon.de/store-view/filiale-bremen-brinkum-0070260502605,Mo-Sa 10:00-19:00,AllThePlaces / localisateur officiel; OpenStreetMap,0070260502605;way/961650087,https://api.woosmap.com/stores?key=woos-77d134ba-bbcc-308d-959e-9a8ce014dfec&stores_by_page=300&page=1; https://www.openstreetmap.org/way/961650087,2026-07-11T20:29:07+00:00
DEC-00779,Decathlon,Königstraße 46,Stuttgart,Baden-Wuerttemberg,70173,Germany,DE,48.7761779,9.1755840,+49 711 28459710,https://www.decathlon.de/store-view/filiale-stuttgart-konigstrasse-0070340703407,Mo-Sa 10:00-20:00,AllThePlaces / localisateur officiel; OpenStreetMap,0070340703407;node/438047041;node/13272893874,https://api.woosmap.com/stores?key=woos-77d134ba-bbcc-308d-959e-9a8ce014dfec&stores_by_page=300&page=1; https://www.openstreetmap.org/node/438047041; https://www.openstreetmap.org/node/13272893874,2026-07-11T20:29:07+00:00
DEC-00780,Decathlon,Mailänder Platz 7,Stuttgart,Baden-Wuerttemberg,70173,Germany,DE,48.7907100,9.1820900,+49 711 12046600,https://www.decathlon.de/store-view/filiale-stuttgart-milaneo-0070265502655,Mo-Fr 10:00-20:00; Sa 09:30-20:00,AllThePlaces / localisateur officiel; OpenStreetMap,0070265502655;node/10574865260,https://api.woosmap.com/stores?key=woos-77d134ba-bbcc-308d-959e-9a8ce014dfec&stores_by_page=300&page=1; https://www.openstreetmap.org/node/10574865260,2026-07-11T20:29:07+00:00
DEC-00781,Decathlon,,Taucha,Saxony,,Germany,DE,51.3487699,12.4780323,,,,OpenStreetMap,node/11013797736,https://www.openstreetmap.org/node/11013797736,2026-07-11T20:29:07+00:00
DEC-00782,Decathlon,Simeonstraße 53,Trier,Rheinland-Pfalz,54290,Germany,DE,49.7586157,6.6422481,+4900000000,https://www.decathlon.de/store-view/filiale-neueroffnung-trier-city-0070346003460,Mo-Sa 10:00-19:00,AllThePlaces / localisateur officiel; OpenStreetMap,0070346003460;node/13888637259,https://api.woosmap.com/stores?key=woos-77d134ba-bbcc-308d-959e-9a8ce014dfec&stores_by_page=300&page=1; https://www.openstreetmap.org/node/13888637259,2026-07-11T20:29:07+00:00
DEC-00783,Decathlon,Blaubeurer Str. 95,Ulm,Baden-Wuerttemberg,89077,Germany,DE,48.3999767,9.9612874,+49 731 6026120,https://www.decathlon.de/store-view/filiale-ulm-0070117701177,Mo-Sa 10:00-19:30,AllThePlaces / localisateur officiel; OpenStreetMap,0070117701177;node/5287758273,https://api.woosmap.com/stores?key=woos-77d134ba-bbcc-308d-959e-9a8ce014dfec&stores_by_page=300&page=1; https://www.openstreetmap.org/node/5287758273,2026-07-11T20:29:07+00:00
DEC-00784,Decathlon,Feringastraße 16,Unterföhring,Bavaria,85774,Germany,DE,48.1773574,11.6364185,+49 89 923343870,https://www.decathlon.de/store-view/filiale-munchen-unterfohring-0070260102601,Mo-Sa 09:00-20:00,AllThePlaces / localisateur officiel; OpenStreetMap,0070260102601;node/12382267681,https://api.woosmap.com/stores?key=woos-77d134ba-bbcc-308d-959e-9a8ce014dfec&stores_by_page=300&page=1; https://www.openstreetmap.org/node/12382267681,2026-07-11T20:29:07+00:00
DEC-00785,Decathlon,Ruhrstr. 5,Waiblingen,Baden-Wuerttemberg,71332,Germany,DE,48.8189397,9.3004525,+49 7151 2052310,https://www.decathlon.de/store-view/filiale-waiblingen-0070314503145,Mo-Sa 09:00-20:00,AllThePlaces / localisateur officiel; OpenStreetMap,0070314503145;node/11420279841,https://api.woosmap.com/stores?key=woos-77d134ba-bbcc-308d-959e-9a8ce014dfec&stores_by_page=300&page=1; https://www.openstreetmap.org/node/11420279841,2026-07-11T20:29:07+00:00
DEC-00786,Decathlon,Gutenbergstraße 1,Weiterstadt,Hesse,64331,Germany,DE,49.8944130,8.6069800,+49 6151 1535610,https://www.decathlon.de/store-view/filiale-weiterstadt-0070207002070,Mo-Sa 10:00-20:00,AllThePlaces / localisateur officiel; OpenStreetMap,0070207002070;way/33363152;way/1408629393,https://api.woosmap.com/stores?key=woos-77d134ba-bbcc-308d-959e-9a8ce014dfec&stores_by_page=300&page=1; https://www.openstreetmap.org/way/33363152; https://www.openstreetmap.org/way/1408629393,2026-07-11T20:29:07+00:00
DEC-00787,Decathlon,Äppelallee 69,Wiesbaden,Hesse,65203,Germany,DE,50.0445415,8.2143576,+49 611 89071010,https://www.decathlon.de/store-view/filiale-wiesbaden-0070205202052,Mo-Sa 10:00-20:00,AllThePlaces / localisateur officiel; OpenStreetMap,0070205202052;node/877584306,https://api.woosmap.com/stores?key=woos-77d134ba-bbcc-308d-959e-9a8ce014dfec&stores_by_page=300&page=1; https://www.openstreetmap.org/node/877584306,2026-07-11T20:29:07+00:00
DEC-00788,Decathlon,Friedrich-Engels-Allee 28-32,Wuppertal,North Rhine-Westphalia,42103,Germany,DE,51.2561470,7.1624110,+49 202 47841410,https://www.decathlon.de/store-view/filiale-wuppertal-0070159601596,Mo-Sa 09:00-20:00,AllThePlaces / localisateur officiel; OpenStreetMap,0070159601596;node/5167111252,https://api.woosmap.com/stores?key=woos-77d134ba-bbcc-308d-959e-9a8ce014dfec&stores_by_page=300&page=1; https://www.openstreetmap.org/node/5167111252,2026-07-11T20:29:07+00:00
DEC-00789,Decathlon,4 Robert-Bunsen-Straße,Würzburg,Bavaria,97076,Germany,DE,49.7967554,9.9910111,,https://www.decathlon.de/,Mo-Sa 10:00-20:00,OpenStreetMap,way/27193342,https://www.openstreetmap.org/way/27193342,2026-07-11T20:29:07+00:00
DEC-00790,Decathlon,Accra Mall,Accra,Greater Accra,,Ghana,GH,5.6223391,-0.1728086,,,,OpenStreetMap,node/11198893652,https://www.openstreetmap.org/node/11198893652,2026-07-11T20:29:07+00:00
DEC-00791,Decathlon,,Nungua,Greater Accra,,Ghana,GH,5.6139176,-0.0712023,,,,OpenStreetMap,node/4830568668,https://www.openstreetmap.org/node/4830568668,2026-07-11T20:29:07+00:00
DEC-00792,Decathlon,Κόρινθος - Πάτρα,Lekhaio,Peloponnese,20100,Greece,GR,37.9313975,22.8738008,+302741081437,https://www.decathlon.com.gr/,Mo-Fr 09:00-21:00; Sa 09:00-20:00,OpenStreetMap,node/7535826185,https://www.openstreetmap.org/node/7535826185,2026-07-11T20:29:07+00:00
DEC-00793,Decathlon,E. Poulaki,Spata,Attica,19004,Greece,GR,37.9837927,23.9145413,+302144062550,https://www.decathlon.com.gr/,Mo-Fr 10:00-21:00; Sa 10:00-20:00,OpenStreetMap,node/7535808686,https://www.openstreetmap.org/node/7535808686,2026-07-11T20:29:07+00:00
DEC-00794,Decathlon,3 Προόδου,Αιγάλεω,Attica,12241,Greece,GR,37.9802446,23.6778282,+302144066000,https://www.decathlon.com.gr/,Mo-Fr 09:00-21:00; Sa 09:00-20:00,OpenStreetMap,node/10651183691,https://www.openstreetmap.org/node/10651183691,2026-07-11T20:29:07+00:00
DEC-00795,Decathlon,Destreland,Baie-Mahault,Guadeloupe,,Guadeloupe,GP,16.2524160,-61.5913018,,,,OpenStreetMap,way/1006500159,https://www.openstreetmap.org/way/1006500159,2026-07-11T20:29:07+00:00
DEC-00796,Decathlon,"1/F The Park Lane, 310 Gloucester Rd, Causeway Bay, Hong Kong Island",HONG KONG,Wanchai,0000,Hong Kong,HK,22.2811710,114.1864530,+852 5992 1321,https://www.decathlon.com.hk/en/store-view/sport-shop-causeway-bay-0070161401614,Mo-Su 10:00-22:00,AllThePlaces / localisateur officiel; OpenStreetMap,0070161401614;node/8244642343,https://api.woosmap.com/stores?key=woos-728dcea4-4a6f-322a-8a84-0bb40fe79c59&stores_by_page=300&page=1; https://www.openstreetmap.org/node/8244642343,2026-07-11T20:29:07+00:00
DEC-00797,Decathlon,"B/F, Entertainment Building, 30 Queen's Road Central, Central, Hong Kong Island",HONG KONG,Central and Western,999077,Hong Kong,HK,22.2814535,114.1564296,+852 9165 9291,https://www.decathlon.com.hk/en/store-view/sport-shop-central-0070186601866,Mo-Su 10:00-22:00,AllThePlaces / localisateur officiel; OpenStreetMap,0070186601866;node/8234098533,https://api.woosmap.com/stores?key=woos-728dcea4-4a6f-322a-8a84-0bb40fe79c59&stores_by_page=300&page=1; https://www.openstreetmap.org/node/8234098533,2026-07-11T20:29:07+00:00
DEC-00798,Decathlon,"Shop 301, 3/F, TKO Spot, 2 Tong Ming St, Tseung Kwan O, New Territories",HONG KONG,Sai Kung,999077,Hong Kong,HK,22.3110182,114.2588317,+852 9165 9233,https://www.decathlon.com.hk/en/store-view/sport-shop-tseung-kwan-o-0070235002350,Mo-Th 10:30-21:30; Fr 10:30-22:00; Sa 10:00-22:00; Su 10:00-21:30,AllThePlaces / localisateur officiel; OpenStreetMap,0070235002350;node/6842647786,https://api.woosmap.com/stores?key=woos-728dcea4-4a6f-322a-8a84-0bb40fe79c59&stores_by_page=300&page=1; https://www.openstreetmap.org/node/6842647786,2026-07-11T20:29:07+00:00
DEC-00799,Decathlon,"B/F, Grand Plaza, 639 Nathan Rd, Mong Kok, Kowloon",HONG KONG,Kowloon City,999077,Hong Kong,HK,22.3179638,114.1694325,+852 5993 3727,https://www.decathlon.com.hk/en/store-view/sport-shop-mong-kok-0070161801618,Mo-Su 10:30-22:30,AllThePlaces / localisateur officiel; OpenStreetMap,0070161801618;0070292402924;0070335303353;node/5892999887,https://api.woosmap.com/stores?key=woos-728dcea4-4a6f-322a-8a84-0bb40fe79c59&stores_by_page=300&page=1; https://www.openstreetmap.org/node/5892999887,2026-07-11T20:29:07+00:00
DEC-00800,Decathlon,"Shop 351-352 and 301A-1, 3/F, Telford Plaza II, 33 Wai Yip St, Kowloon Bay, Kowloon",HONG KONG,Kowloon City,999077,Hong Kong,HK,22.3233216,114.2135647,+852 9165 9281,https://www.decathlon.com.hk/en/store-view/sport-shop-kowloon-bay-0070186701867,Mo-Su 10:00-22:00,AllThePlaces / localisateur officiel,0070186701867,https://api.woosmap.com/stores?key=woos-728dcea4-4a6f-322a-8a84-0bb40fe79c59&stores_by_page=300&page=1,2026-07-11T20:29:07+00:00
DEC-00801,Decathlon,"Shop A315, 3/F, Phase III, New Town Plaza, Sha Tin, New Territories",HONG KONG,Sha Tin,999077,Hong Kong,HK,22.3771304,114.1974398,+852 9165 9286,https://www.decathlon.com.hk/en/store-view/sport-shop-sha-tin-0070265002650,Mo-Su 10:30-22:00,AllThePlaces / localisateur officiel,0070265002650,https://api.woosmap.com/stores?key=woos-728dcea4-4a6f-322a-8a84-0bb40fe79c59&stores_by_page=300&page=1,2026-07-11T20:29:07+00:00
DEC-00802,Decathlon,"Shop M-92, V City, 83 Tuen Mun Heung Sze Wui Rd, San Hui, Tuen Mun, New Territories",HONG KONG,Tuen Mun,999077,Hong Kong,HK,22.3953400,113.9743560,+852 9165 9280,https://www.decathlon.com.hk/en/store-view/sport-shop-tuen-mun-0070273702737,Mo-Su 10:00-22:00,AllThePlaces / localisateur officiel,0070273702737,https://api.woosmap.com/stores?key=woos-728dcea4-4a6f-322a-8a84-0bb40fe79c59&stores_by_page=300&page=1,2026-07-11T20:29:07+00:00
DEC-00803,Decathlon,"Shop 2322-23, 2/F, MOSTown, Ma On Shan, New Territories",HONG KONG,Sai Kung,999077,Hong Kong,HK,22.4241633,114.2314688,+852 9165 9287,https://www.decathlon.com.hk/en/store-view/sport-shop-ma-on-shan-c-c-0070273602736,Mo-Su 11:00-21:00,AllThePlaces / localisateur officiel,0070273602736,https://api.woosmap.com/stores?key=woos-728dcea4-4a6f-322a-8a84-0bb40fe79c59&stores_by_page=300&page=1,2026-07-11T20:29:07+00:00
DEC-00804,Decathlon,"NO 6W520 Departures West Hall T1, Hong Kong International Airport",Hong Kong,,999077,Hong Kong,HK,22.3129653,113.9270669,+852 9165 9222,https://www.decathlon.com.hk/en/store-view/sport-shop-hk-airport-terminal-1-restricted-area--0070335103351,Mo-Su 07:00-22:00,AllThePlaces / localisateur officiel,0070335103351,https://api.woosmap.com/stores?key=woos-728dcea4-4a6f-322a-8a84-0bb40fe79c59&stores_by_page=300&page=1,2026-07-11T20:29:07+00:00
DEC-00805,Decathlon,"Shop M1-001 & M1-002, Level G, Kai Tak Mall 1, Kai Tak Sport Park",Kai Tak,Kowloon City,999077,Hong Kong,HK,22.3271460,114.1965699,+852 9165 9282,https://www.decathlon.com.hk/en/store-view/sport-shop-kaitak-0070328403284,Mo-Su 11:00-21:30,AllThePlaces / localisateur officiel; OpenStreetMap,0070328403284;node/12427971286,https://api.woosmap.com/stores?key=woos-728dcea4-4a6f-322a-8a84-0bb40fe79c59&stores_by_page=300&page=1; https://www.openstreetmap.org/node/12427971286,2026-07-11T20:29:07+00:00
DEC-00806,Decathlon,"Shop 66-66A G/F, Cityplaza, 18 Tai Koo Shing Road",Tai Koo Shing,Wanchai,999077,Hong Kong,HK,22.2867210,114.2174770,+852 9165 9288,https://www.decathlon.com.hk/en/store-view/sport-shop-tai-koo-shing-0070328503285,Mo-Fr 10:30-21:30; Sa-Su 10:00-22:00,AllThePlaces / localisateur officiel,0070328503285,https://api.woosmap.com/stores?key=woos-728dcea4-4a6f-322a-8a84-0bb40fe79c59&stores_by_page=300&page=1,2026-07-11T20:29:07+00:00
DEC-00807,Decathlon,132-138 Level 1 Tsuen Wan Plaza,Tsuen Wan,Tsuen Wan,999077,Hong Kong,HK,22.3708210,114.1112277,+852 9165 9284,https://www.decathlon.com.hk/en/store-view/sport-shop-tsuen-wan-0070335203352,Mo-Su 10:30-22:00,AllThePlaces / localisateur officiel,0070335203352,https://api.woosmap.com/stores?key=woos-728dcea4-4a6f-322a-8a84-0bb40fe79c59&stores_by_page=300&page=1,2026-07-11T20:29:07+00:00
DEC-00808,Decathlon,"1002-1003 Level 1 YOHO MALL I, 9 Long Yat Road",Yuen Long,Yuen Long,999077,Hong Kong,HK,22.4436140,114.0373800,+852 9165 9290,https://www.decathlon.com.hk/en/store-view/sport-shop-yuen-long-0070345203452,Mo-Su 11:00-22:00,AllThePlaces / localisateur officiel,0070345203452,https://api.woosmap.com/stores?key=woos-728dcea4-4a6f-322a-8a84-0bb40fe79c59&stores_by_page=300&page=1,2026-07-11T20:29:07+00:00
DEC-00809,Decathlon,Futó u. 37,BUDAPEST,Budapest,1083,Hungary,HU,47.4862116,19.0746421,+36 20 881 9291,https://www.decathlon.hu/store-view/sportaruhaz-budapest-corvin-0070160301603,Mo-Sa 10:00-21:00; Su 10:00-19:00,AllThePlaces / localisateur officiel; OpenStreetMap,0070160301603;node/6783575448,https://api.woosmap.com/stores?key=woos-f4e1c407-8623-32f6-aaf9-c586e8ef2337&stores_by_page=300&page=1; https://www.openstreetmap.org/node/6783575448,2026-07-11T20:29:07+00:00
DEC-00810,Decathlon,Bevásárló u. 2.,Budapest,Budapest,1239,Hungary,HU,47.4208560,19.1560240,+36 20 881 9271,https://www.decathlon.hu/store-view/sportaruhaz-budapest-soroksar-0070043200432,Mo-Sa 09:00-20:00; Su 09:00-19:00,AllThePlaces / localisateur officiel; OpenStreetMap,0070043200432;node/6783575445;node/6816179130;way/727310343,https://api.woosmap.com/stores?key=woos-f4e1c407-8623-32f6-aaf9-c586e8ef2337&stores_by_page=300&page=1; https://www.openstreetmap.org/node/6783575445; https://www.openstreetmap.org/node/6816179130; https://www.openstreetmap.org/way/727310343,2026-07-11T20:29:07+00:00
DEC-00811,Decathlon,Nyugati tér 1-2,Budapest,Budapest,1066,Hungary,HU,47.5097000,19.0558000,+36 20 881 9288,https://www.decathlon.hu/store-view/sportaruhaz-budapest-nyugati-ter-0070150301503,Mo-Sa 09:00-21:00; Su 10:00-18:00,AllThePlaces / localisateur officiel; OpenStreetMap,0070150301503;node/4375674990,https://api.woosmap.com/stores?key=woos-f4e1c407-8623-32f6-aaf9-c586e8ef2337&stores_by_page=300&page=1; https://www.openstreetmap.org/node/4375674990,2026-07-11T20:29:07+00:00
DEC-00812,Decathlon,Baross utca 146,Budaörs,Pest,2040,Hungary,HU,47.4533000,18.9361000,+36 20 881 9271,https://www.decathlon.hu/store-view/sportaruhaz-budaors-0070040000400,Mo-Sa 09:00-20:00; Su 09:00-19:00,AllThePlaces / localisateur officiel; OpenStreetMap,0070040000400;node/6816179126;way/547316082;way/727331821;way/727331822;way/935328507;way/87562678,https://api.woosmap.com/stores?key=woos-f4e1c407-8623-32f6-aaf9-c586e8ef2337&stores_by_page=300&page=1; https://www.openstreetmap.org/node/6816179126; https://www.openstreetmap.org/way/547316082; https://www.openstreetmap.org/way/727331821; https://www.openstreetmap.org/way/727331822; https://www.openstreetmap.org/way/935328507; https://www.openstreetmap.org/way/87562678,2026-07-11T20:29:07+00:00
DEC-00813,Decathlon,Szarvasi út 68/2,Békéscsaba,Bekes,5600,Hungary,HU,46.6810000,21.0704000,+36 20 881 9293,https://www.decathlon.hu/store-view/sportaruhaz-bekescsaba-0070201502015,Mo-Sa 09:00-20:00; Su 10:00-18:00,AllThePlaces / localisateur officiel; OpenStreetMap,0070201502015;node/6816172146,https://api.woosmap.com/stores?key=woos-f4e1c407-8623-32f6-aaf9-c586e8ef2337&stores_by_page=300&page=1; https://www.openstreetmap.org/node/6816172146,2026-07-11T20:29:07+00:00
DEC-00814,Decathlon,Határ út 2.,Csömör,Pest,2141,Hungary,HU,47.5385600,19.2464040,+36 20 881 9271,https://www.decathlon.hu/store-view/sportaruhaz-csomor-0070040900409,Mo-Sa 09:00-20:00; Su 09:00-19:00,AllThePlaces / localisateur officiel; OpenStreetMap,0070040900409;way/90038714;way/755435607;way/755435608;way/90038796,https://api.woosmap.com/stores?key=woos-f4e1c407-8623-32f6-aaf9-c586e8ef2337&stores_by_page=300&page=1; https://www.openstreetmap.org/way/90038714; https://www.openstreetmap.org/way/755435607; https://www.openstreetmap.org/way/755435608; https://www.openstreetmap.org/way/90038796,2026-07-11T20:29:07+00:00
DEC-00815,Decathlon,Balmazújvárosi út 11.,Debrecen,Hajdu-Bihar,4002,Hungary,HU,47.5427000,21.5926000,+36 20 881 9283,https://www.decathlon.hu/store-view/sportaruhaz-debrecen-0070069600696,Mo-Sa 09:00-20:00; Su 09:00-18:00,AllThePlaces / localisateur officiel; OpenStreetMap,0070069600696;node/6816179128;node/12643816967;way/236063506;way/244842344;way/727330933,https://api.woosmap.com/stores?key=woos-f4e1c407-8623-32f6-aaf9-c586e8ef2337&stores_by_page=300&page=1; https://www.openstreetmap.org/node/6816179128; https://www.openstreetmap.org/node/12643816967; https://www.openstreetmap.org/way/236063506; https://www.openstreetmap.org/way/244842344; https://www.openstreetmap.org/way/727330933,2026-07-11T20:29:07+00:00
DEC-00816,Decathlon,Pallag utca 3.,Dunakeszi,Pest,2120,Hungary,HU,47.6070770,19.1116610,+36 20 881 9272,https://www.decathlon.hu/store-view/sportaruhaz-dunakeszi-0070040600406,Mo-Sa 09:00-20:00; Su 09:00-19:00,AllThePlaces / localisateur officiel; OpenStreetMap,0070040600406;node/10729328472;way/229143604;way/610015750;way/727331824;way/1153732552,https://api.woosmap.com/stores?key=woos-f4e1c407-8623-32f6-aaf9-c586e8ef2337&stores_by_page=300&page=1; https://www.openstreetmap.org/node/10729328472; https://www.openstreetmap.org/way/229143604; https://www.openstreetmap.org/way/610015750; https://www.openstreetmap.org/way/727331824; https://www.openstreetmap.org/way/1153732552,2026-07-11T20:29:07+00:00
DEC-00817,Decathlon,Kandó Kálmán tér 12,Dunaújváros,Fejer,2400,Hungary,HU,46.9622540,18.9070470,+36 20 881 9280,https://www.decathlon.hu/store-view/sportaruhaz-dunaujvaros-0070056400564,Mo-Sa 09:00-20:00; Su 09:00-18:00,AllThePlaces / localisateur officiel; OpenStreetMap,0070056400564;node/6816215597;node/6816215596;way/727334231,https://api.woosmap.com/stores?key=woos-f4e1c407-8623-32f6-aaf9-c586e8ef2337&stores_by_page=300&page=1; https://www.openstreetmap.org/node/6816215597; https://www.openstreetmap.org/node/6816215596; https://www.openstreetmap.org/way/727334231,2026-07-11T20:29:07+00:00
DEC-00818,Decathlon,II. Rákóczi Ferenc út 100.,Eger,Heves,3300,Hungary,HU,47.9250130,20.3704110,+36 20 881 9292,https://www.decathlon.hu/store-view/sportaruhaz-eger-0070201402014,Mo-Sa 09:00-20:00; Su 09:00-19:00,AllThePlaces / localisateur officiel; OpenStreetMap,0070201402014;node/5287769647,https://api.woosmap.com/stores?key=woos-f4e1c407-8623-32f6-aaf9-c586e8ef2337&stores_by_page=300&page=1; https://www.openstreetmap.org/node/5287769647,2026-07-11T20:29:07+00:00
DEC-00819,Decathlon,Királyszék út 31,Győr,Gyor-Moson-Sopron,9012,Hungary,HU,47.6467610,17.6237620,+36 20 881 9276,https://www.decathlon.hu/store-view/sportaruhaz-gyor-0070047200472,Mo-Sa 09:00-20:00; Su 09:00-19:00,AllThePlaces / localisateur officiel; OpenStreetMap,0070047200472;node/6816179117;way/202423014;way/727306071;way/727306072;way/202423010,https://api.woosmap.com/stores?key=woos-f4e1c407-8623-32f6-aaf9-c586e8ef2337&stores_by_page=300&page=1; https://www.openstreetmap.org/node/6816179117; https://www.openstreetmap.org/way/202423014; https://www.openstreetmap.org/way/727306071; https://www.openstreetmap.org/way/727306072; https://www.openstreetmap.org/way/202423010,2026-07-11T20:29:07+00:00
DEC-00820,Decathlon,2 Csányi úti ipari park,Hatvan,Heves,3000,Hungary,HU,47.6586430,19.7172139,,https://www.decathlon.hu/store-view/sportaruhaz-hatvani-raktar-csak-atveteli-pont-0070108601086,Mo-Tu 06:30-21:30; We 06:30-20:30; Th-Su 06:30-21:30,AllThePlaces / localisateur officiel,0070108601086,https://api.woosmap.com/stores?key=woos-f4e1c407-8623-32f6-aaf9-c586e8ef2337&stores_by_page=300&page=1,2026-07-11T20:29:07+00:00
DEC-00821,Decathlon,Dunaföldvári út 2/b,KECSKEMÉT,Bacs-Kiskun,6000,Hungary,HU,46.8852000,19.6397000,+36 20 881 9281,https://www.decathlon.hu/store-view/sportaruhaz-kecskemet-0070056500565,Mo-Sa 09:00-20:00; Su 09:00-19:00,AllThePlaces / localisateur officiel; OpenStreetMap,0070056500565;way/179891980;way/755435603;way/755435604;way/255811199,https://api.woosmap.com/stores?key=woos-f4e1c407-8623-32f6-aaf9-c586e8ef2337&stores_by_page=300&page=1; https://www.openstreetmap.org/way/179891980; https://www.openstreetmap.org/way/755435603; https://www.openstreetmap.org/way/755435604; https://www.openstreetmap.org/way/255811199,2026-07-11T20:29:07+00:00
DEC-00822,Decathlon,Kállai Pál utca 2,MAGLOD,Pest,2234,Hungary,HU,47.4608630,19.3385980,+36 20 881 9282,https://www.decathlon.hu/store-view/sportaruhaz-maglod-0070058700587,Mo-Sa 09:00-20:00; Su 09:00-19:00,AllThePlaces / localisateur officiel; OpenStreetMap,0070058700587;node/6816179129;way/127978634;way/727322866;way/173918024;node/6816118897,https://api.woosmap.com/stores?key=woos-f4e1c407-8623-32f6-aaf9-c586e8ef2337&stores_by_page=300&page=1; https://www.openstreetmap.org/node/6816179129; https://www.openstreetmap.org/way/127978634; https://www.openstreetmap.org/way/727322866; https://www.openstreetmap.org/way/173918024; https://www.openstreetmap.org/node/6816118897,2026-07-11T20:29:07+00:00
DEC-00823,Decathlon,József Attila út 83.,Miskolc,Borsod-Abauj-Zemplen,3527,Hungary,HU,48.1066124,20.8322409,+36 20 881 9279,https://www.decathlon.hu/store-view/sportaruhaz-miskolc-0070051600516,Mo-Sa 09:00-20:00; Su 09:00-18:00,AllThePlaces / localisateur officiel; OpenStreetMap,0070051600516;node/6816192504;way/727320457;way/727320458;way/755435610;way/118950383,https://api.woosmap.com/stores?key=woos-f4e1c407-8623-32f6-aaf9-c586e8ef2337&stores_by_page=300&page=1; https://www.openstreetmap.org/node/6816192504; https://www.openstreetmap.org/way/727320457; https://www.openstreetmap.org/way/727320458; https://www.openstreetmap.org/way/755435610; https://www.openstreetmap.org/way/118950383,2026-07-11T20:29:07+00:00
DEC-00824,Decathlon,Pazonyi út 36.,Nyíregyháza,Szabolcs-Szatmar-Bereg,4400,Hungary,HU,47.9713220,21.7390470,+36 20 881 9284,https://www.decathlon.hu/store-view/sportaruhaz-nyiregyhaza-0070079000790,Mo-Sa 09:00-20:00; Su 09:00-18:00,AllThePlaces / localisateur officiel; OpenStreetMap,0070079000790;node/3145982645,https://api.woosmap.com/stores?key=woos-f4e1c407-8623-32f6-aaf9-c586e8ef2337&stores_by_page=300&page=1; https://www.openstreetmap.org/node/3145982645,2026-07-11T20:29:07+00:00
DEC-00825,Decathlon,Makay I.u.7.,PÉCS,Baranya,7634,Hungary,HU,46.0627572,18.1816359,+36 20 881 9286,https://www.decathlon.hu/store-view/sportaruhaz-pecs-0070082300823,Mo-Sa 09:00-20:00; Su 09:00-18:00,AllThePlaces / localisateur officiel; OpenStreetMap,0070082300823;way/755435549;way/314579587,https://api.woosmap.com/stores?key=woos-f4e1c407-8623-32f6-aaf9-c586e8ef2337&stores_by_page=300&page=1; https://www.openstreetmap.org/way/755435549; https://www.openstreetmap.org/way/314579587,2026-07-11T20:29:07+00:00
DEC-00826,Decathlon,Ipar körút 31.,Sopron,Gyor-Moson-Sopron,9400,Hungary,HU,47.6692720,16.6101330,+36 20 881 9290,https://www.decathlon.hu/store-view/sportaruhaz-sopron-0070153501535,Mo-Sa 09:00-20:00; Su 09:00-18:00,AllThePlaces / localisateur officiel; OpenStreetMap,0070153501535;node/4589545728,https://api.woosmap.com/stores?key=woos-f4e1c407-8623-32f6-aaf9-c586e8ef2337&stores_by_page=300&page=1; https://www.openstreetmap.org/node/4589545728,2026-07-11T20:29:07+00:00
DEC-00827,Decathlon,Zápor út 4.,Szeged,Csongrad,6728,Hungary,HU,46.2734000,20.1049000,+36 20 881 9285,https://www.decathlon.hu/store-view/sportaruhaz-szeged-0070082100821,Mo-Sa 09:00-20:00; Su 09:00-18:00,AllThePlaces / localisateur officiel; OpenStreetMap,0070082100821;node/3949936625;node/7683175300;way/727313145,https://api.woosmap.com/stores?key=woos-f4e1c407-8623-32f6-aaf9-c586e8ef2337&stores_by_page=300&page=1; https://www.openstreetmap.org/node/3949936625; https://www.openstreetmap.org/node/7683175300; https://www.openstreetmap.org/way/727313145,2026-07-11T20:29:07+00:00
DEC-00828,Decathlon,3 Holland fasor,Szekesfehervar,Fejer,8000,Hungary,HU,47.1491552,18.4276369,+36 1 920 1020,https://www.decathlon.hu/,Mo-Sa 09:00-20:00; Su 09:00-18:00,OpenStreetMap,node/6816179127;way/124525973;way/727310339;way/727310340;way/218775688,https://www.openstreetmap.org/node/6816179127; https://www.openstreetmap.org/way/124525973; https://www.openstreetmap.org/way/727310339; https://www.openstreetmap.org/way/727310340; https://www.openstreetmap.org/way/218775688,2026-07-11T20:29:07+00:00
DEC-00829,Decathlon,Felső Szandai Rét 1,Szolnok,Jasz-Nagykun-Szolnok,5000,Hungary,HU,47.1590000,20.1976000,+36 20 881 9287,https://www.decathlon.hu/store-view/sportaruhaz-szolnok-0070108501085,Mo-Sa 09:00-20:00; Su 09:00-19:00,AllThePlaces / localisateur officiel; OpenStreetMap,0070108501085;node/6816005751;way/727315936,https://api.woosmap.com/stores?key=woos-f4e1c407-8623-32f6-aaf9-c586e8ef2337&stores_by_page=300&page=1; https://www.openstreetmap.org/node/6816005751; https://www.openstreetmap.org/way/727315936,2026-07-11T20:29:07+00:00
DEC-00830,Decathlon,Bálványkő út 3.,Szombathely,Vas,9700,Hungary,HU,47.2426570,16.6572820,+36 20 881 9277,https://www.decathlon.hu/store-view/sportaruhaz-szombathely-0070051400514,Mo-Sa 09:00-20:00; Su 10:00-18:00,AllThePlaces / localisateur officiel; OpenStreetMap,0070051400514;node/6816179116;way/295074593;way/295074594;way/727310334,https://api.woosmap.com/stores?key=woos-f4e1c407-8623-32f6-aaf9-c586e8ef2337&stores_by_page=300&page=1; https://www.openstreetmap.org/node/6816179116; https://www.openstreetmap.org/way/295074593; https://www.openstreetmap.org/way/295074594; https://www.openstreetmap.org/way/727310334,2026-07-11T20:29:07+00:00
DEC-00831,Decathlon,Holland fasor 3.,Székesfehérvár,Fejer,8000,Hungary,HU,47.1464210,18.4238700,+36 20 881 9275,https://www.decathlon.hu/store-view/sportaruhaz-szekesfehervar-0070043300433,Mo-Sa 09:00-20:00; Su 09:00-19:00,AllThePlaces / localisateur officiel,0070043300433,https://api.woosmap.com/stores?key=woos-f4e1c407-8623-32f6-aaf9-c586e8ef2337&stores_by_page=300&page=1,2026-07-11T20:29:07+00:00
DEC-00832,Decathlon,Külső-Kádártai út 3,Veszprém,Veszprem,8200,Hungary,HU,47.1021720,17.9342170,+36 20 881 9294,https://www.decathlon.hu/store-view/sportaruhaz-veszprem-0070201602016,Mo-Sa 09:00-20:00; Su 09:00-18:00,AllThePlaces / localisateur officiel; OpenStreetMap,0070201602016;node/5036136922,https://api.woosmap.com/stores?key=woos-f4e1c407-8623-32f6-aaf9-c586e8ef2337&stores_by_page=300&page=1; https://www.openstreetmap.org/node/5036136922,2026-07-11T20:29:07+00:00
DEC-00833,Decathlon,Határ út 1-3.,Vértesszőlős,Komarom-Esztergom,2837,Hungary,HU,47.6032060,18.3877170,+36 20 881 9289,https://www.decathlon.hu/store-view/sportaruhaz-tatabanya-0070117801178,Mo-Sa 09:00-20:00; Su 09:00-18:00,AllThePlaces / localisateur officiel; OpenStreetMap,0070117801178;way/721646561,https://api.woosmap.com/stores?key=woos-f4e1c407-8623-32f6-aaf9-c586e8ef2337&stores_by_page=300&page=1; https://www.openstreetmap.org/way/721646561,2026-07-11T20:29:07+00:00
DEC-00834,Decathlon,Balatoni út 5.,ZALAEGERSZEG,Zala,8900,Hungary,HU,46.8453000,16.8483000,+36 20 881 9278,https://www.decathlon.hu/store-view/sportaruhaz-zalaegerszeg-0070051500515,Mo-Sa 09:00-20:00; Su 09:00-19:00,AllThePlaces / localisateur officiel,0070051500515,https://api.woosmap.com/stores?key=woos-f4e1c407-8623-32f6-aaf9-c586e8ef2337&stores_by_page=300&page=1,2026-07-11T20:29:07+00:00
DEC-00835,Decathlon,5 Balatoni út,Zalaegerszeg,Zala,8900,Hungary,HU,46.8430960,16.8670051,+36 1 920 1020,https://www.decathlon.hu/,Mo-Sa 09:00-20:00; Su 09:00-18:00,OpenStreetMap,node/2525756348;node/6814016857;way/206813130;way/206813131;way/245365931,https://www.openstreetmap.org/node/2525756348; https://www.openstreetmap.org/node/6814016857; https://www.openstreetmap.org/way/206813130; https://www.openstreetmap.org/way/206813131; https://www.openstreetmap.org/way/245365931,2026-07-11T20:29:07+00:00
DEC-00836,Decathlon,Chimanlal Girdharlal Road,"Ahmedabad, Gujarat. India",Gujarat,380006,India,IN,23.0247142,72.5563764,+918431910061,https://www.decathlon.in/,"Mo-Fr 10:00-21:00; Sa,Su 10:00-22:00",OpenStreetMap,node/9009705195,https://www.openstreetmap.org/node/9009705195,2026-07-11T20:29:07+00:00
DEC-00837,Decathlon,,Allahabad,Uttar Pradesh,,India,IN,25.4515551,81.8344439,,,,OpenStreetMap,node/12692375197,https://www.openstreetmap.org/node/12692375197,2026-07-11T20:29:07+00:00
DEC-00838,Decathlon,,Ambattur,Tamil Nadu,,India,IN,13.0840457,80.1607116,,,,OpenStreetMap,way/817444594,https://www.openstreetmap.org/way/817444594,2026-07-11T20:29:07+00:00
DEC-00839,Decathlon,,Amritsar,Punjab,,India,IN,31.6723075,74.8863255,+918558999724,https://stores.decathlon.in/nangli-amritsar/5488687636807680,Mo-Su 09:00-21:00,OpenStreetMap,node/4327341710,https://www.openstreetmap.org/node/4327341710,2026-07-11T20:29:07+00:00
DEC-00840,Decathlon,,Anekal,Karnataka,,India,IN,12.8183869,77.6908576,,https://www.decathlon.in/,,OpenStreetMap,node/12144442647;way/307136552,https://www.openstreetmap.org/node/12144442647; https://www.openstreetmap.org/way/307136552,2026-07-11T20:29:07+00:00
DEC-00841,Decathlon,,Artist Village,Maharashtra,,India,IN,19.0116476,73.0348218,,,,OpenStreetMap,node/7801722924,https://www.openstreetmap.org/node/7801722924,2026-07-11T20:29:07+00:00
DEC-00842,Decathlon,,Aurangabad,Maharashtra,,India,IN,19.8739134,75.3167632,,,,OpenStreetMap,node/13244981408,https://www.openstreetmap.org/node/13244981408,2026-07-11T20:29:07+00:00
DEC-00843,Decathlon,,Balapur,Telangana,,India,IN,17.2423690,78.4347539,+91 9581800054,https://www.decathlon.in/c/209-decathlon-shamshabad,,OpenStreetMap,node/4529476389,https://www.openstreetmap.org/node/4529476389,2026-07-11T20:29:07+00:00
DEC-00844,Decathlon,"# 1st Raj Alkaa Park, Kalena Agrahara, Bannerghatta Main Road, Himagiri Meadows",Bangalore,Karnataka,560083,India,IN,12.8638347,77.5905032,08095556217,https://decathlon.in/,09:00-22:00,OpenStreetMap,way/1149959392,https://www.openstreetmap.org/way/1149959392,2026-07-11T20:29:07+00:00
DEC-00845,Decathlon,96/1 Sarjapur Road,Bangalore,Karnataka,560035,India,IN,12.9014109,77.7072161,09538712550,https://www.decathlon.in,,OpenStreetMap,way/609445530;way/60195208,https://www.openstreetmap.org/way/609445530; https://www.openstreetmap.org/way/60195208,2026-07-11T20:29:07+00:00
DEC-00846,Decathlon,,Bangalore,Karnataka,,India,IN,12.9054565,77.4724797,,,,OpenStreetMap,way/997670449,https://www.openstreetmap.org/way/997670449,2026-07-11T20:29:07+00:00
DEC-00847,Decathlon,,Bangalore,Karnataka,,India,IN,12.9654910,77.5616184,,,,OpenStreetMap,node/4881135463,https://www.openstreetmap.org/node/4881135463,2026-07-11T20:29:07+00:00
DEC-00848,Decathlon,,Bangalore,Karnataka,,India,IN,12.9709182,77.6071631,,,,OpenStreetMap,node/6584009978,https://www.openstreetmap.org/node/6584009978,2026-07-11T20:29:07+00:00
DEC-00849,Decathlon,"2/E1 2/E1, Devasdabdar Near Phoenix Market City Whitefield, ITPL Main Rd, Bhadrappa Layout, KEB Colony, Industrial Area, Hoodi",Bangalore,Karnataka,560048,India,IN,12.9947345,77.7009314,80950 00898,https://www.decathlon.in/,10:00-21:30,OpenStreetMap,way/183870747,https://www.openstreetmap.org/way/183870747,2026-07-11T20:29:07+00:00
DEC-00850,Decathlon,,Bangalore,Karnataka,,India,IN,13.0255328,77.6391048,,,,OpenStreetMap,node/12952263254,https://www.openstreetmap.org/node/12952263254,2026-07-11T20:29:07+00:00
DEC-00851,Decathlon,,Basi,Punjab,,India,IN,30.6193405,76.8241770,+918558857226,https://stores.decathlon.in/zirakpur-zirakpur/4698131566428160,Mo-Su 09:00-21:00,OpenStreetMap,way/408258806,https://www.openstreetmap.org/way/408258806,2026-07-11T20:29:07+00:00
DEC-00852,Decathlon,,Calangute,Goa,,India,IN,15.5333555,73.7646985,,,,OpenStreetMap,node/7183848185,https://www.openstreetmap.org/node/7183848185,2026-07-11T20:29:07+00:00
DEC-00853,Decathlon,"NH Bypass, Old NH 47, Vyttila, Ernakulam",Cochin,Kerala,682019,India,IN,9.9603898,76.3194203,+91 9633077277,https://decathlon.in/,Mo-Su 10:00-20:45,OpenStreetMap,way/607435066,https://www.openstreetmap.org/way/607435066,2026-07-11T20:29:07+00:00
DEC-00854,Decathlon,,Dam Dam,West Bengal,,India,IN,22.5711576,88.4349610,,,,OpenStreetMap,node/6269026085,https://www.openstreetmap.org/node/6269026085,2026-07-11T20:29:07+00:00
DEC-00855,Decathalon,,Dehradun,Uttarakhand,,India,IN,30.2892083,78.0436760,,,,OpenStreetMap,node/9381749548;node/6362075438,https://www.openstreetmap.org/node/9381749548; https://www.openstreetmap.org/node/6362075438,2026-07-11T20:29:07+00:00
DEC-00856,Decathlon,,Delhi,NCT,,India,IN,28.6415196,77.2957324,,,12:00-21:00,OpenStreetMap,node/9279862911,https://www.openstreetmap.org/node/9279862911,2026-07-11T20:29:07+00:00
DEC-00857,Decathlon,,Delhi,NCT,,India,IN,28.6582845,77.2979629,,,,OpenStreetMap,node/6189049685,https://www.openstreetmap.org/node/6189049685,2026-07-11T20:29:07+00:00
DEC-00858,Decathlon,,Elur,Kerala,,India,IN,10.0654879,76.3260708,+91-99614 10011,,Mo-Su 10:00-22:00,OpenStreetMap,way/947436485,https://www.openstreetmap.org/way/947436485,2026-07-11T20:29:07+00:00
DEC-00859,Decathlon,,Ferokh,Kerala,,India,IN,11.2352186,75.8447848,,,,OpenStreetMap,way/797755203,https://www.openstreetmap.org/way/797755203,2026-07-11T20:29:07+00:00
DEC-00860,Decathlon,,Guntur,Andhra Pradesh,,India,IN,16.3340155,80.4418885,,,,OpenStreetMap,node/12768425927,https://www.openstreetmap.org/node/12768425927,2026-07-11T20:29:07+00:00
DEC-00861,Decathlon,,Gurgaon,Haryana,,India,IN,28.4274998,77.0361629,,,,OpenStreetMap,node/5931064285,https://www.openstreetmap.org/node/5931064285,2026-07-11T20:29:07+00:00
DEC-00862,Decathlon,"First Floor, Huda City Centre, Sector 29",Gurugram,Haryana,122002,India,IN,28.4590571,77.0726215,+91 99998 69464,https://www.decathlon.in,Mo-Su 08:00-22:00,OpenStreetMap,node/4694038438,https://www.openstreetmap.org/node/4694038438,2026-07-11T20:29:07+00:00
DEC-00863,Decathlon,,Hoskote,Karnataka,,India,IN,12.9597011,77.7473973,,,,OpenStreetMap,node/9862517212,https://www.openstreetmap.org/node/9862517212,2026-07-11T20:29:07+00:00
DEC-00864,Decathlon,,Hoskote,Karnataka,,India,IN,12.9872094,77.7365730,,,,OpenStreetMap,node/10033933657,https://www.openstreetmap.org/node/10033933657,2026-07-11T20:29:07+00:00
DEC-00865,Decathlon,,Hoskote,Karnataka,,India,IN,13.0419394,77.7435020,,,,OpenStreetMap,node/13732061900,https://www.openstreetmap.org/node/13732061900,2026-07-11T20:29:07+00:00
DEC-00866,Decathlon,,Hyderabad,Telangana,,India,IN,17.4167437,78.4172555,,,,OpenStreetMap,node/13272712928,https://www.openstreetmap.org/node/13272712928,2026-07-11T20:29:07+00:00
DEC-00867,Decathlon,,Hyderabad,Telangana,,India,IN,17.4205697,78.4553970,,,,OpenStreetMap,node/6255318388,https://www.openstreetmap.org/node/6255318388,2026-07-11T20:29:07+00:00
DEC-00868,Decathlon,"Lower Ground Floor Nexus Hyderabad Mall, KPHB 9th Phase Road",Hyderabad,Telangana,500072,India,IN,17.4847502,78.3886538,08951923451,https://www.decathlon.in/,Mo-Su 11:00-22:00,OpenStreetMap,node/11358156624,https://www.openstreetmap.org/node/11358156624,2026-07-11T20:29:07+00:00
DEC-00869,Decathlon,,Irugur,Tamil Nadu,,India,IN,11.0571993,77.0795422,,,,OpenStreetMap,way/1135667354,https://www.openstreetmap.org/way/1135667354,2026-07-11T20:29:07+00:00
DEC-00870,Decathlon,,Jalandhar,Punjab,,India,IN,31.3194167,75.5844871,,,,OpenStreetMap,node/10823268225,https://www.openstreetmap.org/node/10823268225,2026-07-11T20:29:07+00:00
DEC-00871,Decathlon,,Karol Bagh,NCT,,India,IN,28.6830315,77.2061078,,,,OpenStreetMap,node/13110159217,https://www.openstreetmap.org/node/13110159217,2026-07-11T20:29:07+00:00
DEC-00872,Decathlon,Shakespeare Sarani,Kolkata,West Bengal,,India,IN,22.5438800,88.3610496,,,,OpenStreetMap,node/10784335506;node/13264386953,https://www.openstreetmap.org/node/10784335506; https://www.openstreetmap.org/node/13264386953,2026-07-11T20:29:07+00:00
DEC-00873,DECATHLON PLAYGROUND,,Kottayam,Kerala,,India,IN,9.6380385,76.5447645,,,Mo-Su 09:00-21:00,OpenStreetMap,way/1266751629;node/11697841737;way/685595041;way/1137795884;way/1258304704,https://www.openstreetmap.org/way/1266751629; https://www.openstreetmap.org/node/11697841737; https://www.openstreetmap.org/way/685595041; https://www.openstreetmap.org/way/1137795884; https://www.openstreetmap.org/way/1258304704,2026-07-11T20:29:07+00:00
DEC-00874,Decathlon,,Kukatpalli,Telangana,,India,IN,17.4464137,78.3639336,,,,OpenStreetMap,node/9803882487,https://www.openstreetmap.org/node/9803882487,2026-07-11T20:29:07+00:00
DEC-00875,Decathlon,"s2, survey 1050 JNTU Road",Kukatpalli,Telangana,5000072,India,IN,17.4902097,78.3928179,,,Mo-Su 10:00-21:30,OpenStreetMap,node/9120904217,https://www.openstreetmap.org/node/9120904217,2026-07-11T20:29:07+00:00
DEC-00876,Decathlon,,Lucknow,Uttar Pradesh,,India,IN,26.7845311,80.9914848,,,,OpenStreetMap,node/10959807300,https://www.openstreetmap.org/node/10959807300,2026-07-11T20:29:07+00:00
DEC-00877,Decathlon,,Madurai,Tamil Nadu,,India,IN,9.9538166,78.1779077,,,,OpenStreetMap,node/4543308490,https://www.openstreetmap.org/node/4543308490,2026-07-11T20:29:07+00:00
DEC-00878,Decathlon,,Meerut,Uttar Pradesh,,India,IN,29.0077066,77.7461651,,,11:00-21:00,OpenStreetMap,node/11517516606,https://www.openstreetmap.org/node/11517516606,2026-07-11T20:29:07+00:00
DEC-00879,Decathlon,Appasaheb Marathe Marg,Mumbai,Maharashtra,400025,India,IN,19.0125214,72.8267952,081053 67284,https://www.decathlon.in/store,Mo-Su 11:00-22:00,OpenStreetMap,node/12495395201,https://www.openstreetmap.org/node/12495395201,2026-07-11T20:29:07+00:00
DEC-00880,Decathlon,,Mumbai,Maharashtra,,India,IN,19.0777339,72.8346260,,,,OpenStreetMap,node/10266735209,https://www.openstreetmap.org/node/10266735209,2026-07-11T20:29:07+00:00
DEC-00881,Decathlon,,Mumbai,Maharashtra,,India,IN,19.0852214,72.8864014,,,,OpenStreetMap,node/10694497426,https://www.openstreetmap.org/node/10694497426,2026-07-11T20:29:07+00:00
DEC-00882,Decathlon,,Mysuru,Karnataka,,India,IN,12.3071729,76.6738555,,,,OpenStreetMap,way/574084101,https://www.openstreetmap.org/way/574084101,2026-07-11T20:29:07+00:00
DEC-00883,Decathlon,,Nangloi Jat,NCT,,India,IN,28.5963440,77.0357319,,,,OpenStreetMap,node/12074868089,https://www.openstreetmap.org/node/12074868089,2026-07-11T20:29:07+00:00
DEC-00884,Decathlon,,New Delhi,NCT,,India,IN,28.5287505,77.2194784,,,Mo-Su 11:00-22:00,OpenStreetMap,node/10755749880,https://www.openstreetmap.org/node/10755749880,2026-07-11T20:29:07+00:00
DEC-00885,Decathlon,,New Delhi,NCT,,India,IN,28.5632565,77.2245648,,,,OpenStreetMap,node/6189045286,https://www.openstreetmap.org/node/6189045286,2026-07-11T20:29:07+00:00
DEC-00886,Decathlon,,Noida,Uttar Pradesh,,India,IN,28.5680476,77.3209092,,,,OpenStreetMap,node/11875621300,https://www.openstreetmap.org/node/11875621300,2026-07-11T20:29:07+00:00
DEC-00887,Decathlon,,Noida,Uttar Pradesh,,India,IN,28.6396433,77.3697303,,,,OpenStreetMap,node/5350562380,https://www.openstreetmap.org/node/5350562380,2026-07-11T20:29:07+00:00
DEC-00888,Decathlon,,Padra,Gujarat,,India,IN,22.3197532,73.1125841,,,,OpenStreetMap,node/11828290807,https://www.openstreetmap.org/node/11828290807,2026-07-11T20:29:07+00:00
DEC-00889,Decathlon,,Palakkad,Kerala,,India,IN,10.7661013,76.6609562,,,11:00-22:00,OpenStreetMap,node/12750430962,https://www.openstreetmap.org/node/12750430962,2026-07-11T20:29:07+00:00
DEC-00890,Decathlon,,Palasbari,Assam,,India,IN,26.1004151,91.6130902,,,,OpenStreetMap,way/518568490,https://www.openstreetmap.org/way/518568490,2026-07-11T20:29:07+00:00
DEC-00891,Decathlon,Christian Colony,Patna,Bihar,800001,India,IN,25.6175078,85.1349643,,,,OpenStreetMap,node/11194431139,https://www.openstreetmap.org/node/11194431139,2026-07-11T20:29:07+00:00
DEC-00892,Decathlon,,Perungudi,Tamil Nadu,,India,IN,12.9660077,80.2483692,,https://www.decathlon.in/,Mo-Su 09:00-18:00,OpenStreetMap,node/5392055521,https://www.openstreetmap.org/node/5392055521,2026-07-11T20:29:07+00:00
DEC-00893,Decathlon,,Pimpri,Maharashtra,,India,IN,18.6088808,73.7515498,,,Mo-Su 10:00-22:00,OpenStreetMap,node/11114872194,https://www.openstreetmap.org/node/11114872194,2026-07-11T20:29:07+00:00
DEC-00894,Decathlon,,Pitampura,NCT,,India,IN,28.6422738,77.1066449,,,,OpenStreetMap,node/6189047087,https://www.openstreetmap.org/node/6189047087,2026-07-11T20:29:07+00:00
DEC-00895,Decathlon,,Pitampura,NCT,,India,IN,28.6581569,77.1274355,,,,OpenStreetMap,node/11816110720,https://www.openstreetmap.org/node/11816110720,2026-07-11T20:29:07+00:00
DEC-00896,Decathlon,,Pitampura,NCT,,India,IN,28.7242475,77.1125210,,,,OpenStreetMap,node/11015243113,https://www.openstreetmap.org/node/11015243113,2026-07-11T20:29:07+00:00
DEC-00897,Decathlon,,Powai,Maharashtra,,India,IN,19.1316532,72.8356666,,,Mo-Su 11:00-22:00,OpenStreetMap,node/12759310777,https://www.openstreetmap.org/node/12759310777,2026-07-11T20:29:07+00:00
DEC-00898,Decathlon,,Pune,Maharashtra,,India,IN,18.5188321,73.9337713,,,,OpenStreetMap,node/7195032149,https://www.openstreetmap.org/node/7195032149,2026-07-11T20:29:07+00:00
DEC-00899,Decathlon,,Pune,Maharashtra,,India,IN,18.5193301,73.8771201,,,,OpenStreetMap,node/11111344337,https://www.openstreetmap.org/node/11111344337,2026-07-11T20:29:07+00:00
DEC-00900,Decathlon,,Quthbullapur,Telangana,,India,IN,17.5096540,78.4785380,,,,OpenStreetMap,node/4686182689,https://www.openstreetmap.org/node/4686182689,2026-07-11T20:29:07+00:00
DEC-00901,Decathlon,,Salem,Tamil Nadu,,India,IN,11.6750636,78.1324864,,,,OpenStreetMap,node/10688153218,https://www.openstreetmap.org/node/10688153218,2026-07-11T20:29:07+00:00
DEC-00902,Decathlon,,Thane,Maharashtra,,India,IN,19.2683092,72.9649488,,,,OpenStreetMap,node/5084140470,https://www.openstreetmap.org/node/5084140470,2026-07-11T20:29:07+00:00
DEC-00903,Decathlon,,Thiruvananthapuram,Kerala,,India,IN,8.5292110,76.9288563,,https://www.decathlon.in/,,OpenStreetMap,node/11058168405,https://www.openstreetmap.org/node/11058168405,2026-07-11T20:29:07+00:00
DEC-00904,Decathlon,,Trichur,Kerala,,India,IN,10.4535725,76.2587510,,,,OpenStreetMap,way/799460195,https://www.openstreetmap.org/way/799460195,2026-07-11T20:29:07+00:00
DEC-00905,Decathlon,,Uppal Kalan,Telangana,,India,IN,17.4027597,78.5846217,,,,OpenStreetMap,way/577895288,https://www.openstreetmap.org/way/577895288,2026-07-11T20:29:07+00:00
DEC-00906,Decathlon,,Vepagunta,Andhra Pradesh,,India,IN,17.7436538,83.2605757,,https://www.decathlon.in/cms/decathlon-stores-2020#ANDHRAPRADESH,,OpenStreetMap,node/9769510046,https://www.openstreetmap.org/node/9769510046,2026-07-11T20:29:07+00:00
DEC-00907,Decathlon,Decathlon Chennai-Kolkata Hwy,Yanamalakuduru,Andhra Pradesh,,India,IN,16.5157343,80.7001454,,,,OpenStreetMap,way/1248011846,https://www.openstreetmap.org/way/1248011846,2026-07-11T20:29:07+00:00
DEC-00908,Decathlon,,Yelahanka,Karnataka,,India,IN,13.1685049,77.6326238,,,Mo-Su 08:00-22:00,OpenStreetMap,way/640257941,https://www.openstreetmap.org/way/640257941,2026-07-11T20:29:07+00:00
DEC-00909,Decathlon,Hennur Bagalur Road,bangalore,Karnataka,560077,India,IN,13.0658622,77.6525199,,,,OpenStreetMap,way/774644022,https://www.openstreetmap.org/way/774644022,2026-07-11T20:29:07+00:00
DEC-00910,Decathlon,"San Centre, No. 668/22 NH 47 Road, Vadekevila Pallimukku Pazhayttin Kuzhi Jn",kollam,Kerala,691010,India,IN,8.8726541,76.6320519,08951481037,https://www.decathlon.in/store/kollam,Mo-Su 010:00-21:00,OpenStreetMap,node/13164448735,https://www.openstreetmap.org/node/13164448735,2026-07-11T20:29:07+00:00
DEC-00911,Decathlon,,Ciputat,West Java,,Indonesia,ID,-6.2203444,106.6660122,,,Mo-Su 10:00-22:00,OpenStreetMap,way/563686553,https://www.openstreetmap.org/way/563686553,2026-07-11T20:29:07+00:00
DEC-00912,Decathlon,,Jagirsidosermo,East Java,,Indonesia,ID,-7.2885425,112.6763824,+62 817-4841-044,https://www.decathlon.co.id/s/lokasi-toko/decathlon-pakuwon-mall-surabaya,Mo-Su 10:00-22:00,OpenStreetMap,node/13911256893,https://www.openstreetmap.org/node/13911256893,2026-07-11T20:29:07+00:00
DEC-00913,Decathlon,Jalan Bulevar Ahmad Yani,Kota Bekasi,West Java,17143,Indonesia,ID,-6.2294222,106.9953931,,,,OpenStreetMap,way/1036300501,https://www.openstreetmap.org/way/1036300501,2026-07-11T20:29:07+00:00
DEC-00914,Decathlon,Saint Margaret's Road,Ballymun,Leinster,D11 X2NC,Ireland,IE,53.4075971,-6.2727166,+353 1 253 0166,https://www.decathlon.ie,Mo-Sa 10:00-21:00; Su 10:00-19:00,OpenStreetMap,node/11833654167;way/1133922330;way/1133922331;way/1133922332;way/1133922333;way/1133922334;way/1133922335;way/1133922336;way/1133922337;way/1133922338;way/1133922339;way/1133922340;way/1133922341;way/1133922342;way/1133922343;way/1133922344;way/1133922345;way/1133922346;way/1133922347;way/39450242;way/816313440,https://www.openstreetmap.org/node/11833654167; https://www.openstreetmap.org/way/1133922330; https://www.openstreetmap.org/way/1133922331; https://www.openstreetmap.org/way/1133922332; https://www.openstreetmap.org/way/1133922333; https://www.openstreetmap.org/way/1133922334; https://www.openstreetmap.org/way/1133922335; https://www.openstreetmap.org/way/1133922336; https://www.openstreetmap.org/way/1133922337; https://www.openstreetmap.org/way/1133922338; https://www.openstreetmap.org/way/1133922339; https://www.openstreetmap.org/way/1133922340; https://www.openstreetmap.org/way/1133922341; https://www.openstreetmap.org/way/1133922342; https://www.openstreetmap.org/way/1133922343; https://www.openstreetmap.org/way/1133922344; https://www.openstreetmap.org/way/1133922345; https://www.openstreetmap.org/way/1133922346; https://www.openstreetmap.org/way/1133922347; https://www.openstreetmap.org/way/39450242; https://www.openstreetmap.org/way/816313440,2026-07-11T20:29:07+00:00
DEC-00915,Decathlon,18-27 O'Connell Street Lower,Dublin,Leinster,D01H6K0,Ireland,IE,53.3492007,-6.2594998,+353 1 253 0166,https://www.decathlon.ie/,"Mo-We 09:00-20:00, Th-Fr 09:00-21:00, Sa 09:00-19:00, Su 10:00-19:00",OpenStreetMap,node/11987608793,https://www.openstreetmap.org/node/11987608793,2026-07-11T20:29:07+00:00
DEC-00916,Decathlon,,Luimneach,Munster,,Ireland,IE,52.6621539,-8.5933272,,https://www.decathlon.ie/,Mo-Sa 09:30-19:00; Su 10:30-18:30,OpenStreetMap,node/699224394,https://www.openstreetmap.org/node/699224394,2026-07-11T20:29:07+00:00
DEC-00917,Decathlon,,Ashdod,Southern District,,Israel,IL,31.7761659,34.6639697,,,,OpenStreetMap,node/12625537924,https://www.openstreetmap.org/node/12625537924,2026-07-11T20:29:07+00:00
DEC-00918,Decathlon,,Holon,Tel Aviv,,Israel,IL,31.9872919,34.7654614,,,,OpenStreetMap,node/5071711146,https://www.openstreetmap.org/node/5071711146,2026-07-11T20:29:07+00:00
DEC-00919,Decathlon,,Jerusalem,Jerusalem,,Israel,IL,31.7517859,35.2130162,,,,OpenStreetMap,node/10869263279,https://www.openstreetmap.org/node/10869263279,2026-07-11T20:29:07+00:00
DEC-00920,Decathlon,,Qiryat Bialik,Haifa,,Israel,IL,32.8098984,35.0728123,,,,OpenStreetMap,node/9221965542,https://www.openstreetmap.org/node/9221965542,2026-07-11T20:29:07+00:00
DEC-00921,Decathlon Netanya,10 הגביש,נתניה,Central District,,Israel,IL,32.2897883,34.8622431,0526029032,https://www.decathlon.co.il/en/content/42-our-stores,,OpenStreetMap,way/74168738,https://www.openstreetmap.org/way/74168738,2026-07-11T20:29:07+00:00
DEC-00922,Decathlon,"VIALE MARTIRI DELLA FOCE, 48",Albenga,Liguria,17031,Italy,IT,44.0544492,8.1976338,+39 0182 190 2807,https://www.decathlon.it/store-view/negozio-sport-albenga-savona-0070203002030,Mo-Su 09:30-19:30,AllThePlaces / localisateur officiel; OpenStreetMap,0070203002030;node/12317643926,https://api.woosmap.com/stores?key=woos-25d7be73-ee80-3e98-915d-a5349756f5d2&stores_by_page=300&page=1; https://www.openstreetmap.org/node/12317643926,2026-07-11T20:29:07+00:00
DEC-00923,Decathlon,2f Via Torino di San Michele,Alessandria,Piedmont,15122,Italy,IT,44.9211757,8.5838358,+39 0131 361171,https://www.decathlon.it/store-view/negozio-sport-alessandria-0070047100471,Mo-Su 09:00-20:00,OpenStreetMap,way/605283738,https://www.openstreetmap.org/way/605283738,2026-07-11T20:29:07+00:00
DEC-00924,Decathlon,Via Torino di San Michele 2/F,Alessandria,Piedmont,15122,Italy,IT,44.9213000,8.5800000,+39 0131 361171,https://www.decathlon.it/store-view/negozio-sport-alessandria-0070047100471,Mo-Su 09:00-20:00,AllThePlaces / localisateur officiel,0070047100471,https://api.woosmap.com/stores?key=woos-25d7be73-ee80-3e98-915d-a5349756f5d2&stores_by_page=300&page=1,2026-07-11T20:29:07+00:00
DEC-00925,Decathlon,Viale Amendola 12/13,Arezzo,Tuscany,52100,Italy,IT,43.4762680,11.8595753,+39 0575 173 9612,https://www.decathlon.it/store-view/negozio-sport-arezzo-0070117501175,Mo-Sa 09:00-20:30; Su 09:00-20:00,AllThePlaces / localisateur officiel; OpenStreetMap,0070117501175;node/4257263027,https://api.woosmap.com/stores?key=woos-25d7be73-ee80-3e98-915d-a5349756f5d2&stores_by_page=300&page=1; https://www.openstreetmap.org/node/4257263027,2026-07-11T20:29:07+00:00
DEC-00926,Decathlon,Via del Campo d'Aviazione,Aspio Terme,The Marches,60021,Italy,IT,43.5236842,13.5241258,+39 071 7309128,,Mo-Su 09:00-20:30,OpenStreetMap,node/2981129360,https://www.openstreetmap.org/node/2981129360,2026-07-11T20:29:07+00:00
DEC-00927,Decathlon,"Via Pierina Campanella, 7",Asti,Piedmont,14100,Italy,IT,44.9077860,8.2352400,+39 0141 188 4505,https://www.decathlon.it/store-view/negozio-sport-asti-0070231802318,Mo-Su 09:00-20:00,AllThePlaces / localisateur officiel; OpenStreetMap,0070231802318;node/9026899553,https://api.woosmap.com/stores?key=woos-25d7be73-ee80-3e98-915d-a5349756f5d2&stores_by_page=300&page=1; https://www.openstreetmap.org/node/9026899553,2026-07-11T20:29:07+00:00
DEC-00928,Decathlon,Via Francesco De Blasio 1,Bari,Apulia,70132,Italy,IT,41.1174795,16.8213339,+39 080 537 5710,https://www.decathlon.it/store-view/negozio-sport-bari-0070030300303,Mo-Su 09:30-20:30,AllThePlaces / localisateur officiel; OpenStreetMap,0070030300303;way/1452342088;node/1108920462;way/416496312,https://api.woosmap.com/stores?key=woos-25d7be73-ee80-3e98-915d-a5349756f5d2&stores_by_page=300&page=1; https://www.openstreetmap.org/way/1452342088; https://www.openstreetmap.org/node/1108920462; https://www.openstreetmap.org/way/416496312,2026-07-11T20:29:07+00:00
DEC-00929,Decathlon,"Via Carlo Porta, 2 (CONSEGNA E RITIRO ORDINI ONLINE)",Basiano,Lombardy,20060,Italy,IT,45.5776139,9.4720038,+39 02 5003 3194,https://www.decathlon.it/store-view/negozio-sport-basiano-logistics-services-0070043800438,Mo-Su 06:00-22:00,AllThePlaces / localisateur officiel,0070043800438,https://api.woosmap.com/stores?key=woos-25d7be73-ee80-3e98-915d-a5349756f5d2&stores_by_page=300&page=1,2026-07-11T20:29:07+00:00
DEC-00930,Decathlon,"2 via C Porta, Lombardia",Basiano,Lombardy,20060,Italy,IT,45.5822162,9.4620023,,https://www.decathlon.it/store-view/negozio-sport-club-italia-0070270002700,Mo-Su 09:00-20:00,AllThePlaces / localisateur officiel,0070270002700,https://api.woosmap.com/stores?key=woos-25d7be73-ee80-3e98-915d-a5349756f5d2&stores_by_page=300&page=1,2026-07-11T20:29:07+00:00
DEC-00931,Decathlon,Via Alcide de Gasperi 80/82,Bassano del Grappa,Veneto,36061,Italy,IT,45.7395845,11.7287951,+39 0424 568118,https://www.decathlon.it/store-view/negozio-sport-bassano-del-grappa-vicenza-0070076800768,Mo-Su 09:00-20:00,AllThePlaces / localisateur officiel; OpenStreetMap,0070076800768;way/227642361,https://api.woosmap.com/stores?key=woos-25d7be73-ee80-3e98-915d-a5349756f5d2&stores_by_page=300&page=1; https://www.openstreetmap.org/way/227642361,2026-07-11T20:29:07+00:00
DEC-00932,Decathlon,"Strada Statale 7 Appia, Km 258+750, 82100 Contrada San Vito, Benevento BN",Benevento,Campania,82100,Italy,IT,41.1196500,14.7583230,+39 0824 192 9505,https://www.decathlon.it/store-view/negozio-sport-benevento-0070231102311,Mo-Su 09:30-20:00,AllThePlaces / localisateur officiel; OpenStreetMap,0070231102311;node/8077523804,https://api.woosmap.com/stores?key=woos-25d7be73-ee80-3e98-915d-a5349756f5d2&stores_by_page=300&page=1; https://www.openstreetmap.org/node/8077523804,2026-07-11T20:29:07+00:00
DEC-00933,Decathlon,26 Via Carlo Serassi,Bergamo,Lombardy,24124,Italy,IT,45.7034117,9.6911582,+39 035 1975 2414,https://www.decathlon.it/store-view/negozio-sport-bergamo-chorus-0070312403124,Mo-Su 09:30-20:00,AllThePlaces / localisateur officiel; OpenStreetMap,0070312403124;node/12391651515,https://api.woosmap.com/stores?key=woos-25d7be73-ee80-3e98-915d-a5349756f5d2&stores_by_page=300&page=1; https://www.openstreetmap.org/node/12391651515,2026-07-11T20:29:07+00:00
DEC-00934,Decathlon,VIA MILANO 50,Biella,Piedmont,13900,Italy,IT,45.5687036,8.0719829,+39 015 240 0004,https://www.decathlon.it/store-view/negozio-sport-biella-0070116401164,Mo-Su 09:00-20:00,AllThePlaces / localisateur officiel; OpenStreetMap,0070116401164;node/1723199351,https://api.woosmap.com/stores?key=woos-25d7be73-ee80-3e98-915d-a5349756f5d2&stores_by_page=300&page=1; https://www.openstreetmap.org/node/1723199351,2026-07-11T20:29:07+00:00
DEC-00935,Decathlon,9 Via Rizzoli,Bologna,Emilia-Romagna,40125,Italy,IT,44.4941819,11.3461148,+39 051 029 7505,https://www.decathlon.it/store-view/negozio-sport-bologna-city-0070270302703,Mo-Su 10:00-20:00,AllThePlaces / localisateur officiel; OpenStreetMap,0070270302703;node/3646417556,https://api.woosmap.com/stores?key=woos-25d7be73-ee80-3e98-915d-a5349756f5d2&stores_by_page=300&page=1; https://www.openstreetmap.org/node/3646417556,2026-07-11T20:29:07+00:00
DEC-00936,Decathlon,5-7 Viale Tito Carnacini,Bologna,Emilia-Romagna,40127,Italy,IT,44.5149389,11.3974691,+39 051 633 3387,,Mo-Sa 09:00-21:00; Su 10:00-20:00,OpenStreetMap,way/149870869,https://www.openstreetmap.org/way/149870869,2026-07-11T20:29:07+00:00
DEC-00937,Decathlon,Via Tito Carnacini 5/7 - Parco Meraville,Bologna,Emilia-Romagna,40127,Italy,IT,44.5184000,11.3944000,+39 051 633 3387,https://www.decathlon.it/store-view/negozio-sport-bologna-0070033500335,Mo-Sa 09:00-21:00; Su 10:00-20:00,AllThePlaces / localisateur officiel,0070033500335,https://api.woosmap.com/stores?key=woos-25d7be73-ee80-3e98-915d-a5349756f5d2&stores_by_page=300&page=1,2026-07-11T20:29:07+00:00
DEC-00938,Decathlon,"Via G. Galilei, 20",Bolzano,Trentino-Alto Adige,39100,Italy,IT,46.4867420,11.3365722,+39 0471 180104,https://www.decathlon.it/store-view/negozio-sport-bolzano-bozen-0070113601136,Mo-Sa 09:00-20:00; Su 10:00-20:00,AllThePlaces / localisateur officiel; OpenStreetMap,0070113601136;node/3867121603,https://api.woosmap.com/stores?key=woos-25d7be73-ee80-3e98-915d-a5349756f5d2&stores_by_page=300&page=1; https://www.openstreetmap.org/node/3867121603,2026-07-11T20:29:07+00:00
DEC-00939,Decathlon,,Brandizzo,Piedmont,,Italy,IT,45.1686605,7.8258009,,,,OpenStreetMap,way/992649532;way/1035762531,https://www.openstreetmap.org/way/992649532; https://www.openstreetmap.org/way/1035762531,2026-07-11T20:29:07+00:00
DEC-00940,Decathlon,S.S. 7 per taranto 6/a,Brindisi,Apulia,72100,Italy,IT,40.6226480,17.9107240,+39 0831 508255,https://www.decathlon.it/store-view/negozio-sport-brindisi-0070036100361,Mo-Su 09:00-20:30,AllThePlaces / localisateur officiel; OpenStreetMap,0070036100361;way/422357678,https://api.woosmap.com/stores?key=woos-25d7be73-ee80-3e98-915d-a5349756f5d2&stores_by_page=300&page=1; https://www.openstreetmap.org/way/422357678,2026-07-11T20:29:07+00:00
DEC-00941,Decathlon,"Strada Statale Romea 309, int. 508, Parco Commerciale Clodì",Brondolo di Chioggia,Veneto,30015,Italy,IT,45.1891128,12.2776348,+39 041 490256,https://www.decathlon.it/store-view/negozio-sport-chioggia-venezia-0070116301163,Mo-Sa 09:00-20:00; Su 09:30-20:00,AllThePlaces / localisateur officiel; OpenStreetMap,0070116301163;way/776276454,https://api.woosmap.com/stores?key=woos-25d7be73-ee80-3e98-915d-a5349756f5d2&stores_by_page=300&page=1; https://www.openstreetmap.org/way/776276454,2026-07-11T20:29:07+00:00
DEC-00942,Decathlon,viale Toscana 13,Burolo,Piedmont,10010,Italy,IT,45.4684900,7.9211600,+39 0125 676468,https://www.decathlon.it/store-view/negozio-sport-ivrea-torino-0070116201162,Mo-Su 09:00-20:00,AllThePlaces / localisateur officiel; OpenStreetMap,0070116201162;way/312485346,https://api.woosmap.com/stores?key=woos-25d7be73-ee80-3e98-915d-a5349756f5d2&stores_by_page=300&page=1; https://www.openstreetmap.org/way/312485346,2026-07-11T20:29:07+00:00
DEC-00943,Decathlon,Via Italia,Busnago,Lombardy,20874,Italy,IT,45.6211865,9.4792552,+39 039 894 6445,https://www.decathlon.it/store-view/negozio-sport-busnago-monza-e-brianza-0070067900679,Mo-Su 09:00-20:30,AllThePlaces / localisateur officiel; OpenStreetMap,0070067900679;way/552607918,https://api.woosmap.com/stores?key=woos-25d7be73-ee80-3e98-915d-a5349756f5d2&stores_by_page=300&page=1; https://www.openstreetmap.org/way/552607918,2026-07-11T20:29:07+00:00
DEC-00944,Decathlon,Via San Simone 60,Cagliari,Sardinia,09122,Italy,IT,39.2316617,9.0913243,+39 070 096 2505,https://www.decathlon.it/store-view/negozio-sport-service-center-sardegna-0070256402564,Mo-Su 09:00-21:00,AllThePlaces / localisateur officiel; OpenStreetMap,0070256402564;0070256502565;node/7876636375,https://api.woosmap.com/stores?key=woos-25d7be73-ee80-3e98-915d-a5349756f5d2&stores_by_page=300&page=1; https://www.openstreetmap.org/node/7876636375,2026-07-11T20:29:07+00:00
DEC-00945,Decathlon,Via del Campo d'Aviazione,Camerano,The Marches,60021,Italy,IT,43.5172000,13.5299000,+39 071 730 9128,https://www.decathlon.it/store-view/negozio-sport-camerano-ancona-0070075200752,Mo-Su 09:00-20:30,AllThePlaces / localisateur officiel,0070075200752,https://api.woosmap.com/stores?key=woos-25d7be73-ee80-3e98-915d-a5349756f5d2&stores_by_page=300&page=1,2026-07-11T20:29:07+00:00
DEC-00946,Decathlon,Via Colle delle Api adiac. CC Monforte,Campobasso,Molise,86100,Italy,IT,41.5870613,14.6716022,+39 0874 483445,https://www.decathlon.it/store-view/negozio-sport-campobasso-0070060600606,Mo-Su 10:00-20:00,AllThePlaces / localisateur officiel; OpenStreetMap,0070060600606;way/133377879,https://api.woosmap.com/stores?key=woos-25d7be73-ee80-3e98-915d-a5349756f5d2&stores_by_page=300&page=1; https://www.openstreetmap.org/way/133377879,2026-07-11T20:29:07+00:00
DEC-00947,Decathlon,Via Ciachea,Carini,Sicily,90044,Italy,IT,38.1737670,13.2187480,+39 091 271 9981,https://www.decathlon.it/store-view/negozio-sport-palermo-0070299402994,Mo-Su 09:00-21:00,AllThePlaces / localisateur officiel; OpenStreetMap,0070299402994;way/1216126612,https://api.woosmap.com/stores?key=woos-25d7be73-ee80-3e98-915d-a5349756f5d2&stores_by_page=300&page=1; https://www.openstreetmap.org/way/1216126612,2026-07-11T20:29:07+00:00
DEC-00948,Decathlon,Via Guido Rossa,Carugate,Lombardy,20061,Italy,IT,45.5464802,9.3353359,+39 02 9215 1970,https://www.decathlon.it/store-view/negozio-sport-carugate-milano-0070033100331,Mo-Su 09:30-20:00,AllThePlaces / localisateur officiel; OpenStreetMap,0070033100331;node/6412171986,https://api.woosmap.com/stores?key=woos-25d7be73-ee80-3e98-915d-a5349756f5d2&stores_by_page=300&page=1; https://www.openstreetmap.org/node/6412171986,2026-07-11T20:29:07+00:00
DEC-00949,Decathlon,Via Noicattaro 2 c/o C.C. Auchan,Casamassima,Apulia,70010,Italy,IT,40.9676000,16.9243000,+39 080 697 7506,https://www.decathlon.it/store-view/negozio-sport-casamassima-bari-0070019600196,Mo-Su 09:30-21:00,AllThePlaces / localisateur officiel,0070019600196,https://api.woosmap.com/stores?key=woos-25d7be73-ee80-3e98-915d-a5349756f5d2&stores_by_page=300&page=1,2026-07-11T20:29:07+00:00
DEC-00950,Decathlon,2 Via Noicattaro,Casamassima,Apulia,70010,Italy,IT,40.9707008,16.9273350,+39 080 6977506,https://www.decathlon.it/,,OpenStreetMap,way/410439502,https://www.openstreetmap.org/way/410439502,2026-07-11T20:29:07+00:00
DEC-00951,Decathlon,Circonv. Esterna ang. Via S. Salvatore,Casoria,Campania,80026,Italy,IT,40.8969410,14.3136840,+39 081 584 2034,https://www.decathlon.it/store-view/negozio-sport-casoria-napoli-0070041200412,Mo-Su 09:30-21:00,AllThePlaces / localisateur officiel; OpenStreetMap,0070041200412;way/138628312,https://api.woosmap.com/stores?key=woos-25d7be73-ee80-3e98-915d-a5349756f5d2&stores_by_page=300&page=1; https://www.openstreetmap.org/way/138628312,2026-07-11T20:29:07+00:00
DEC-00952,Decathlon Deposito e Logistica Bologna,4 Via Henry Ford,Castel San Pietro Terme,Emilia-Romagna,40024,Italy,IT,44.4291648,11.6138938,,,,OpenStreetMap,node/7112085256,https://www.openstreetmap.org/node/7112085256,2026-07-11T20:29:07+00:00
DEC-00953,Decathlon,Decathlon Castelletto Ticino - SS 33 del Sempione,Castelletto Sopra Ticino,Lombardy,28053,Italy,IT,45.7208255,8.6088729,+39 0331 979257,https://www.decathlon.it/store-view/negozio-sport-castelletto-ticino-novara-0070086600866,Mo-Su 09:00-20:00,AllThePlaces / localisateur officiel; OpenStreetMap,0070086600866;way/329672742,https://api.woosmap.com/stores?key=woos-25d7be73-ee80-3e98-915d-a5349756f5d2&stores_by_page=300&page=1; https://www.openstreetmap.org/way/329672742,2026-07-11T20:29:07+00:00
DEC-00954,Decathlon,Via Vulcania 11,Castenedolo,Lombardy,25014,Italy,IT,45.4581588,10.3221365,+39 030 967 2749,https://www.decathlon.it/store-view/negozio-sport-castenedolo-brescia-0070057900579,Mo-Su 09:00-20:00,AllThePlaces / localisateur officiel,0070057900579,https://api.woosmap.com/stores?key=woos-25d7be73-ee80-3e98-915d-a5349756f5d2&stores_by_page=300&page=1,2026-07-11T20:29:07+00:00
DEC-00955,Decathlon,Viale Bruno Tirelli 635/L,Castione Andevenno,Lombardy,23012,Italy,IT,46.1624780,9.8140286,+39 0342 567039,https://www.decathlon.it/store-view/negozio-sport-castione-andevenno-sondrio-0070081700817,Mo-Su 09:00-20:00,AllThePlaces / localisateur officiel; OpenStreetMap,0070081700817;way/535789711,https://api.woosmap.com/stores?key=woos-25d7be73-ee80-3e98-915d-a5349756f5d2&stores_by_page=300&page=1; https://www.openstreetmap.org/way/535789711,2026-07-11T20:29:07+00:00
DEC-00956,Decathlon,,Castromediano,Apulia,,Italy,IT,40.3272024,18.1633259,,,,OpenStreetMap,node/13988279281,https://www.openstreetmap.org/node/13988279281,2026-07-11T20:29:07+00:00
DEC-00957,Decathlon,Viale Emilia Loc. Barone c/o Le Fontane,Catanzaro,Calabria,88100,Italy,IT,38.8436940,16.6462350,+39 0961 710005,https://www.decathlon.it/store-view/negozio-sport-catanzaro-0070053400534,Mo-Su 09:00-20:30,AllThePlaces / localisateur officiel; OpenStreetMap,0070053400534;node/7589586203,https://api.woosmap.com/stores?key=woos-25d7be73-ee80-3e98-915d-a5349756f5d2&stores_by_page=300&page=1; https://www.openstreetmap.org/node/7589586203,2026-07-11T20:29:07+00:00
DEC-00958,Decathlon,S.S.16,Cavallino,Apulia,73020,Italy,IT,40.3043651,18.1917430,+39 0832 159 2295,https://www.decathlon.it/store-view/negozio-sport-cavallino-lecce-0070037700377,Mo-Su 09:30-20:30,AllThePlaces / localisateur officiel,0070037700377,https://api.woosmap.com/stores?key=woos-25d7be73-ee80-3e98-915d-a5349756f5d2&stores_by_page=300&page=1,2026-07-11T20:29:07+00:00
DEC-00959,Decathlon,"Viale Brianza, 2",Cinisello Balsamo,Lombardy,20092,Italy,IT,45.5497000,9.2382000,+39 02 6129 4473,https://www.decathlon.it/store-view/negozio-sport-cinisello-milano-0070031600316,Mo-Su 09:00-20:00,AllThePlaces / localisateur officiel; OpenStreetMap,0070031600316;node/1547614866;way/185125542,https://api.woosmap.com/stores?key=woos-25d7be73-ee80-3e98-915d-a5349756f5d2&stores_by_page=300&page=1; https://www.openstreetmap.org/node/1547614866; https://www.openstreetmap.org/way/185125542,2026-07-11T20:29:07+00:00
DEC-00960,Decathlon,SP 5 Colligiana Loc.Belvedere Ingresso 7,Colle Val D'Elsa,Tuscany,53034,Italy,IT,43.4069708,11.1652964,+39 0577 905015,https://www.decathlon.it/store-view/negozio-sport-colle-val-d-elsa-siena-0070057800578,Mo-Su 09:00-20:00,AllThePlaces / localisateur officiel; OpenStreetMap,0070057800578;node/1491161940,https://api.woosmap.com/stores?key=woos-25d7be73-ee80-3e98-915d-a5349756f5d2&stores_by_page=300&page=1; https://www.openstreetmap.org/node/1491161940,2026-07-11T20:29:07+00:00
DEC-00961,Decathlon,15 Via Cecilio,Como Como,Lombardy,22100,Italy,IT,45.7835945,9.0681639,+39 031 537 8741,https://www.decathlon.it/store-view/negozio-sport-como-0070329803298,Mo-Su 09:00-20:00,AllThePlaces / localisateur officiel; OpenStreetMap,0070329803298;node/13398379368,https://api.woosmap.com/stores?key=woos-25d7be73-ee80-3e98-915d-a5349756f5d2&stores_by_page=300&page=1; https://www.openstreetmap.org/node/13398379368,2026-07-11T20:29:07+00:00
DEC-00962,Decathlon,"DecaSS106 km 18, 87064 Corigliano Calabro CS",Corigliano Calabro,Calabria,87064,Italy,IT,39.5942000,16.5201000,+39 0983 851475,https://www.decathlon.it/store-view/negozio-sport-corigliano-calabro-cosenza-0070081000810,Mo-Su 09:30-20:00,AllThePlaces / localisateur officiel,0070081000810,https://api.woosmap.com/stores?key=woos-25d7be73-ee80-3e98-915d-a5349756f5d2&stores_by_page=300&page=1,2026-07-11T20:29:07+00:00
DEC-00963,Decathlon,Km.18 Strada Statale 106 Jonica,Corigliano Calabro,Calabria,87064,Italy,IT,39.6722550,16.5076571,,https://www.decathlon.it/,Mo-Su 09:30-20:00,OpenStreetMap,node/2916174673,https://www.openstreetmap.org/node/2916174673,2026-07-11T20:29:07+00:00
DEC-00964,Decathlon,Viale dell'Industria 2/4,Corsico,Lombardy,20094,Italy,IT,45.4321000,9.0818000,+39 02 458 0490,https://www.decathlon.it/store-view/negozio-sport-corsico-milano-0070012000120,Mo-Su 09:00-20:00,AllThePlaces / localisateur officiel; OpenStreetMap,0070012000120;way/169467781,https://api.woosmap.com/stores?key=woos-25d7be73-ee80-3e98-915d-a5349756f5d2&stores_by_page=300&page=1; https://www.openstreetmap.org/way/169467781,2026-07-11T20:29:07+00:00
DEC-00965,Decathlon,"Via Sesto, 43, Centro commerciale Cremona Po",Cremona,Lombardy,26100,Italy,IT,45.1479247,9.9979276,+39 0372 166 4797,https://www.decathlon.it/store-view/negozio-sport-cremona-0070231202312,Mo-Su 09:00-20:00,AllThePlaces / localisateur officiel; OpenStreetMap,0070231202312;node/10612535136,https://api.woosmap.com/stores?key=woos-25d7be73-ee80-3e98-915d-a5349756f5d2&stores_by_page=300&page=1; https://www.openstreetmap.org/node/10612535136,2026-07-11T20:29:07+00:00
DEC-00966,Decathlon,Via Margarita 8 ang. via Savona - Spazio Conad,Cuneo,Piedmont,12100,Italy,IT,44.3910017,7.5830833,+39 0171 346444,https://www.decathlon.it/store-view/negozio-sport-cuneo-0070037000370,Mo-Su 09:00-20:00,AllThePlaces / localisateur officiel; OpenStreetMap,0070037000370;node/7089465128;node/13236238577,https://api.woosmap.com/stores?key=woos-25d7be73-ee80-3e98-915d-a5349756f5d2&stores_by_page=300&page=1; https://www.openstreetmap.org/node/7089465128; https://www.openstreetmap.org/node/13236238577,2026-07-11T20:29:07+00:00
DEC-00967,Decathlon,2 Via Enrico Fermi,Curno,Lombardy,24035,Italy,IT,45.6808856,9.6082240,,,,OpenStreetMap,node/441162531,https://www.openstreetmap.org/node/441162531,2026-07-11T20:29:07+00:00
DEC-00968,Decathlon,Via Fermi 2 c/o C.C. Curno,Curno,Lombardy,24035,Italy,IT,45.6911000,9.6103000,+39 035 466216,https://www.decathlon.it/store-view/negozio-sport-curno-bergamo-0070032200322,Mo-Su 09:00-20:00,AllThePlaces / localisateur officiel,0070032200322,https://api.woosmap.com/stores?key=woos-25d7be73-ee80-3e98-915d-a5349756f5d2&stores_by_page=300&page=1,2026-07-11T20:29:07+00:00
DEC-00969,Decathlon,Via Leopoldo Pilla S.S. 10,Curtatone,Lombardy,46010,Italy,IT,45.1536000,10.7291000,+39 0376 348301,https://www.decathlon.it/store-view/negozio-sport-curtatone-mantova-0070059700597,Mo-Su 09:00-20:00,AllThePlaces / localisateur officiel; OpenStreetMap,0070059700597;way/229419032,https://api.woosmap.com/stores?key=woos-25d7be73-ee80-3e98-915d-a5349756f5d2&stores_by_page=300&page=1; https://www.openstreetmap.org/way/229419032,2026-07-11T20:29:07+00:00
DEC-00970,Decathlon,"Via Borgo Bello, snc",Dossobuono,Veneto,37062,Italy,IT,45.3918107,10.9061675,+39 045 860 1217,https://www.decathlon.it/store-view/negozio-sport-villafranca-verona-0070087000870,Mo-Su 09:00-20:00,AllThePlaces / localisateur officiel; OpenStreetMap,0070087000870;node/4380707477;node/7274304327;node/4708098609,https://api.woosmap.com/stores?key=woos-25d7be73-ee80-3e98-915d-a5349756f5d2&stores_by_page=300&page=1; https://www.openstreetmap.org/node/4380707477; https://www.openstreetmap.org/node/7274304327; https://www.openstreetmap.org/node/4708098609,2026-07-11T20:29:07+00:00
DEC-00971,Decathlon,"Località Cortenuova, Via Tosco Romagnola Sud 41",Empoli,Tuscany,50053,Italy,IT,43.7211415,10.9664285,+39 0571 162 4505,https://www.decathlon.it/store-view/negozio-sport-empoli-0070299502995,Mo-Su 09:00-20:00,AllThePlaces / localisateur officiel,0070299502995,https://api.woosmap.com/stores?key=woos-25d7be73-ee80-3e98-915d-a5349756f5d2&stores_by_page=300&page=1,2026-07-11T20:29:07+00:00
DEC-00972,Decathlon,41 Via Tosco-Romagnola,Empoli,Tuscany,50053,Italy,IT,43.7223241,10.9737097,,,,OpenStreetMap,node/10202296781,https://www.openstreetmap.org/node/10202296781,2026-07-11T20:29:07+00:00
DEC-00973,Decathlon,"Via Cristoforo Colombo, 6",Faenza,Emilia-Romagna,48018,Italy,IT,44.3267000,11.9056000,+39 0546 46944,https://www.decathlon.it/store-view/negozio-sport-faenza-ravenna-0070053700537,Mo-Su 09:00-20:00,AllThePlaces / localisateur officiel; OpenStreetMap,0070053700537;way/204405523,https://api.woosmap.com/stores?key=woos-25d7be73-ee80-3e98-915d-a5349756f5d2&stores_by_page=300&page=1; https://www.openstreetmap.org/way/204405523,2026-07-11T20:29:07+00:00
DEC-00974,Decathlon,"Via Ferraresi, snc",Ferrara,Emilia-Romagna,44124,Italy,IT,44.8224000,11.5934000,+39 0532 229637,https://www.decathlon.it/store-view/negozio-sport-ferrara-0070114801148,Mo-Su 09:00-20:00,AllThePlaces / localisateur officiel; OpenStreetMap,0070114801148;way/429302513,https://api.woosmap.com/stores?key=woos-25d7be73-ee80-3e98-915d-a5349756f5d2&stores_by_page=300&page=1; https://www.openstreetmap.org/way/429302513,2026-07-11T20:29:07+00:00
DEC-00975,Decathlon,Via Federico Fellini Fidenza Shopping Park,Fidenza,Emilia-Romagna,43036,Italy,IT,44.8663000,10.0616000,+39 0524 687943,https://www.decathlon.it/store-view/negozio-sport-fidenza-parma-0070061900619,Mo-Su 10:00-20:00,AllThePlaces / localisateur officiel,0070061900619,https://api.woosmap.com/stores?key=woos-25d7be73-ee80-3e98-915d-a5349756f5d2&stores_by_page=300&page=1,2026-07-11T20:29:07+00:00
DEC-00976,Decathlon,9 Via Federico Fellini,Fidenza,Emilia-Romagna,43036,Italy,IT,44.8810350,10.0936807,+39 0524 687943,,,OpenStreetMap,way/202199864,https://www.openstreetmap.org/way/202199864,2026-07-11T20:29:07+00:00
DEC-00977,Decathlon,Via Comunità Europea 6,Figline Valdarno,Tuscany,50063,Italy,IT,43.6277000,11.4621000,+39 055 915 4060,https://www.decathlon.it/store-view/negozio-sport-figline-valdarno-firenze-0070083600836,Mo-Su 09:00-20:00,AllThePlaces / localisateur officiel; OpenStreetMap,0070083600836;node/3118020509,https://api.woosmap.com/stores?key=woos-25d7be73-ee80-3e98-915d-a5349756f5d2&stores_by_page=300&page=1; https://www.openstreetmap.org/node/3118020509,2026-07-11T20:29:07+00:00
DEC-00978,Decathlon,Via dei Rastrelli 10/A,Firenze,Tuscany,50127,Italy,IT,43.7913900,11.2296200,+39 055 098 1824,https://www.decathlon.it/store-view/negozio-sport-firenze-novoli-0070115701157,Mo-Su 09:00-20:00,AllThePlaces / localisateur officiel; OpenStreetMap,0070115701157;node/11160213374,https://api.woosmap.com/stores?key=woos-25d7be73-ee80-3e98-915d-a5349756f5d2&stores_by_page=300&page=1; https://www.openstreetmap.org/node/11160213374,2026-07-11T20:29:07+00:00
DEC-00979,Decathlon,Via Maestri del Lavoro 37,Fiume Veneto,Friuli Venezia Giulia,33080,Italy,IT,45.9425000,12.7189000,+39 0434 185 5238,https://www.decathlon.it/store-view/negozio-sport-fiume-veneto-pordenone-0070049900499,Mo-Su 09:00-20:00,AllThePlaces / localisateur officiel; OpenStreetMap,0070049900499;way/144788543,https://api.woosmap.com/stores?key=woos-25d7be73-ee80-3e98-915d-a5349756f5d2&stores_by_page=300&page=1; https://www.openstreetmap.org/way/144788543,2026-07-11T20:29:07+00:00
DEC-00980,Decathlon,Via G. Montanari presso Market Da Vinci,Fiumicino,Latium,00054,Italy,IT,41.7735000,12.2397000,+39 06 6548 8727,https://www.decathlon.it/store-view/negozio-sport-fiumicino-roma-0070046500465,Mo-Su 09:30-21:00,AllThePlaces / localisateur officiel,0070046500465,https://api.woosmap.com/stores?key=woos-25d7be73-ee80-3e98-915d-a5349756f5d2&stores_by_page=300&page=1,2026-07-11T20:29:07+00:00
DEC-00981,Decathlon,Via delle Industrie,Foligno,Umbria,06034,Italy,IT,42.9119394,12.7240991,,,,OpenStreetMap,way/346950708,https://www.openstreetmap.org/way/346950708,2026-07-11T20:29:07+00:00
DEC-00982,Decathlon,Via Industrie SNC,Foligno,Umbria,06034,Italy,IT,42.9189000,12.7239000,+39 0742 670456,https://www.decathlon.it/store-view/negozio-sport-foligno-0070062100621,Mo-Su 09:00-20:00,AllThePlaces / localisateur officiel,0070062100621,https://api.woosmap.com/stores?key=woos-25d7be73-ee80-3e98-915d-a5349756f5d2&stores_by_page=300&page=1,2026-07-11T20:29:07+00:00
DEC-00983,Decathlon,"Via Armando Vona, 28",Frosinone,Latium,03100,Italy,IT,41.6214000,13.2846000,+39 0775 290360,https://www.decathlon.it/store-view/negozio-sport-frosinone-0070074700747,Mo-Fr 09:30-20:00; Sa-Su 09:30-20:30,AllThePlaces / localisateur officiel; OpenStreetMap,0070074700747;node/4318519089,https://api.woosmap.com/stores?key=woos-25d7be73-ee80-3e98-915d-a5349756f5d2&stores_by_page=300&page=1; https://www.openstreetmap.org/node/4318519089,2026-07-11T20:29:07+00:00
DEC-00984,Decathlon,Viale Milano 175,Gallarate,Lombardy,21013,Italy,IT,45.6424500,8.8198170,+39 0331 701660,https://www.decathlon.it/store-view/negozio-sport-gallarate-varese-0070116001160,Mo-Su 09:30-20:00,AllThePlaces / localisateur officiel; OpenStreetMap,0070116001160;node/3374366945,https://api.woosmap.com/stores?key=woos-25d7be73-ee80-3e98-915d-a5349756f5d2&stores_by_page=300&page=1; https://www.openstreetmap.org/node/3374366945,2026-07-11T20:29:07+00:00
DEC-00985,Decathlon,Piazzale Marassi 20/21/22 Rosso,Genova,Liguria,16139,Italy,IT,44.4188614,8.9492888,+39 010 814480,https://www.decathlon.it/store-view/negozio-sport-genova-marassi-0070033000330,Mo-Su 09:00-20:00,AllThePlaces / localisateur officiel; OpenStreetMap,0070033000330;way/291337674;way/310827033,https://api.woosmap.com/stores?key=woos-25d7be73-ee80-3e98-915d-a5349756f5d2&stores_by_page=300&page=1; https://www.openstreetmap.org/way/291337674; https://www.openstreetmap.org/way/310827033,2026-07-11T20:29:07+00:00
DEC-00986,Decathlon,"Via Renata Bianchi, 125",Genova,Liguria,16152,Italy,IT,44.4216030,8.8833529,+39 010 600 1195,https://www.decathlon.it/store-view/negozio-sport-genova-campi-0070043400434,Mo-Su 09:00-20:00,AllThePlaces / localisateur officiel; OpenStreetMap,0070043400434;node/1151821652,https://api.woosmap.com/stores?key=woos-25d7be73-ee80-3e98-915d-a5349756f5d2&stores_by_page=300&page=1; https://www.openstreetmap.org/node/1151821652,2026-07-11T20:29:07+00:00
DEC-00987,Decathlon,Via Nazionale 111,Gioia Tauro,Calabria,89013,Italy,IT,38.4093324,15.9158860,+39 0966 51420,https://www.decathlon.it/store-view/negozio-sport-gioia-tauro-reggio-calabria-0070054500545,Mo-Fr 09:30-20:00; Sa-Su 09:30-20:30,AllThePlaces / localisateur officiel; OpenStreetMap,0070054500545;node/1421003348,https://api.woosmap.com/stores?key=woos-25d7be73-ee80-3e98-915d-a5349756f5d2&stores_by_page=300&page=1; https://www.openstreetmap.org/node/1421003348,2026-07-11T20:29:07+00:00
DEC-00988,Decathlon,"via S. Maria a Cubito 428, presso CC Grande Sud",Giugliano in Campania,Campania,80014,Italy,IT,40.9290000,14.1453000,+39 081 818 1671,https://www.decathlon.it/store-view/negozio-sport-giugliano-napoli-0070042800428,Mo-Su 09:00-21:00,AllThePlaces / localisateur officiel,0070042800428,https://api.woosmap.com/stores?key=woos-25d7be73-ee80-3e98-915d-a5349756f5d2&stores_by_page=300&page=1,2026-07-11T20:29:07+00:00
DEC-00989,Decathlon,"via Ecuador snc, C.C. Maremà",Grosseto,Tuscany,58100,Italy,IT,42.7888000,11.1131000,+39 0564 450855,https://www.decathlon.it/store-view/negozio-sport-grosseto-0070152401524,Mo-Su 09:00-20:00,AllThePlaces / localisateur officiel; OpenStreetMap,0070152401524;relation/13302689,https://api.woosmap.com/stores?key=woos-25d7be73-ee80-3e98-915d-a5349756f5d2&stores_by_page=300&page=1; https://www.openstreetmap.org/relation/13302689,2026-07-11T20:29:07+00:00
DEC-00990,Decathlon,Corso Canonico Allamano 143,Grugliasco,Piedmont,10095,Italy,IT,45.0523000,7.6188000,+39 011 707 0158,https://www.decathlon.it/store-view/negozio-sport-grugliasco-torino-0070022400224,Mo-Su 08:30-20:00,AllThePlaces / localisateur officiel; OpenStreetMap,0070022400224;node/4715010761;way/43271463,https://api.woosmap.com/stores?key=woos-25d7be73-ee80-3e98-915d-a5349756f5d2&stores_by_page=300&page=1; https://www.openstreetmap.org/node/4715010761; https://www.openstreetmap.org/way/43271463,2026-07-11T20:29:07+00:00
DEC-00991,Decathlon,18 Via Aleardo Aleardi,Jesolo,Veneto,30016,Italy,IT,45.4980149,12.6186259,+39 0421 178 9450,https://www.decathlon.it/store-view/negozio-sport-jesolo-0070301103011,Mo-Su 09:00-22:00,AllThePlaces / localisateur officiel; OpenStreetMap,0070301103011;node/1739958379,https://api.woosmap.com/stores?key=woos-25d7be73-ee80-3e98-915d-a5349756f5d2&stores_by_page=300&page=1; https://www.openstreetmap.org/node/1739958379,2026-07-11T20:29:07+00:00
DEC-00992,Decathlon,Centro Commerciale L'Aquilone,L'Aquila,Abruzzo,67100,Italy,IT,42.3488323,13.3477551,,,,OpenStreetMap,node/10118744573,https://www.openstreetmap.org/node/10118744573,2026-07-11T20:29:07+00:00
DEC-00993,Decathlon,"Via Giuseppe Saragat, 1 c/o C.C. L'Aquilone",L'Aquila,Abruzzo,67100,Italy,IT,42.3571000,13.3508000,+39 0862 316548,https://www.decathlon.it/store-view/negozio-sport-l-aquila-0070060700607,Mo-Su 09:00-20:00,AllThePlaces / localisateur officiel,0070060700607,https://api.woosmap.com/stores?key=woos-25d7be73-ee80-3e98-915d-a5349756f5d2&stores_by_page=300&page=1,2026-07-11T20:29:07+00:00
DEC-00994,Decathlon,Via Santa Maria a Castagnolo 5/7,Lastra a Signa,Tuscany,50055,Italy,IT,43.7671870,11.1211979,+39 055 880 2183,https://www.decathlon.it/store-view/negozio-sport-lastra-a-signa-firenze-0070094600946,Mo-Su 09:00-20:00,AllThePlaces / localisateur officiel; OpenStreetMap,0070094600946;node/13195383701,https://api.woosmap.com/stores?key=woos-25d7be73-ee80-3e98-915d-a5349756f5d2&stores_by_page=300&page=1; https://www.openstreetmap.org/node/13195383701,2026-07-11T20:29:07+00:00
DEC-00995,Decathlon,Corso Carlo Alberto,Lecco,Lombardy,23900,Italy,IT,45.8418134,9.4045543,+39 0341 169 3381,https://www.decathlon.it/store-view/negozio-sport-lecco-0070299702997,Mo-Su 09:00-20:00,AllThePlaces / localisateur officiel,0070299702997,https://api.woosmap.com/stores?key=woos-25d7be73-ee80-3e98-915d-a5349756f5d2&stores_by_page=300&page=1,2026-07-11T20:29:07+00:00
DEC-00996,Decathlon,S.S. Valassina 268,Lissone,Lombardy,20851,Italy,IT,45.6054000,9.2291000,+39 039 278 1202,https://www.decathlon.it/store-view/negozio-sport-lissone-monza-e-brianza-0070014000140,Mo-Su 09:00-20:00,AllThePlaces / localisateur officiel; OpenStreetMap,0070014000140;way/237547491,https://api.woosmap.com/stores?key=woos-25d7be73-ee80-3e98-915d-a5349756f5d2&stores_by_page=300&page=1; https://www.openstreetmap.org/way/237547491,2026-07-11T20:29:07+00:00
DEC-00997,Decathlon,Via Cesare Beccaria 1 uscita Livorno sud,Livorno,Tuscany,57128,Italy,IT,43.5306740,10.3308160,+39 0586 01201,https://www.decathlon.it/store-view/negozio-sport-livorno-0070035900359,Mo-Su 09:00-20:00,AllThePlaces / localisateur officiel; OpenStreetMap,0070035900359;way/1132001539,https://api.woosmap.com/stores?key=woos-25d7be73-ee80-3e98-915d-a5349756f5d2&stores_by_page=300&page=1; https://www.openstreetmap.org/way/1132001539,2026-07-11T20:29:07+00:00
DEC-00998,Decathlon,c/o Stadio Gaetano Bonolis,"Località Piano D'accio, Teramo",Abruzzo,64100,Italy,IT,42.6818418,13.7621478,+39 0861 559002,https://www.decathlon.it/store-view/negozio-sport-teramo-0070115001150,Mo-Su 09:00-20:00,AllThePlaces / localisateur officiel; OpenStreetMap,0070115001150;node/2478805151,https://api.woosmap.com/stores?key=woos-25d7be73-ee80-3e98-915d-a5349756f5d2&stores_by_page=300&page=1; https://www.openstreetmap.org/node/2478805151,2026-07-11T20:29:07+00:00
DEC-00999,Decathlon,via Tiracollo 15,Lonato del Garda,Lombardy,25017,Italy,IT,45.4355130,10.5148470,+39 030 096 9505,https://www.decathlon.it/store-view/negozio-sport-lonato-del-garda-0070256802568,Mo-Su 09:00-20:00,AllThePlaces / localisateur officiel; OpenStreetMap,0070256802568;node/9396944502,https://api.woosmap.com/stores?key=woos-25d7be73-ee80-3e98-915d-a5349756f5d2&stores_by_page=300&page=1; https://www.openstreetmap.org/node/9396944502,2026-07-11T20:29:07+00:00
DEC-01000,Decathlon,Via Ficucella Interporto Sud Europa Intervento 13.3,Maddaloni,Campania,81024,Italy,IT,41.0121112,14.3679027,+39 0823 176 6510,https://www.decathlon.it/store-view/negozio-sport-maddaloni-logistics-services-0070073600736,Mo-Sa 09:00-18:00,AllThePlaces / localisateur officiel,0070073600736,https://api.woosmap.com/stores?key=woos-25d7be73-ee80-3e98-915d-a5349756f5d2&stores_by_page=300&page=1,2026-07-11T20:29:07+00:00
DEC-01001,Decathlon,Strada Statale Sannitica,Marcianise,Campania,81025,Italy,IT,41.0079482,14.3249867,+39 0823 969573,,09:30-21:00,OpenStreetMap,node/4710049148,https://www.openstreetmap.org/node/4710049148,2026-07-11T20:29:07+00:00
DEC-01002,Decathlon,Località Aurno c/o C.C. Campania,Marcianise,Campania,81025,Italy,IT,41.0311000,14.2995000,+39 0823 696573,https://www.decathlon.it/store-view/negozio-sport-marcianise-caserta-0070041000410,Mo-Su 09:30-21:00,AllThePlaces / localisateur officiel,0070041000410,https://api.woosmap.com/stores?key=woos-25d7be73-ee80-3e98-915d-a5349756f5d2&stores_by_page=300&page=1,2026-07-11T20:29:07+00:00
DEC-01003,Decathlon,,Massa e Cozzile,Tuscany,51010,Italy,IT,43.8600709,10.7620261,,,,OpenStreetMap,node/2090312933,https://www.openstreetmap.org/node/2090312933,2026-07-11T20:29:07+00:00
DEC-01004,Decathlon,Via Biscolla snc ang. Via Dei Pini,Massa e Cozzile,Tuscany,51010,Italy,IT,43.8667000,10.7671000,+39 0572 72768,https://www.decathlon.it/store-view/negozio-sport-montecatini-terme-pistoia-0070073500735,Mo-Su 09:00-20:00,AllThePlaces / localisateur officiel,0070073500735,https://api.woosmap.com/stores?key=woos-25d7be73-ee80-3e98-915d-a5349756f5d2&stores_by_page=300&page=1,2026-07-11T20:29:07+00:00
DEC-01005,Decathlon,S.P. Belvedere - Contrada Spalla,Melilli,Sicily,96010,Italy,IT,37.1119743,15.2328023,+39 0931 765626,https://www.decathlon.it/store-view/negozio-sport-melilli-siracusa-0070045700457,Mo-Su 09:30-20:30,AllThePlaces / localisateur officiel; OpenStreetMap,0070045700457;way/178826006,https://api.woosmap.com/stores?key=woos-25d7be73-ee80-3e98-915d-a5349756f5d2&stores_by_page=300&page=1; https://www.openstreetmap.org/way/178826006,2026-07-11T20:29:07+00:00
DEC-01006,Decathlon,Via Nicola Santangelo,Mercogliano,Campania,83013,Italy,IT,40.9109365,14.7483548,,,,OpenStreetMap,way/1230603271,https://www.openstreetmap.org/way/1230603271,2026-07-11T20:29:07+00:00
DEC-01007,Decathlon,Strada Statale 374,Mercogliano,Campania,83013,Italy,IT,40.9216075,14.7400859,+39 0825 172 4390,https://www.decathlon.it/store-view/negozio-sport-avellino-0070256602566,Mo-Su 09:30-20:00,AllThePlaces / localisateur officiel,0070256602566,https://api.woosmap.com/stores?key=woos-25d7be73-ee80-3e98-915d-a5349756f5d2&stores_by_page=300&page=1,2026-07-11T20:29:07+00:00
DEC-01008,Decathlon,,Mestre,Veneto,,Italy,IT,45.4684060,12.2136667,,,,OpenStreetMap,way/140848530,https://www.openstreetmap.org/way/140848530,2026-07-11T20:29:07+00:00
DEC-01009,Decathlon,Via Don Peron 12 Zona Terraglio,Mestre,Veneto,30174,Italy,IT,45.5169840,12.2328780,+39 041 502 0360,https://www.decathlon.it/store-view/negozio-sport-mestre-venezia-0070036700367,Mo-Su 09:00-20:00,AllThePlaces / localisateur officiel; OpenStreetMap,0070036700367;node/9508135813,https://api.woosmap.com/stores?key=woos-25d7be73-ee80-3e98-915d-a5349756f5d2&stores_by_page=300&page=1; https://www.openstreetmap.org/node/9508135813,2026-07-11T20:29:07+00:00
DEC-01010,Decathlon,Foro Bonaparte 74/76,Milano,Lombardy,20121,Italy,IT,45.4690000,9.1823000,+39 02 8050 9755,https://www.decathlon.it/store-view/negozio-sport-milano-cairoli-0070034200342,Mo-Su 09:00-20:00,AllThePlaces / localisateur officiel; OpenStreetMap,0070034200342;0070257002570;node/1832528981,https://api.woosmap.com/stores?key=woos-25d7be73-ee80-3e98-915d-a5349756f5d2&stores_by_page=300&page=1; https://www.openstreetmap.org/node/1832528981,2026-07-11T20:29:07+00:00
DEC-01011,Decathlon,Corso Buenos Aires 59,Milano,Lombardy,20124,Italy,IT,45.4826794,9.2129554,+39 02 8275 6505,https://www.decathlon.it/store-view/negozio-sport-milano-baires-0070270602706,Mo-Su 10:00-20:00,AllThePlaces / localisateur officiel; OpenStreetMap,0070270602706;node/11020533165,https://api.woosmap.com/stores?key=woos-25d7be73-ee80-3e98-915d-a5349756f5d2&stores_by_page=300&page=1; https://www.openstreetmap.org/node/11020533165,2026-07-11T20:29:07+00:00
DEC-01012,Decathlon,"Via Grosotto, 7, Milano MI",Milano,Lombardy,20149,Italy,IT,45.4908470,9.1469940,+39 02 3598 1043,https://www.decathlon.it/store-view/negozio-sport-milano-portello-0070231702317,Mo-Su 09:00-21:00,AllThePlaces / localisateur officiel; OpenStreetMap,0070231702317;node/13322714188,https://api.woosmap.com/stores?key=woos-25d7be73-ee80-3e98-915d-a5349756f5d2&stores_by_page=300&page=1; https://www.openstreetmap.org/node/13322714188,2026-07-11T20:29:07+00:00
DEC-01013,Decathlon,Via Daimler 61,Milano,Lombardy,20151,Italy,IT,45.5140628,9.1031876,+39 02 3830 9510,https://www.decathlon.it/store-view/negozio-sport-milano-merlata-0070009100091,Mo-Fr 10:00-21:00; Sa-Su 10:00-22:00,AllThePlaces / localisateur officiel; OpenStreetMap,0070009100091;node/11379551959,https://api.woosmap.com/stores?key=woos-25d7be73-ee80-3e98-915d-a5349756f5d2&stores_by_page=300&page=1; https://www.openstreetmap.org/node/11379551959,2026-07-11T20:29:07+00:00
DEC-01014,Decathlon,Via Firenze c/o C.C. Corolla,Milazzo,Sicily,98057,Italy,IT,38.2207000,15.2419000,+39 090 939 2063,https://www.decathlon.it/store-view/negozio-sport-milazzo-messina-0070049300493,Mo-Su 09:00-21:00,AllThePlaces / localisateur officiel,0070049300493,https://api.woosmap.com/stores?key=woos-25d7be73-ee80-3e98-915d-a5349756f5d2&stores_by_page=300&page=1,2026-07-11T20:29:07+00:00
DEC-01015,Decathlon,"C1 Tenutella, Misterbianco",Misterbianco,Sicily,95045,Italy,IT,37.4795470,15.0062898,+39 095 093 9823,https://www.decathlon.it/store-view/negozio-sport-misterbianco-catania-0070312303123,Mo-Su 09:00-21:00,AllThePlaces / localisateur officiel,0070312303123,https://api.woosmap.com/stores?key=woos-25d7be73-ee80-3e98-915d-a5349756f5d2&stores_by_page=300&page=1,2026-07-11T20:29:07+00:00
DEC-01016,Decathlon,,Misterbianco,Sicily,,Italy,IT,37.4811656,15.0105968,+39 095 093 9823,https://www.decathlon.it,Mo-Su 09:00-21:00,OpenStreetMap,way/119024826,https://www.openstreetmap.org/way/119024826,2026-07-11T20:29:07+00:00
DEC-01017,Decathlon,Viale Ovidio 60,Modena,Emilia-Romagna,41123,Italy,IT,44.6508000,10.8560000,+39 059 847445,https://www.decathlon.it/store-view/negozio-sport-modena-0070062000620,Mo-Su 09:00-20:00,AllThePlaces / localisateur officiel; OpenStreetMap,0070062000620;way/136505678,https://api.woosmap.com/stores?key=woos-25d7be73-ee80-3e98-915d-a5349756f5d2&stores_by_page=300&page=1; https://www.openstreetmap.org/way/136505678,2026-07-11T20:29:07+00:00
DEC-01018,Decathlon,"Via Olivetti, 7",Molfetta,Apulia,70056,Italy,IT,41.2028000,16.5987000,+39 080 338 2424,https://www.decathlon.it/store-view/negozio-sport-molfetta-bari-0070047000470,Mo-Su 10:00-21:00,AllThePlaces / localisateur officiel,0070047000470,https://api.woosmap.com/stores?key=woos-25d7be73-ee80-3e98-915d-a5349756f5d2&stores_by_page=300&page=1,2026-07-11T20:29:07+00:00
DEC-01019,Decathlon,"7, 9 Via Adriano Olivetti",Molfetta,Apulia,70056,Italy,IT,41.2079825,16.5520138,+39 080 3382424,,,OpenStreetMap,node/11884852469,https://www.openstreetmap.org/node/11884852469,2026-07-11T20:29:07+00:00
DEC-01020,Decathlon,Corso Savona 67 Tang. uscita Moncalieri,Moncalieri,Piedmont,10024,Italy,IT,44.9860000,7.7036000,+39 011 647 4471,https://www.decathlon.it/store-view/negozio-sport-moncalieri-torino-0070034100341,Mo-Su 09:00-20:00,AllThePlaces / localisateur officiel; OpenStreetMap,0070034100341;node/1970576568,https://api.woosmap.com/stores?key=woos-25d7be73-ee80-3e98-915d-a5349756f5d2&stores_by_page=300&page=1; https://www.openstreetmap.org/node/1970576568,2026-07-11T20:29:07+00:00
DEC-01021,Decathlon,VIA MAININI snc,Montecassiano,The Marches,62010,Italy,IT,43.3385341,13.4376132,+39 0733 599307,https://www.decathlon.it/store-view/negozio-sport-macerata-0070113501135,Mo-Su 09:00-20:00,AllThePlaces / localisateur officiel; OpenStreetMap,0070113501135;node/3186852562,https://api.woosmap.com/stores?key=woos-25d7be73-ee80-3e98-915d-a5349756f5d2&stores_by_page=300&page=1; https://www.openstreetmap.org/node/3186852562,2026-07-11T20:29:07+00:00
DEC-01022,Decathlon,Via A. Vivaldi svincolo A3,Montecorvino Pugliano,Campania,84090,Italy,IT,40.6308959,14.9149573,+39 089 842 3660,https://www.decathlon.it/store-view/negozio-sport-montecorvino-pugliano-salerno-0070070600706,Mo-Fr 09:30-20:30; Sa-Su 09:00-21:00,AllThePlaces / localisateur officiel,0070070600706,https://api.woosmap.com/stores?key=woos-25d7be73-ee80-3e98-915d-a5349756f5d2&stores_by_page=300&page=1,2026-07-11T20:29:07+00:00
DEC-01023,Decathlon,,Montecorvino Pugliano,Campania,84090,Italy,IT,40.6337547,14.9150471,,https://www.decathlon.it/,"Sa,Su 09:00-21:00; Mo-Fr 09:30-20:30",OpenStreetMap,way/147100755,https://www.openstreetmap.org/way/147100755,2026-07-11T20:29:07+00:00
DEC-01024,Decathlon,Via Flavia di Stramare 119,Muggia,Koper-Capodistria,34015,Italy,IT,45.5945330,13.8064830,+39 040 923 5343,https://www.decathlon.it/store-view/negozio-sport-muggia-trieste-0070081500815,Mo-Sa 09:00-20:00; Su 10:00-20:00,AllThePlaces / localisateur officiel; OpenStreetMap,0070081500815;way/842866519,https://api.woosmap.com/stores?key=woos-25d7be73-ee80-3e98-915d-a5349756f5d2&stores_by_page=300&page=1; https://www.openstreetmap.org/way/842866519,2026-07-11T20:29:07+00:00
DEC-01025,Decathlon,249/251 Via Vicinale Cupa Cintia,Napoli,Campania,80126,Italy,IT,40.8360530,14.1913490,+39 081 1985 9505,https://www.decathlon.it/store-view/negozio-sport-napoli-fuorigrotta-0070299302993,Mo-Su 09:00-21:00,AllThePlaces / localisateur officiel,0070299302993,https://api.woosmap.com/stores?key=woos-25d7be73-ee80-3e98-915d-a5349756f5d2&stores_by_page=300&page=1,2026-07-11T20:29:07+00:00
DEC-01026,Decathlon,Via Fosso Vecchio,Navacchio,Tuscany,56023,Italy,IT,43.6756646,10.4716532,+39 050 777315,https://www.decathlon.it/store-view/negozio-sport-cascina-pisa-0070036200362,Mo-Su 09:00-20:00,AllThePlaces / localisateur officiel; OpenStreetMap,0070036200362;way/95589123,https://api.woosmap.com/stores?key=woos-25d7be73-ee80-3e98-915d-a5349756f5d2&stores_by_page=300&page=1; https://www.openstreetmap.org/way/95589123,2026-07-11T20:29:07+00:00
DEC-01027,Decathlon,Corso Milano 116,Novara,Piedmont,28100,Italy,IT,45.4430675,8.6550696,+39 0321 158 9316,https://www.decathlon.it/store-view/negozio-sport-novara-0070202502025,Mo-Su 09:30-20:00,AllThePlaces / localisateur officiel; OpenStreetMap,0070202502025;way/543128570,https://api.woosmap.com/stores?key=woos-25d7be73-ee80-3e98-915d-a5349756f5d2&stores_by_page=300&page=1; https://www.openstreetmap.org/way/543128570,2026-07-11T20:29:07+00:00
DEC-01028,Decathlon,,Npp 23 (Parco Leonardo),Latium,,Italy,IT,41.8074785,12.2993502,+39 06 6548 8727,https://www.decathlon.it/,Mo-Su 09:30-21:00,OpenStreetMap,way/38666183,https://www.openstreetmap.org/way/38666183,2026-07-11T20:29:07+00:00
DEC-01029,Decathlon,Via degli astronauti,Olbia,Sardinia,07026,Italy,IT,40.9074519,9.5170754,+39 0789 171 5272,https://www.decathlon.it/store-view/negozio-sport-olbia-0070203302033,Mo-Su 09:00-20:00,AllThePlaces / localisateur officiel; OpenStreetMap,0070203302033;way/598181617,https://api.woosmap.com/stores?key=woos-25d7be73-ee80-3e98-915d-a5349756f5d2&stores_by_page=300&page=1; https://www.openstreetmap.org/way/598181617,2026-07-11T20:29:07+00:00
DEC-01030,Decathlon,via delle Marasche 1 S.P. Vimercate,Osnago,Lombardy,23875,Italy,IT,45.6806000,9.3981000,+39 039 928 0074,https://www.decathlon.it/store-view/negozio-sport-osnago-lecco-0070019700197,Mo-Su 09:00-20:00,AllThePlaces / localisateur officiel; OpenStreetMap,0070019700197;way/149138340,https://api.woosmap.com/stores?key=woos-25d7be73-ee80-3e98-915d-a5349756f5d2&stores_by_page=300&page=1; https://www.openstreetmap.org/way/149138340,2026-07-11T20:29:07+00:00
DEC-01031,Decathlon,Via Venezia 104,Padova,Veneto,35131,Italy,IT,45.4113965,11.9109324,+39 049 781 7301,https://www.decathlon.it/store-view/negozio-sport-padova-0070026800268,Mo-Su 09:00-20:00,AllThePlaces / localisateur officiel; OpenStreetMap,0070026800268;node/334512025,https://api.woosmap.com/stores?key=woos-25d7be73-ee80-3e98-915d-a5349756f5d2&stores_by_page=300&page=1; https://www.openstreetmap.org/node/334512025,2026-07-11T20:29:07+00:00
DEC-01032,Decathlon,"Via Emilia Ovest, 237",Parma,Emilia-Romagna,43126,Italy,IT,44.8172000,10.2590000,+39 0521 674344,https://www.decathlon.it/store-view/negozio-sport-parma-0070082000820,Mo-Su 10:00-20:00,AllThePlaces / localisateur officiel; OpenStreetMap,0070082000820;node/7566526786,https://api.woosmap.com/stores?key=woos-25d7be73-ee80-3e98-915d-a5349756f5d2&stores_by_page=300&page=1; https://www.openstreetmap.org/node/7566526786,2026-07-11T20:29:07+00:00
DEC-01033,Decathlon,Via Trattati di Roma snc,Perugia,Umbria,06132,Italy,IT,43.1023370,12.3234880,+39 075 798 3505,https://www.decathlon.it/store-view/negozio-sport-perugia-0070202802028,Mo-Su 09:00-20:00,AllThePlaces / localisateur officiel; OpenStreetMap,0070202802028;node/6123203063,https://api.woosmap.com/stores?key=woos-25d7be73-ee80-3e98-915d-a5349756f5d2&stores_by_page=300&page=1; https://www.openstreetmap.org/node/6123203063,2026-07-11T20:29:07+00:00
DEC-01034,Decathlon,"Viale dell'Artigianato, 90",Piacenza,Emilia-Romagna,29122,Italy,IT,45.0437340,9.7397420,+39 0523 188 5252,https://www.decathlon.it/store-view/negozio-sport-piacenza-0070067600676,Mo-Su 09:00-20:00,AllThePlaces / localisateur officiel; OpenStreetMap,0070067600676;way/117671956,https://api.woosmap.com/stores?key=woos-25d7be73-ee80-3e98-915d-a5349756f5d2&stores_by_page=300&page=1; https://www.openstreetmap.org/way/117671956,2026-07-11T20:29:07+00:00
DEC-01035,Decathlon,"Via Leonardo da Vinci, 25",Pieve Fissiraga,Lombardy,26854,Italy,IT,45.2810771,9.4578338,+39 0371 699080,https://www.decathlon.it/store-view/negozio-sport-pieve-fissiraga-lodi-0070074800748,Mo-Su 09:00-20:00,AllThePlaces / localisateur officiel; OpenStreetMap,0070074800748;way/683167703,https://api.woosmap.com/stores?key=woos-25d7be73-ee80-3e98-915d-a5349756f5d2&stores_by_page=300&page=1; https://www.openstreetmap.org/way/683167703,2026-07-11T20:29:07+00:00
DEC-01036,Decathlon,Via Dolomiti 37,Ponte Nelle Alpi,Veneto,32014,Italy,IT,46.1814747,12.2749640,+39 0437 184 2007,https://www.decathlon.it/store-view/negozio-sport-belluno-ponte-nelle-alpi-0070257102571,Mo-Su 09:30-19:30,AllThePlaces / localisateur officiel; OpenStreetMap,0070257102571;node/8522210465;way/917577265,https://api.woosmap.com/stores?key=woos-25d7be73-ee80-3e98-915d-a5349756f5d2&stores_by_page=300&page=1; https://www.openstreetmap.org/node/8522210465; https://www.openstreetmap.org/way/917577265,2026-07-11T20:29:07+00:00
DEC-01037,Decathlon,c/o C.C. Le Ancore Via Fratte 41,Porto Sant Elpidio,The Marches,63821,Italy,IT,43.2877933,13.7351549,+39 0734 0181,https://www.decathlon.it/store-view/negozio-sport-porto-sant-elpidio-fermo-0070153201532,Mo-Su 09:00-20:30,AllThePlaces / localisateur officiel; OpenStreetMap,0070153201532;node/6041313672,https://api.woosmap.com/stores?key=woos-25d7be73-ee80-3e98-915d-a5349756f5d2&stores_by_page=300&page=1; https://www.openstreetmap.org/node/6041313672,2026-07-11T20:29:07+00:00
DEC-01038,Decathlon,Via delle Pleiadi 89 c/o CC Parco*PRATO,Prato,Tuscany,59100,Italy,IT,43.8728000,11.0644000,+39 0574 185 8153,https://www.decathlon.it/store-view/negozio-sport-prato-0070031300313,Mo-Sa 09:00-20:30; Su 09:00-20:00,AllThePlaces / localisateur officiel; OpenStreetMap,0070031300313;node/1864012829,https://api.woosmap.com/stores?key=woos-25d7be73-ee80-3e98-915d-a5349756f5d2&stores_by_page=300&page=1; https://www.openstreetmap.org/node/1864012829,2026-07-11T20:29:07+00:00
DEC-01039,Decathlon,,Qualiano,Campania,80014,Italy,IT,40.9339022,14.1454662,+39 081 818 1671,,09:00-21:00,OpenStreetMap,node/9051308007,https://www.openstreetmap.org/node/9051308007,2026-07-11T20:29:07+00:00
DEC-01040,Decathlon,"Strada Statale 26 della Valle d'Aosta, 71, località Amérique",Quart (AO),Aosta Valley,11020,Italy,IT,45.7413640,7.3745070,+39 0165 193 0751,https://www.decathlon.it/store-view/negozio-sport-aosta-0070342703427,Mo-Su 09:00-20:00,AllThePlaces / localisateur officiel; OpenStreetMap,0070342703427;node/3045625648;node/13944611813,https://api.woosmap.com/stores?key=woos-25d7be73-ee80-3e98-915d-a5349756f5d2&stores_by_page=300&page=1; https://www.openstreetmap.org/node/3045625648; https://www.openstreetmap.org/node/13944611813,2026-07-11T20:29:07+00:00
DEC-01041,Decathlon,"Viale Delle Americhe, SP 52 snc",Ragusa,Sicily,97100,Italy,IT,36.9392432,14.6579502,+39 0932 609604,https://www.decathlon.it/store-view/negozio-sport-ragusa-0070081600816,Mo-Fr 09:30-20:30; Sa-Su 10:00-21:00,AllThePlaces / localisateur officiel; OpenStreetMap,0070081600816;node/12249226048,https://api.woosmap.com/stores?key=woos-25d7be73-ee80-3e98-915d-a5349756f5d2&stores_by_page=300&page=1; https://www.openstreetmap.org/node/12249226048,2026-07-11T20:29:07+00:00
DEC-01042,Decathlon,"Via Piemonte, 20/A",Reggio nell'Emilia,Emilia-Romagna,42124,Italy,IT,44.7196813,10.6406630,+39 0522 153 9501,https://www.decathlon.it/store-view/negozio-sport-reggio-emilia-0070152901529,Mo-Su 09:00-20:00,AllThePlaces / localisateur officiel; OpenStreetMap,0070152901529;way/454052114;node/4764631434;node/13202400912,https://api.woosmap.com/stores?key=woos-25d7be73-ee80-3e98-915d-a5349756f5d2&stores_by_page=300&page=1; https://www.openstreetmap.org/way/454052114; https://www.openstreetmap.org/node/4764631434; https://www.openstreetmap.org/node/13202400912,2026-07-11T20:29:07+00:00
DEC-01043,Decathlon,2 Via Palmiro Togliatti,Rescaldina,Lombardy,20027,Italy,IT,45.6096903,8.9635781,,,,OpenStreetMap,node/3546453893,https://www.openstreetmap.org/node/3546453893,2026-07-11T20:29:07+00:00
DEC-01044,Decathlon,Via Togliatti 2 SS Saronnese,Rescaldina,Lombardy,20027,Italy,IT,45.6189000,8.9551000,+39 0331 578895,https://www.decathlon.it/store-view/negozio-sport-rescaldina-milano-0070027400274,Mo-Sa 09:00-21:00; Su 09:00-20:00,AllThePlaces / localisateur officiel,0070027400274,https://api.woosmap.com/stores?key=woos-25d7be73-ee80-3e98-915d-a5349756f5d2&stores_by_page=300&page=1,2026-07-11T20:29:07+00:00
DEC-01045,Decathlon,Via Laurentina 865,Roma,Latium,00143,Italy,IT,41.8073541,12.4866987,+39 06 2244 0167,https://www.decathlon.it/store-view/negozio-sport-laurentina-roma-0070052100521,Mo-Su 10:00-21:00,AllThePlaces / localisateur officiel; OpenStreetMap,0070052100521;way/1132719816,https://api.woosmap.com/stores?key=woos-25d7be73-ee80-3e98-915d-a5349756f5d2&stores_by_page=300&page=1; https://www.openstreetmap.org/way/1132719816,2026-07-11T20:29:07+00:00
DEC-01046,Decathlon,Via M. Pandolfi De Rinaldis 14/16,Roma,Latium,00173,Italy,IT,41.8437704,12.6202096,+39 06 724681,https://www.decathlon.it/store-view/negozio-sport-torvergata-roma-0070028700287,Mo-Su 09:00-20:30,AllThePlaces / localisateur officiel; OpenStreetMap,0070028700287;way/41113033,https://api.woosmap.com/stores?key=woos-25d7be73-ee80-3e98-915d-a5349756f5d2&stores_by_page=300&page=1; https://www.openstreetmap.org/way/41113033,2026-07-11T20:29:07+00:00
DEC-01047,Decathlon,Piazzale 12 Ottobre 1492,Roma,Latium,00154,Italy,IT,41.8703943,12.4873484,+39 06 6947 5505,https://www.decathlon.it/store-view/negozio-sport-roma-ostiense-0070256902569,Mo-Fr 09:30-20:00; Sa-Su 09:30-20:30,AllThePlaces / localisateur officiel; OpenStreetMap,0070256902569;way/203079350,https://api.woosmap.com/stores?key=woos-25d7be73-ee80-3e98-915d-a5349756f5d2&stores_by_page=300&page=1; https://www.openstreetmap.org/way/203079350,2026-07-11T20:29:07+00:00
DEC-01048,Decathlon,"Via Appia Nuova, 450",Roma,Latium,00181,Italy,IT,41.8743689,12.5231062,+39 06 8932 0337,https://www.decathlon.it/store-view/negozio-sport-roma-appio-roma-0070113401134,Mo-Su 10:00-20:30,AllThePlaces / localisateur officiel; OpenStreetMap,0070113401134;node/4367972979,https://api.woosmap.com/stores?key=woos-25d7be73-ee80-3e98-915d-a5349756f5d2&stores_by_page=300&page=1; https://www.openstreetmap.org/node/4367972979,2026-07-11T20:29:07+00:00
DEC-01049,Decathlon,"viale Giovanni Battista Valente, 190",Roma,Latium,00155,Italy,IT,41.9004971,12.5687090,+39 06 8355 6505,https://www.decathlon.it/store-view/negozio-sport-roma-collatina-0070299602996,Mo-Su 09:00-20:30,AllThePlaces / localisateur officiel; OpenStreetMap,0070299602996;node/10669703778,https://api.woosmap.com/stores?key=woos-25d7be73-ee80-3e98-915d-a5349756f5d2&stores_by_page=300&page=1; https://www.openstreetmap.org/node/10669703778,2026-07-11T20:29:07+00:00
DEC-01050,Decathlon,Via Di Salone 256,Roma,Latium,00131,Italy,IT,41.9261703,12.6289769,+39 06 4123 6781,https://www.decathlon.it/store-view/negozio-sport-settecamini-roma-0070041100411,Mo-Su 09:00-20:00,AllThePlaces / localisateur officiel; OpenStreetMap,0070041100411;relation/15974774,https://api.woosmap.com/stores?key=woos-25d7be73-ee80-3e98-915d-a5349756f5d2&stores_by_page=300&page=1; https://www.openstreetmap.org/relation/15974774,2026-07-11T20:29:07+00:00
DEC-01051,Decathlon,"Via Arola, 55",Roma,Latium,00166,Italy,IT,41.9316420,12.3820250,+39 06 69436,https://www.decathlon.it/store-view/negozio-sport-casal-del-marmo-roma-0070231302313,Mo-Su 09:30-20:00,AllThePlaces / localisateur officiel,0070231302313,https://api.woosmap.com/stores?key=woos-25d7be73-ee80-3e98-915d-a5349756f5d2&stores_by_page=300&page=1,2026-07-11T20:29:07+00:00
DEC-01052,Decathlon,Via Alberto Lionello 201,Roma,Latium,00139,Italy,IT,41.9723596,12.5400212,+39 06 8707 4316,https://www.decathlon.it/store-view/negozio-sport-bufalotta-roma-0070046900469,Mo-Su 09:00-22:00,AllThePlaces / localisateur officiel; OpenStreetMap,0070046900469;node/2144049487,https://api.woosmap.com/stores?key=woos-25d7be73-ee80-3e98-915d-a5349756f5d2&stores_by_page=300&page=1; https://www.openstreetmap.org/node/2144049487,2026-07-11T20:29:07+00:00
DEC-01053,Decathlon,33;35 Via Enrico Mattei,Roncadelle,Lombardy,25030,Italy,IT,45.5315134,10.1541111,+39 030 2583993,https://www.decathlon.it/store-view/negozio-sport-roncadelle-brescia-0070014700147,09:00-20:00,OpenStreetMap,way/46798961,https://www.openstreetmap.org/way/46798961,2026-07-11T20:29:07+00:00
DEC-01054,Decathlon,"Via Enrico Mattei 33/35, Area commerciale Rondinelle, Brescia",Roncadelle,Lombardy,25030,Italy,IT,45.5342852,10.1511652,+39 030 258 3993,https://www.decathlon.it/store-view/negozio-sport-roncadelle-brescia-0070014700147,Mo-Su 09:00-20:00,AllThePlaces / localisateur officiel,0070014700147,https://api.woosmap.com/stores?key=woos-25d7be73-ee80-3e98-915d-a5349756f5d2&stores_by_page=300&page=1,2026-07-11T20:29:07+00:00
DEC-01055,Decathlon,25 Via Eugenio Curiel,Rozzano,Lombardy,20089,Italy,IT,45.3892949,9.1756319,,,,OpenStreetMap,way/58196616,https://www.openstreetmap.org/way/58196616,2026-07-11T20:29:07+00:00
DEC-01056,Decathlon,via Sandro Pertini 10/12 - fronte Centro Commerciale Fiordaliso,Rozzano,Lombardy,20089,Italy,IT,45.3912866,9.1782980,+39 02 5750 6818,https://www.decathlon.it/store-view/negozio-sport-rozzano-milano-0070046700467,Mo-Su 09:00-20:00,AllThePlaces / localisateur officiel,0070046700467,https://api.woosmap.com/stores?key=woos-25d7be73-ee80-3e98-915d-a5349756f5d2&stores_by_page=300&page=1,2026-07-11T20:29:07+00:00
DEC-01057,Decathlon,144 Via Pasubio,San Benedetto del Tronto,The Marches,63074,Italy,IT,42.8983479,13.8954396,,,,OpenStreetMap,way/81249592,https://www.openstreetmap.org/way/81249592,2026-07-11T20:29:07+00:00
DEC-01058,Decathlon,Via Pasubio 144 c/o C.C. Porto Grande,San Benedetto del Tronto,The Marches,63074,Italy,IT,42.9124000,13.8908000,+39 0735 757670,https://www.decathlon.it/store-view/negozio-sport-san-benedetto-del-tronto-ascoli-piceno-0070032300323,Mo-Su 09:00-20:00,AllThePlaces / localisateur officiel,0070032300323,https://api.woosmap.com/stores?key=woos-25d7be73-ee80-3e98-915d-a5349756f5d2&stores_by_page=300&page=1,2026-07-11T20:29:07+00:00
DEC-01059,Decathlon,Contrada Bigini,San Cataldo,Sicily,93017,Italy,IT,37.4700000,13.9949000,+39 0934 573616,https://www.decathlon.it/store-view/negozio-sport-san-cataldo-caltanissetta-0070060900609,Mo-Fr 09:30-20:30; Sa-Su 10:00-21:00,AllThePlaces / localisateur officiel,0070060900609,https://api.woosmap.com/stores?key=woos-25d7be73-ee80-3e98-915d-a5349756f5d2&stores_by_page=300&page=1,2026-07-11T20:29:07+00:00
DEC-01060,Decathlon,Contrada Bigini,San Cataldo,Sicily,93017,Italy,IT,37.4722676,13.9975486,,https://www.decathlon.it/,"Mo-Fr 09:30-20:30; Sa,Su 09:30-21:00",OpenStreetMap,node/11500819053,https://www.openstreetmap.org/node/11500819053,2026-07-11T20:29:07+00:00
DEC-01061,Decathlon,Via dei Laghi 44,San Donà di Piave,Veneto,30027,Italy,IT,45.6427970,12.5951200,+39 0421 178 0150,https://www.decathlon.it/store-view/negozio-sport-san-dona-di-piave-venezia-0070158401584,Mo-Sa 09:00-20:00; Su 10:00-19:30,AllThePlaces / localisateur officiel; OpenStreetMap,0070158401584;way/479963462,https://api.woosmap.com/stores?key=woos-25d7be73-ee80-3e98-915d-a5349756f5d2&stores_by_page=300&page=1; https://www.openstreetmap.org/way/479963462,2026-07-11T20:29:07+00:00
DEC-01062,Decathlon,,San Filippo del Mela,Sicily,,Italy,IT,38.1856007,15.2683431,+39 090 939 2063,https://www.decathlon.it/,09:00-21:00,OpenStreetMap,way/144977448,https://www.openstreetmap.org/way/144977448,2026-07-11T20:29:07+00:00
DEC-01063,Decathlon,Via Villa Liccer 19,San Fior,Veneto,31020,Italy,IT,45.9053666,12.3400213,+39 0438 167 3641,https://www.decathlon.it/store-view/negozio-sport-san-fior-treviso-0070158201582,Mo-Su 09:00-20:00,AllThePlaces / localisateur officiel; OpenStreetMap,0070158201582;node/6528179526;node/6897820650,https://api.woosmap.com/stores?key=woos-25d7be73-ee80-3e98-915d-a5349756f5d2&stores_by_page=300&page=1; https://www.openstreetmap.org/node/6528179526; https://www.openstreetmap.org/node/6897820650,2026-07-11T20:29:07+00:00
DEC-01064,Decathlon,Via Monte Cristallo,San Giovanni Lupatoto,Veneto,37057,Italy,IT,45.3925000,11.0167000,+39 045 822 0091,https://www.decathlon.it/store-view/negozio-sport-san-giovanni-lupatoto-verona-0070062700627,Mo-Su 09:00-20:00,AllThePlaces / localisateur officiel; OpenStreetMap,0070062700627;node/7168646404;way/146005553,https://api.woosmap.com/stores?key=woos-25d7be73-ee80-3e98-915d-a5349756f5d2&stores_by_page=300&page=1; https://www.openstreetmap.org/node/7168646404; https://www.openstreetmap.org/way/146005553,2026-07-11T20:29:07+00:00
DEC-01065,Decathlon,"Via Regolizie, snc",San Giovanni Teatino,Abruzzo,66020,Italy,IT,42.3941695,14.1694294,+39 085 446 3500,https://www.decathlon.it/store-view/negozio-sport-san-giovanni-teatino-chieti-0070028600286,Mo-Su 09:00-20:00,AllThePlaces / localisateur officiel; OpenStreetMap,0070028600286;node/13853495948,https://api.woosmap.com/stores?key=woos-25d7be73-ee80-3e98-915d-a5349756f5d2&stores_by_page=300&page=1; https://www.openstreetmap.org/node/13853495948,2026-07-11T20:29:07+00:00
DEC-01066,Decathlon,S.P. per Mortara 3/5,San Martino Siccomario,Lombardy,27028,Italy,IT,45.1545000,9.1275000,+39 0382 556840,https://www.decathlon.it/store-view/negozio-sport-san-martino-siccomario-pavia-0070033400334,Mo-Su 09:00-20:00,AllThePlaces / localisateur officiel; OpenStreetMap,0070033400334;node/3045965410,https://api.woosmap.com/stores?key=woos-25d7be73-ee80-3e98-915d-a5349756f5d2&stores_by_page=300&page=1; https://www.openstreetmap.org/node/3045965410,2026-07-11T20:29:07+00:00
DEC-01067,Decathlon,CONTRADA PIANE SANT'ANGELO 200,San Salvo Marina,Abruzzo,66050,Italy,IT,42.0597335,14.7658586,+39 0873 451634,https://www.decathlon.it/store-view/negozio-sport-san-salvo-marina-chieti-0070195801958,Mo-Su 10:00-20:00,AllThePlaces / localisateur officiel; OpenStreetMap,0070195801958;way/851992976,https://api.woosmap.com/stores?key=woos-25d7be73-ee80-3e98-915d-a5349756f5d2&stores_by_page=300&page=1; https://www.openstreetmap.org/way/851992976,2026-07-11T20:29:07+00:00
DEC-01068,Decathlon,Via Gorreto 1,Santa Vittoria D'Alba,Piedmont,12069,Italy,IT,44.6938660,7.9446220,+39 0172 191 5219,https://www.decathlon.it/store-view/negozio-sport-santa-vittoria-d-alba-cuneo-0070070500705,Mo-Su 09:00-20:00,AllThePlaces / localisateur officiel; OpenStreetMap,0070070500705;way/383363166,https://api.woosmap.com/stores?key=woos-25d7be73-ee80-3e98-915d-a5349756f5d2&stores_by_page=300&page=1; https://www.openstreetmap.org/way/383363166,2026-07-11T20:29:07+00:00
DEC-01069,Decathlon,"Via L.Camaiora, 9",Santo Stefano di Magra,Liguria,19037,Italy,IT,44.1529140,9.9179510,+39 0187 631231,https://www.decathlon.it/store-view/negozio-sport-s-stefano-magra-la-spezia-0070052900529,Mo-Su 09:00-20:00,AllThePlaces / localisateur officiel; OpenStreetMap,0070052900529;node/13116702773;way/205916021,https://api.woosmap.com/stores?key=woos-25d7be73-ee80-3e98-915d-a5349756f5d2&stores_by_page=300&page=1; https://www.openstreetmap.org/node/13116702773; https://www.openstreetmap.org/way/205916021,2026-07-11T20:29:07+00:00
DEC-01070,Decathlon,Via Varese 1,Saronno,Lombardy,21047,Italy,IT,45.6138000,9.0344000,+39 02 4507 6049,https://www.decathlon.it/store-view/negozio-sport-saronno-varese-0070073300733,Mo-Su 09:00-20:00,AllThePlaces / localisateur officiel; OpenStreetMap,0070073300733;way/188201469,https://api.woosmap.com/stores?key=woos-25d7be73-ee80-3e98-915d-a5349756f5d2&stores_by_page=300&page=1; https://www.openstreetmap.org/way/188201469,2026-07-11T20:29:07+00:00
DEC-01071,Decathlon,1 Via Caniga,Sassari,Sardinia,07100,Italy,IT,40.7275617,8.5482208,,,,OpenStreetMap,node/4419249248,https://www.openstreetmap.org/node/4419249248,2026-07-11T20:29:07+00:00
DEC-01072,Decathlon,Via Predda Niedda angolo via Caniga 1,Sassari,Sardinia,07100,Italy,IT,40.7383000,8.5280000,+39 079 957 6419,https://www.decathlon.it/store-view/negozio-sport-sassari-0070062400624,Mo-Su 09:00-20:00,AllThePlaces / localisateur officiel,0070062400624,https://api.woosmap.com/stores?key=woos-25d7be73-ee80-3e98-915d-a5349756f5d2&stores_by_page=300&page=1,2026-07-11T20:29:07+00:00
DEC-01073,Decathlon,Piazza Caboto 5,Savignano sul Rubicone,Emilia-Romagna,47039,Italy,IT,44.1582494,12.4348030,+39 0541 341327,https://www.decathlon.it/store-view/negozio-sport-savignano-sul-rubicone-rimini-0070016400164,Mo-Su 09:00-20:00,AllThePlaces / localisateur officiel; OpenStreetMap,0070016400164;way/185149652,https://api.woosmap.com/stores?key=woos-25d7be73-ee80-3e98-915d-a5349756f5d2&stores_by_page=300&page=1; https://www.openstreetmap.org/way/185149652,2026-07-11T20:29:07+00:00
DEC-01074,Decathlon,Via Rinaldo Piaggio 5,Segrate,Lombardy,20054,Italy,IT,45.4855217,9.2639370,+39 02 4953 7459,https://www.decathlon.it/store-view/negozio-sport-segrate-milano-0070031500315,Mo-Sa 09:00-20:30; Su 09:00-20:00,AllThePlaces / localisateur officiel; OpenStreetMap,0070031500315;node/10294912291;way/367130060;way/402876572,https://api.woosmap.com/stores?key=woos-25d7be73-ee80-3e98-915d-a5349756f5d2&stores_by_page=300&page=1; https://www.openstreetmap.org/node/10294912291; https://www.openstreetmap.org/way/367130060; https://www.openstreetmap.org/way/402876572,2026-07-11T20:29:07+00:00
DEC-01075,Decathlon,,Seriate,Lombardy,,Italy,IT,45.6708692,9.7385209,,,Mo-Su 09:00-20:00,OpenStreetMap,way/75940958,https://www.openstreetmap.org/way/75940958,2026-07-11T20:29:07+00:00
DEC-01076,Decathlon,Via Cassinone s/n tang. uscita Bagnatica,Seriate,Lombardy,24068,Italy,IT,45.6854000,9.7217000,+39 035 452 3026,https://www.decathlon.it/store-view/negozio-sport-seriate-bergamo-0070035000350,Mo-Su 09:00-20:00,AllThePlaces / localisateur officiel,0070035000350,https://api.woosmap.com/stores?key=woos-25d7be73-ee80-3e98-915d-a5349756f5d2&stores_by_page=300&page=1,2026-07-11T20:29:07+00:00
DEC-01077,Decathlon,petrosa 19,Sesto Fiorentino,Tuscany,50019,Italy,IT,43.8203035,11.2092158,+39 055 398 5266,https://www.decathlon.it/store-view/negozio-sport-sesto-fiorentino-firenze-0070073400734,Mo-Sa 09:00-20:30; Su 09:00-20:00,AllThePlaces / localisateur officiel; OpenStreetMap,0070073400734;node/2538783212,https://api.woosmap.com/stores?key=woos-25d7be73-ee80-3e98-915d-a5349756f5d2&stores_by_page=300&page=1; https://www.openstreetmap.org/node/2538783212,2026-07-11T20:29:07+00:00
DEC-01078,Decathlon,Via Niccolò Paganini 48,Settimo Torinese,Piedmont,10036,Italy,IT,45.1378794,7.7309113,+39 011 1956 4080,https://www.decathlon.it/store-view/negozio-sport-settimo-torinese-torino-0070073200732,Mo-Su 09:00-20:00,AllThePlaces / localisateur officiel; OpenStreetMap,0070073200732;node/2956258044,https://api.woosmap.com/stores?key=woos-25d7be73-ee80-3e98-915d-a5349756f5d2&stores_by_page=300&page=1; https://www.openstreetmap.org/node/2956258044,2026-07-11T20:29:07+00:00
DEC-01079,Decathlon,Via Almirante angolo Unità d'Italia,Surbo,Apulia,73010,Italy,IT,40.3740580,18.1472550,+39 0832 277986,https://www.decathlon.it/store-view/negozio-sport-surbo-lecce-0070030400304,Mo-Su 09:30-20:30,AllThePlaces / localisateur officiel; OpenStreetMap,0070030400304;way/140856099,https://api.woosmap.com/stores?key=woos-25d7be73-ee80-3e98-915d-a5349756f5d2&stores_by_page=300&page=1; https://www.openstreetmap.org/way/140856099,2026-07-11T20:29:07+00:00
DEC-01080,Decathlon,Via per San Giorgio Jonico,Taranto,Apulia,74121,Italy,IT,40.4613302,17.2995508,+39 099 941 3505,https://www.decathlon.it/store-view/negozio-sport-taranto-0070270402704,Mo-Su 09:00-21:00,AllThePlaces / localisateur officiel; OpenStreetMap,0070270402704;node/9672713112,https://api.woosmap.com/stores?key=woos-25d7be73-ee80-3e98-915d-a5349756f5d2&stores_by_page=300&page=1; https://www.openstreetmap.org/node/9672713112,2026-07-11T20:29:07+00:00
DEC-01081,Decathlon,"Strada di San Martino, Terni",Terni,Umbria,05100,Italy,IT,42.5596789,12.6342934,+39 0744 103 4300,https://www.decathlon.it/store-view/negozio-sport-terni-0070299202992,Mo-Su 09:00-20:00,AllThePlaces / localisateur officiel; OpenStreetMap,0070299202992;way/86340624;way/1202960068,https://api.woosmap.com/stores?key=woos-25d7be73-ee80-3e98-915d-a5349756f5d2&stores_by_page=300&page=1; https://www.openstreetmap.org/way/86340624; https://www.openstreetmap.org/way/1202960068,2026-07-11T20:29:07+00:00
DEC-01082,Decathlon,Via Dei Quartieri 169,Thiene,Veneto,36016,Italy,IT,45.6953941,11.4971953,+39 0445 370730,https://www.decathlon.it/store-view/negozio-sport-thiene-vicenza-0070081400814,Mo-Su 09:00-20:00,AllThePlaces / localisateur officiel; OpenStreetMap,0070081400814;node/2077262143,https://api.woosmap.com/stores?key=woos-25d7be73-ee80-3e98-915d-a5349756f5d2&stores_by_page=300&page=1; https://www.openstreetmap.org/node/2077262143,2026-07-11T20:29:07+00:00
DEC-01083,Decathlon,141 Corso Unione Sovietica,Torino,Piedmont,10134,Italy,IT,45.0432502,7.6574900,+39 011 1848 7272,https://www.decathlon.it/store-view/negozio-sport-torino-borgo-filadelfia-0070312203122,Mo-Su 09:00-20:00,AllThePlaces / localisateur officiel; OpenStreetMap,0070312203122;way/1239627714,https://api.woosmap.com/stores?key=woos-25d7be73-ee80-3e98-915d-a5349756f5d2&stores_by_page=300&page=1; https://www.openstreetmap.org/way/1239627714,2026-07-11T20:29:07+00:00
DEC-01084,Decathlon,"Via Lagrange, 42",Torino,Piedmont,10123,Italy,IT,45.0628118,7.6803297,+39 011 19327,https://www.decathlon.it/store-view/negozio-sport-torino-centro-0070153001530,Mo-Su 09:00-20:00,AllThePlaces / localisateur officiel; OpenStreetMap,0070153001530;relation/2591156,https://api.woosmap.com/stores?key=woos-25d7be73-ee80-3e98-915d-a5349756f5d2&stores_by_page=300&page=1; https://www.openstreetmap.org/relation/2591156,2026-07-11T20:29:07+00:00
DEC-01085,Decathlon,73/75 Traversa Andolfi,Torre Annunziata,Campania,80058,Italy,IT,40.7537729,14.4694617,+39 081 1778 7505,https://www.decathlon.it/store-view/negozio-sport-torre-annunziata-0070301203012,Mo-Su 09:00-21:00,AllThePlaces / localisateur officiel; OpenStreetMap,0070301203012;node/4033506269,https://api.woosmap.com/stores?key=woos-25d7be73-ee80-3e98-915d-a5349756f5d2&stores_by_page=300&page=1; https://www.openstreetmap.org/node/4033506269,2026-07-11T20:29:07+00:00
DEC-01086,Decathlon,3 Via Vedelleria,Torri Di Quartesolo,Veneto,36040,Italy,IT,45.5084095,11.6316576,+39 0444 267243,https://www.decathlon.it/,24/7,OpenStreetMap,node/8757961292;way/305591574,https://www.openstreetmap.org/node/8757961292; https://www.openstreetmap.org/way/305591574,2026-07-11T20:29:07+00:00
DEC-01087,Decathlon,"Via Vedelleria, 3",Torri di Quartesolo,Veneto,36040,Italy,IT,45.5233000,11.6090000,+39 0444 267243,https://www.decathlon.it/store-view/negozio-sport-torri-di-quartesolo-vicenza-0070083700837,Mo-Sa 09:00-20:00; Su 10:00-20:00,AllThePlaces / localisateur officiel,0070083700837,https://api.woosmap.com/stores?key=woos-25d7be73-ee80-3e98-915d-a5349756f5d2&stores_by_page=300&page=1,2026-07-11T20:29:07+00:00
DEC-01088,Decathlon,"Via I Dorsale ZIR, snc",Trapani,Sicily,91100,Italy,IT,38.0115180,12.5337200,+39 0923 178 8300,https://www.decathlon.it/store-view/negozio-sport-trapani-0070231602316,Mo-Su 09:00-20:30,AllThePlaces / localisateur officiel; OpenStreetMap,0070231602316;node/8776860217,https://api.woosmap.com/stores?key=woos-25d7be73-ee80-3e98-915d-a5349756f5d2&stores_by_page=300&page=1; https://www.openstreetmap.org/node/8776860217,2026-07-11T20:29:07+00:00
DEC-01089,Decathlon,5 Via Gemma De Gresti,Trento,Trentino-Alto Adige,38122,Italy,IT,46.0887194,11.1187343,,https://www.decathlon.it/store-view/negozio-sport-trento-0070313203132,Mo-Su 09:00-19:30,AllThePlaces / localisateur officiel; OpenStreetMap,0070313203132;node/3139832281,https://api.woosmap.com/stores?key=woos-25d7be73-ee80-3e98-915d-a5349756f5d2&stores_by_page=300&page=1; https://www.openstreetmap.org/node/3139832281,2026-07-11T20:29:07+00:00
DEC-01090,Decathlon,Via Noalese 72,Treviso,Veneto,31100,Italy,IT,45.6558426,12.2070293,+39 0422 893008,https://www.decathlon.it/store-view/negozio-sport-treviso-0070037800378,Mo-Su 09:00-20:00,AllThePlaces / localisateur officiel; OpenStreetMap,0070037800378;node/10089151111,https://api.woosmap.com/stores?key=woos-25d7be73-ee80-3e98-915d-a5349756f5d2&stores_by_page=300&page=1; https://www.openstreetmap.org/node/10089151111,2026-07-11T20:29:07+00:00
DEC-01091,Decathlon,Via Tricesimo 139,Udine,Friuli Venezia Giulia,33100,Italy,IT,46.0916989,13.2311347,+39 0432 481551,https://www.decathlon.it/store-view/negozio-sport-udine-0070049200492,Mo-Sa 09:00-20:00; Su 09:30-20:00,AllThePlaces / localisateur officiel; OpenStreetMap,0070049200492;node/3236845613,https://api.woosmap.com/stores?key=woos-25d7be73-ee80-3e98-915d-a5349756f5d2&stores_by_page=300&page=1; https://www.openstreetmap.org/node/3236845613,2026-07-11T20:29:07+00:00
DEC-01092,Decathlon,Ang. Via Piave-Via Montegrappa Molo 8.44,Vado Ligure,Liguria,17047,Italy,IT,44.2641000,8.4212000,+39 019 451 0930,https://www.decathlon.it/store-view/negozio-sport-vado-ligure-savona-0070057700577,Mo-Su 09:00-20:00,AllThePlaces / localisateur officiel,0070057700577,https://api.woosmap.com/stores?key=woos-25d7be73-ee80-3e98-915d-a5349756f5d2&stores_by_page=300&page=1,2026-07-11T20:29:07+00:00
DEC-01093,Decathlon,1 Via Montegrappa,Vado Ligure,Liguria,17047,Italy,IT,44.2663544,8.4320694,+39 019 4510930,,Mo-Su 09:00-20:00,OpenStreetMap,node/1440699648,https://www.openstreetmap.org/node/1440699648,2026-07-11T20:29:07+00:00
DEC-01094,Decathlon,Corso Torino snc,Vercelli,Piedmont,13100,Italy,IT,45.3242000,8.4033000,+39 0161 174 3024,https://www.decathlon.it/store-view/negozio-sport-vercelli-0070060100601,Mo-Su 09:00-20:00,AllThePlaces / localisateur officiel,0070060100601,https://api.woosmap.com/stores?key=woos-25d7be73-ee80-3e98-915d-a5349756f5d2&stores_by_page=300&page=1,2026-07-11T20:29:07+00:00
DEC-01095,Decathlon,Corso Torino,Vercelli,Piedmont,13100,Italy,IT,45.3249291,8.3939206,+39 0161 1743024,https://www.decathlon.it/store-view/Trova%20un%20negozio-vercelli-0070060100601,09:00-20:00,OpenStreetMap,node/3770450066;node/8648099923,https://www.openstreetmap.org/node/3770450066; https://www.openstreetmap.org/node/8648099923,2026-07-11T20:29:07+00:00
DEC-01096,Decathlon,Località Maranuz 2,Villesse,Friuli Venezia Giulia,34070,Italy,IT,45.8643000,13.4313000,+39 0481 069399,https://www.decathlon.it/store-view/negozio-sport-villesse-gorizia-0070152301523,Mo-Fr 09:30-20:00; Sa-Su 09:30-20:30,AllThePlaces / localisateur officiel; OpenStreetMap,0070152301523;way/461917015,https://api.woosmap.com/stores?key=woos-25d7be73-ee80-3e98-915d-a5349756f5d2&stores_by_page=300&page=1; https://www.openstreetmap.org/way/461917015,2026-07-11T20:29:07+00:00
DEC-01097,Decathlon,"Via Igino Garbini, 111",Viterbo,Latium,01100,Italy,IT,42.4234000,12.1060000,+39 0761 1525,https://www.decathlon.it/store-view/negozio-sport-viterbo-0070152601526,Mo-Su 09:00-20:00,AllThePlaces / localisateur officiel,0070152601526,https://api.woosmap.com/stores?key=woos-25d7be73-ee80-3e98-915d-a5349756f5d2&stores_by_page=300&page=1,2026-07-11T20:29:07+00:00
DEC-01098,Decathlon,111 Via Igino Garbini,Viterbo,Latium,01100,Italy,IT,42.4391391,12.0967045,,https://www.decathlon.it/,Mo-Su 09:00-21:00,OpenStreetMap,node/5327688102,https://www.openstreetmap.org/node/5327688102,2026-07-11T20:29:07+00:00
DEC-01099,Decathlon,Via Piacenza 132 S.S.10,Voghera,Lombardy,27058,Italy,IT,44.9967778,9.0419167,+39 0383 059720,https://www.decathlon.it/store-view/negozio-sport-voghera-pavia-0070062800628,Mo-Su 10:00-20:00,AllThePlaces / localisateur officiel; OpenStreetMap,0070062800628;node/12238479352;node/12309762376;way/227767593;way/1296358950,https://api.woosmap.com/stores?key=woos-25d7be73-ee80-3e98-915d-a5349756f5d2&stores_by_page=300&page=1; https://www.openstreetmap.org/node/12238479352; https://www.openstreetmap.org/node/12309762376; https://www.openstreetmap.org/way/227767593; https://www.openstreetmap.org/way/1296358950,2026-07-11T20:29:07+00:00
DEC-01100,Decathlon,via Massimo D'antona,Zola Predosa,Emilia-Romagna,40069,Italy,IT,44.4871560,11.2417580,+39 051 036 1826,https://www.decathlon.it/store-view/negozio-sport-zola-predosa-bologna-0070202702027,Mo-Su 09:00-20:00,AllThePlaces / localisateur officiel; OpenStreetMap,0070202702027;way/152516669,https://api.woosmap.com/stores?key=woos-25d7be73-ee80-3e98-915d-a5349756f5d2&stores_by_page=300&page=1; https://www.openstreetmap.org/way/152516669,2026-07-11T20:29:07+00:00
DEC-01101,Decathlon,Via Beato F. Marino 5,Zumpano,Calabria,87040,Italy,IT,39.3118400,16.2635070,+39 0984 152 4860,https://www.decathlon.it/store-view/negozio-sport-cosenza-0070231402314,Mo-Su 09:00-20:30,AllThePlaces / localisateur officiel; OpenStreetMap,0070231402314;node/10994984547,https://api.woosmap.com/stores?key=woos-25d7be73-ee80-3e98-915d-a5349756f5d2&stores_by_page=300&page=1; https://www.openstreetmap.org/node/10994984547,2026-07-11T20:29:07+00:00
DEC-01102,Decathlon,شارع الملك عبدالله بن الحسين الثاني,Wadi as Sir,Amman,,Jordan,JO,31.9801250,35.8367448,+962 6 400 9064,,Sa-Th 10:00-22:00; Fr 14:00-22:00,OpenStreetMap,node/13122994203,https://www.openstreetmap.org/node/13122994203,2026-07-11T20:29:07+00:00
DEC-01103,Decathlon,136 Төле Би көшесі,Almaty,Almaty Qalasy,,Kazakhstan,KZ,43.2520274,76.9126989,,http://decathlon.kz,Mo-Su 10:00-22:00,OpenStreetMap,node/9947729828,https://www.openstreetmap.org/node/9947729828,2026-07-11T20:29:07+00:00
DEC-01104,Decathlon,,Goyang-si,Gyeonggi-do,,"Korea, Republic of",KR,37.6466609,126.8946624,,,,OpenStreetMap,node/13047578944,https://www.openstreetmap.org/node/13047578944,2026-07-11T20:29:07+00:00
DEC-01105,Decathlon,,Incheon,Incheon,,"Korea, Republic of",KR,37.3802580,126.6583824,,,,OpenStreetMap,node/6550787485,https://www.openstreetmap.org/node/6550787485,2026-07-11T20:29:07+00:00
DEC-01106,Decathlon,,As Salimiyah,Muhafazat Hawalli,,Kuwait,KW,29.3402935,48.0651476,,,,OpenStreetMap,node/3668055375,https://www.openstreetmap.org/node/3668055375,2026-07-11T20:29:07+00:00
DEC-01107,Decathlon,13 Jaunmoku iela,Rīga,Marupe,LV-1046,Latvia,LV,56.9318108,24.0400985,,,Mo-Sa 10:00-21:00; Su 10:00-20:00,OpenStreetMap,node/4822823233,https://www.openstreetmap.org/node/4822823233,2026-07-11T20:29:07+00:00
DEC-01108,Decathlon,4 Biķeru iela,Ulbroka,Stopini,LV-2130,Latvia,LV,56.9511801,24.2519843,,,Mo-Su 08:00-21:00,OpenStreetMap,node/8090717890,https://www.openstreetmap.org/node/8090717890,2026-07-11T20:29:07+00:00
DEC-01109,Decathlon,,Beirut,Beyrouth,,Lebanon,LB,33.8887910,35.5198000,,,,OpenStreetMap,node/12550964158,https://www.openstreetmap.org/node/12550964158,2026-07-11T20:29:07+00:00
DEC-01110,Decathlon,30 Islandijos pl.,Kaunas,Kauno apskritis,,Lithuania,LT,54.9385930,23.9021619,+370 649 59525,,Mo-Su 10:00-21:00,OpenStreetMap,way/1081183029,https://www.openstreetmap.org/way/1081183029,2026-07-11T20:29:07+00:00
DEC-01111,Decathlon,,Klaipeda,Klaipedos apskritis,,Lithuania,LT,55.6861322,21.1537430,,,,OpenStreetMap,way/1071698202,https://www.openstreetmap.org/way/1071698202,2026-07-11T20:29:07+00:00
DEC-01112,Decathlon,5 Vikingų g.,Naujamiestis,Vilnius County,02182,Lithuania,LT,54.6498466,25.2798581,+370 5 2045566,https://www.decathlon.lt,24/7,OpenStreetMap,node/11911876669;way/655224316,https://www.openstreetmap.org/node/11911876669; https://www.openstreetmap.org/way/655224316,2026-07-11T20:29:07+00:00
DEC-01113,Decathlon,10A Rue Aldringen,Luxembourg,Luxembourg,1118,Luxembourg,LU,49.6114133,6.1267312,+352 20 60 18 25,https://www.decathlon.be/static/lux/startpage/,Mo-Sa 10:00-19:00,OpenStreetMap,node/8512069519,https://www.openstreetmap.org/node/8512069519,2026-07-11T20:29:07+00:00
DEC-01114,Decathlon,,Cheras,Selangor,43200,Malaysia,MY,3.0336019,101.7657726,,,Mo-Su 10:00-22:00,OpenStreetMap,node/11596772080,https://www.openstreetmap.org/node/11596772080,2026-07-11T20:29:07+00:00
DEC-01115,Decathlon,,Johor Bahru,Johor,,Malaysia,MY,1.4616183,103.7639477,+6072073718,https://www.decathlon.my/,Mo-Su 10:00-22:00,OpenStreetMap,node/10284196136,https://www.openstreetmap.org/node/10284196136,2026-07-11T20:29:07+00:00
DEC-01116,Decathlon,,Kuala Lumpur,Kuala Lumpur,,Malaysia,MY,3.0850339,101.6735360,,,,OpenStreetMap,node/2564043034,https://www.openstreetmap.org/node/2564043034,2026-07-11T20:29:07+00:00
DEC-01117,Decathlon,,Kuala Lumpur,Kuala Lumpur,,Malaysia,MY,3.0949329,101.6746310,,,Mo-Su 10:00-22:00,OpenStreetMap,node/5957396785,https://www.openstreetmap.org/node/5957396785,2026-07-11T20:29:07+00:00
DEC-01118,Decathlon,,Kuala Lumpur,Kuala Lumpur,,Malaysia,MY,3.1331666,101.6864925,,,,OpenStreetMap,node/11629450069,https://www.openstreetmap.org/node/11629450069,2026-07-11T20:29:07+00:00
DEC-01119,Decathlon,6 Jalan Cochrane,Kuala Lumpur,Kuala Lumpur,,Malaysia,MY,3.1346037,101.7237317,+60323800363,https://www.decathlon.my/,Mo-Su 10:00-22:00,OpenStreetMap,node/9702391092,https://www.openstreetmap.org/node/9702391092,2026-07-11T20:29:07+00:00
DEC-01120,Decathlon,,Kuala Lumpur,Kuala Lumpur,,Malaysia,MY,3.1584072,101.7137410,+60323320131,https://www.decathlon.my/,Mo-Su 10:00-22:00,OpenStreetMap,node/10035903701,https://www.openstreetmap.org/node/10035903701,2026-07-11T20:29:07+00:00
DEC-01121,Decathlon,,Kuala Lumpur,Kuala Lumpur,,Malaysia,MY,3.1866444,101.6362212,,,Mo-Su 10:00-22:00,OpenStreetMap,node/13658898839,https://www.openstreetmap.org/node/13658898839,2026-07-11T20:29:07+00:00
DEC-01122,Decathlon,,Kuala Lumpur,Kuala Lumpur,,Malaysia,MY,3.2251968,101.7299122,+60341019887,,Mo-Su 10:00-22:00,OpenStreetMap,node/6979080408,https://www.openstreetmap.org/node/6979080408,2026-07-11T20:29:07+00:00
DEC-01123,Decathlon,Jalan Cempaka SD 12/5,Kuang,Selangor,52200,Malaysia,MY,3.1980030,101.6095443,0362806701,http://wew.decathlon.my,Mo-Su 10:00-22:00,OpenStreetMap,node/1730008729,https://www.openstreetmap.org/node/1730008729,2026-07-11T20:29:07+00:00
DEC-01124,Decathlon,,Malacca,Melaka,,Malaysia,MY,2.2160411,102.2474950,,,,OpenStreetMap,node/13516054534,https://www.openstreetmap.org/node/13516054534,2026-07-11T20:29:07+00:00
DEC-01125,Decathlon,,Nibong Tebal,Penang,,Malaysia,MY,5.2339181,100.4421614,,,,OpenStreetMap,way/1355765505,https://www.openstreetmap.org/way/1355765505,2026-07-11T20:29:07+00:00
DEC-01126,Decathlon,G02 & 28A,Petaling Jaya,Selangor,,Malaysia,MY,3.0818374,101.5820599,,,,OpenStreetMap,node/13026336836,https://www.openstreetmap.org/node/13026336836,2026-07-11T20:29:07+00:00
DEC-01127,Decathlon,,Petaling Jaya,Selangor,,Malaysia,MY,3.1017045,101.6388275,,,,OpenStreetMap,node/10292741115,https://www.openstreetmap.org/node/10292741115,2026-07-11T20:29:07+00:00
DEC-01128,Decathlon,,Petaling Jaya,Selangor,,Malaysia,MY,3.1042870,101.6412930,+60379322259,https://www.decathlon.my/,Mo-Su 10:00-22:00,OpenStreetMap,node/7252557825,https://www.openstreetmap.org/node/7252557825,2026-07-11T20:29:07+00:00
DEC-01129,Decathlon,,Putrajaya,Putrajaya,,Malaysia,MY,2.9222519,101.6513014,+60383251016,https://www.decathlon.my/,Mo-Su 10:00-22:00,OpenStreetMap,node/11297944186,https://www.openstreetmap.org/node/11297944186,2026-07-11T20:29:07+00:00
DEC-01130,Decathlon,,Putrajaya,Putrajaya,,Malaysia,MY,2.9692068,101.7115208,+60389574549,https://www.decathlon.my/,Mo-Su 10:00-22:00,OpenStreetMap,node/11297900119,https://www.openstreetmap.org/node/11297900119,2026-07-11T20:29:07+00:00
DEC-01131,Decathlon,Persiaran Damai,Shah Alam,Selangor,40000,Malaysia,MY,3.0698142,101.5243954,,https://www.decathlon.my/,Mo-Su 10:00-22:00,OpenStreetMap,way/1132948159,https://www.openstreetmap.org/way/1132948159,2026-07-11T20:29:07+00:00
DEC-01132,Decathlon,,Subang Jaya,Selangor,,Malaysia,MY,3.0346197,101.6154173,+60380747967,https://www.decathlon.my/,Mo-Su 10:00-22:00,OpenStreetMap,node/11297955823,https://www.openstreetmap.org/node/11297955823,2026-07-11T20:29:07+00:00
DEC-01133,Decathlon,,Tanjung Tokong,Penang,,Malaysia,MY,5.4356076,100.3112537,+6042263157,https://www.decathlon.my/,Mo-Su 10:00-22:00,OpenStreetMap,node/11297976170,https://www.openstreetmap.org/node/11297976170,2026-07-11T20:29:07+00:00
DEC-01134,Decathlon,,Ulu Tiram,Johor,,Malaysia,MY,1.5533089,103.7982313,+6073598246,https://www.decathlon.my/,Mo-Su 10:00-22:00,OpenStreetMap,node/10983310478;node/10983435338,https://www.openstreetmap.org/node/10983310478; https://www.openstreetmap.org/node/10983435338,2026-07-11T20:29:07+00:00
DEC-01135,Decathlon,"Triq It-tigrija Al, Qormi MRS 2912",Hamrun,Il-Hamrun,,Malta,MT,35.8795988,14.4834665,2095 9400,,Mo-Sa 09:00-20:00; Su 10:00-19:00,OpenStreetMap,node/7058225070,https://www.openstreetmap.org/node/7058225070,2026-07-11T20:29:07+00:00
DEC-01136,Decathlon,,Le Lamentin,Martinique,,Martinique,MQ,14.6169198,-61.0245387,+596596500084,https://www.decathlon.mq,Mo-Sa 08:30-19:30,OpenStreetMap,way/397178681,https://www.openstreetmap.org/way/397178681,2026-07-11T20:29:07+00:00
DEC-01137,decathlon,,Buenavista,Mexico,,Mexico,MX,19.5994009,-99.1911254,,,,OpenStreetMap,node/4762948344,https://www.openstreetmap.org/node/4762948344,2026-07-11T20:29:07+00:00
DEC-01138,Decathlon,,Cartagena [Fraccionamiento],Aguascalientes,,Mexico,MX,21.9246721,-102.2921060,,,,OpenStreetMap,way/215666507,https://www.openstreetmap.org/way/215666507,2026-07-11T20:29:07+00:00
DEC-01139,Decathlon San Ángel,2374 Avenida Insurgentes Sur,Ciudad de México,Mexico City,01070,Mexico,MX,19.3402992,-99.1899715,+52 55 8890 2594,,Mo-Fr 08:00-21:00; Sa-Su 09:00-21:00,OpenStreetMap,node/4558131889,https://www.openstreetmap.org/node/4558131889,2026-07-11T20:29:07+00:00
DEC-01140,Decathlon,,Colonia Nativitas,Mexico City,,Mexico,MX,19.3888528,-99.1395542,,,,OpenStreetMap,way/526792873,https://www.openstreetmap.org/way/526792873,2026-07-11T20:29:07+00:00
DEC-01141,Decathlon,,Colonia el Salado,Mexico,,Mexico,MX,19.5862865,-99.0204192,,,,OpenStreetMap,node/7392750763,https://www.openstreetmap.org/node/7392750763,2026-07-11T20:29:07+00:00
DEC-01142,Decathlon,5 de Febrero,El Salitre,Queretaro,,Mexico,MX,20.6652162,-100.4348700,+524425907001,https://www.decathlon.com.mx/,,OpenStreetMap,node/4751193122;node/12523524584,https://www.openstreetmap.org/node/4751193122; https://www.openstreetmap.org/node/12523524584,2026-07-11T20:29:07+00:00
DEC-01143,Decathlon,,Garza Garcia,Nuevo Leon,,Mexico,MX,25.6578541,-100.3531830,,,,OpenStreetMap,node/8568514917,https://www.openstreetmap.org/node/8568514917,2026-07-11T20:29:07+00:00
DEC-01144,Decathlon,,Merida,Yucatan,,Mexico,MX,21.0288243,-89.6274967,,,Mo-Su 10:00-21:00,OpenStreetMap,node/6110864686;way/843883689,https://www.openstreetmap.org/node/6110864686; https://www.openstreetmap.org/way/843883689,2026-07-11T20:29:07+00:00
DEC-01145,Decathlon,,Miguel Hidalgo,Mexico City,,Mexico,MX,19.4382069,-99.2020386,,,,OpenStreetMap,node/5808085654,https://www.openstreetmap.org/node/5808085654,2026-07-11T20:29:07+00:00
DEC-01146,Decathlon,Avenida Paseo de los Leones,Mitras Poniente,Nuevo Leon,64349,Mexico,MX,25.7328321,-100.4005810,+52 81 3366 0016,http://decathlon.com.mx,Mo-Su 10:00-21:00,OpenStreetMap,node/8568515017,https://www.openstreetmap.org/node/8568515017,2026-07-11T20:29:07+00:00
DEC-01147,Decathlon,,Tlalpan,Mexico City,,Mexico,MX,19.3002199,-99.1368912,,,,OpenStreetMap,node/12479429216,https://www.openstreetmap.org/node/12479429216,2026-07-11T20:29:07+00:00
DEC-01148,Decathlon,,Vista Hermosa,Mexico,,Mexico,MX,19.5250980,-99.2265614,,,,OpenStreetMap,node/7295768371,https://www.openstreetmap.org/node/7295768371,2026-07-11T20:29:07+00:00
DEC-01149,Decathlon,,Zapopan2,Jalisco,,Mexico,MX,20.7230940,-103.4149221,,,,OpenStreetMap,node/5827981785,https://www.openstreetmap.org/node/5827981785,2026-07-11T20:29:07+00:00
DEC-01150,Decathlon,,Ulaanbaatar,Ulaanbaatar,,Mongolia,MN,47.9129050,106.8715878,,,,OpenStreetMap,node/5170901945,https://www.openstreetmap.org/node/5170901945,2026-07-11T20:29:07+00:00
DEC-01151,Decathlon,Angle route nationale n°1,Agadir,Souss-Massa-Draa,80000,Morocco,MA,30.3901943,-9.5115607,+212 5 28 26 33 55,https://www.decathlon.ma/content/72-store-decathlon-agadir,Mo-Th 09:00-22:30; Fr-Su 09:00-23:00,AllThePlaces / localisateur officiel; OpenStreetMap,72;node/5272051022,https://www.decathlon.ma/content/72-store-decathlon-agadir; https://www.openstreetmap.org/node/5272051022,2026-07-11T20:29:07+00:00
DEC-01152,Decathlon,"Lot Hala, Route de Souihla",Casablanca,Marrakech-Tensift-Al Haouz,33181,Morocco,MA,31.6407331,-8.0579908,+212 5 24 02 17 97,https://www.decathlon.ma/content/62-store-decathlon-marrakech-targa,Mo-Su 10:00-22:00,AllThePlaces / localisateur officiel; OpenStreetMap,62;way/664731297,https://www.decathlon.ma/content/62-store-decathlon-marrakech-targa; https://www.openstreetmap.org/way/664731297,2026-07-11T20:29:07+00:00
DEC-01153,Decathlon,Marjane route de Casablanca,Casablanca,Marrakech-Tensift-Al Haouz,40000,Morocco,MA,31.6697668,-8.0133517,+212 5 24 05 97 14,https://www.decathlon.ma/content/77-store-decathlon-marrakech-menara,Mo-Th 09:30-22:00; Fr-Su 09:30-22:30,AllThePlaces / localisateur officiel; OpenStreetMap,77;way/374261918,https://www.decathlon.ma/content/77-store-decathlon-marrakech-menara; https://www.openstreetmap.org/way/374261918,2026-07-11T20:29:07+00:00
DEC-01154,Decathlon,,Casablanca,Grand Casablanca,,Morocco,MA,33.5448195,-7.6391731,,,,OpenStreetMap,node/12165879142,https://www.openstreetmap.org/node/12165879142,2026-07-11T20:29:07+00:00
DEC-01155,Decathlon,Abdelmoumen,Casablanca,Grand Casablanca,,Morocco,MA,33.5706404,-7.6261583,,https://www.decathlon.ma/,Mo-Su 09:00-20:00,OpenStreetMap,node/6284333123,https://www.openstreetmap.org/node/6284333123,2026-07-11T20:29:07+00:00
DEC-01156,Decathlon,Quartier Beausite Ain Sebaa,Casablanca,Grand Casablanca,20250,Morocco,MA,33.5919947,-7.5306910,+212 5 22 35 01 53,https://www.decathlon.ma/content/6-store-decathlon-ain-sebaa,Mo-Th 09:30-21:30; Fr-Su 09:30-22:00,AllThePlaces / localisateur officiel; OpenStreetMap,6;way/422448538,https://www.decathlon.ma/content/6-store-decathlon-ain-sebaa; https://www.openstreetmap.org/way/422448538,2026-07-11T20:29:07+00:00
DEC-01157,Decathlon,L’Angle de l’Avenue du Lido et l’Avenue de l’Océan Atlantique.,Casablanca,Grand Casablanca,20050,Morocco,MA,33.5951934,-7.6689855,+212 5 22 79 61 61,https://www.decathlon.ma/content/91-store-la-corniche-ain-diab,Mo-Th 09:30-21:30; Fr-Su 09:30-22:00,AllThePlaces / localisateur officiel; OpenStreetMap,91;node/11410285795,https://www.decathlon.ma/content/91-store-la-corniche-ain-diab; https://www.openstreetmap.org/node/11410285795,2026-07-11T20:29:07+00:00
DEC-01158,Decathlon,Marina Shopping Center,Casablanca,Grand Casablanca,27223,Morocco,MA,33.6068926,-7.6202162,+212 5 22 22 42 32,https://www.decathlon.ma/content/78-store-decathlon-marina,Mo-Th 09:30-21:30; Fr-Su 09:30-22:30,AllThePlaces / localisateur officiel; OpenStreetMap,78;node/9211113217,https://www.decathlon.ma/content/78-store-decathlon-marina; https://www.openstreetmap.org/node/9211113217,2026-07-11T20:29:07+00:00
DEC-01159,Decathlon,Avenue des Nations Unies,EL JADIDA,Doukkala-Abda,24000,Morocco,MA,33.2437392,-8.4843904,+212 5 23 34 26 61,https://www.decathlon.ma/content/74-store-decathlon-el-jadida,Mo-Th 09:30-22:30; Fr-Su 09:00-23:00,AllThePlaces / localisateur officiel,74,https://www.decathlon.ma/content/74-store-decathlon-el-jadida,2026-07-11T20:29:07+00:00
DEC-01160,Decathlon,parc commercial Marjane 2 Ouled Tayeb,FES,Fes-Boulemane,30023,Morocco,MA,33.9872948,-5.0005867,+212 6 62 29 98 54,https://www.decathlon.ma/content/71-store-decathlon-fes,Mo-Su 09:30-22:00,AllThePlaces / localisateur officiel; OpenStreetMap,71;way/696513438,https://www.decathlon.ma/content/71-store-decathlon-fes; https://www.openstreetmap.org/way/696513438,2026-07-11T20:29:07+00:00
DEC-01161,Decathlon,Parc des activités commerciales Marjane,KENITRA,Gharb-Chrarda-Beni Hssen,14000,Morocco,MA,34.2398018,-6.5701448,+212 5 37 36 81 43,https://www.decathlon.ma/content/67-store-decathlon-kenitra,Mo-Th 09:30-21:30; Fr-Su 09:30-22:00,AllThePlaces / localisateur officiel; OpenStreetMap,67;way/542990014,https://www.decathlon.ma/content/67-store-decathlon-kenitra; https://www.openstreetmap.org/way/542990014,2026-07-11T20:29:07+00:00
DEC-01162,Decathlon,Route Secondaire 101,MOHAMMEDIA,Grand Casablanca,20650,Morocco,MA,33.7085469,-7.3482763,+212 5 23 32 63 01,https://www.decathlon.ma/content/65-store-decathlon-mohammedia,Mo-Th 09:30-21:30; Fr-Su 09:30-22:00,AllThePlaces / localisateur officiel; OpenStreetMap,65;node/3908234580,https://www.decathlon.ma/content/65-store-decathlon-mohammedia; https://www.openstreetmap.org/node/3908234580,2026-07-11T20:29:07+00:00
DEC-01163,Decathlon,Route de Agouray,Meknès,Meknes-Tafilalet,50000,Morocco,MA,33.8560025,-5.5826201,+212 5 35 45 76 31,https://www.decathlon.ma/content/68-store-decathlon-meknes,Mo-Su 09:30-22:30,AllThePlaces / localisateur officiel; OpenStreetMap,68;way/695886993,https://www.decathlon.ma/content/68-store-decathlon-meknes; https://www.openstreetmap.org/way/695886993,2026-07-11T20:29:07+00:00
DEC-01164,Decathlon,Parc d'Activité Commerciale Marjane,RABAT,Rabat-Sale-Zemmour-Zaer,10000,Morocco,MA,33.9547635,-6.8522906,+212 5 37 71 50 92,https://www.decathlon.ma/content/66-store-decathlon-rabat-hay-riad,Mo-Th 09:30-21:30; Fr-Su 09:30-22:00,AllThePlaces / localisateur officiel; OpenStreetMap,66;way/581182296,https://www.decathlon.ma/content/66-store-decathlon-rabat-hay-riad; https://www.openstreetmap.org/way/581182296,2026-07-11T20:29:07+00:00
DEC-01165,Decathlon,"Arribat Center, Rabat, Maroc",RABAT,Rabat-Sale-Zemmour-Zaer,10000,Morocco,MA,34.0040859,-6.9286523,+212 5 37 68 65 33,https://www.decathlon.ma/content/7-store-arribat-center,Mo-Su 10:00-22:00,AllThePlaces / localisateur officiel,7,https://www.decathlon.ma/content/7-store-arribat-center,2026-07-11T20:29:07+00:00
DEC-01166,Decathlon,,Sale,Rabat-Sale-Zemmour-Zaer,,Morocco,MA,34.0573372,-6.8025730,,,,OpenStreetMap,node/13621782163,https://www.openstreetmap.org/node/13621782163,2026-07-11T20:29:07+00:00
DEC-01167,Decathlon,Tanger PAC Marjane,TANGER,Tanger-Tetouan,90000,Morocco,MA,35.7474994,-5.8426053,+212 5 39 30 75 64,https://www.decathlon.ma/content/64-store-decathlon-tanger,Mo-Su 09:30-21:30,AllThePlaces / localisateur officiel,64,https://www.decathlon.ma/content/64-store-decathlon-tanger,2026-07-11T20:29:07+00:00
DEC-01168,Decathlon,999 Avenue Hassan II,Témara,Rabat-Sale-Zemmour-Zaer,12000,Morocco,MA,33.9058177,-6.9386883,+212 5 37 40 31 76,https://www.decathlon.ma/content/75-store-decathlon-temara,Mo-Th 09:30-22:30; Fr-Su 09:30-23:00,AllThePlaces / localisateur officiel; OpenStreetMap,75;way/1109128386,https://www.decathlon.ma/content/75-store-decathlon-temara; https://www.openstreetmap.org/way/1109128386,2026-07-11T20:29:07+00:00
DEC-01169,Decathlon,Arc d'activité Marjane,Tétouan,Tanger-Tetouan,93000,Morocco,MA,35.6045376,-5.3340396,+212 5 39 71 54 33,https://www.decathlon.ma/content/70-store-decathlon-tetouan,Mo-Su 09:30-22:00,AllThePlaces / localisateur officiel; OpenStreetMap,70;node/6543817233,https://www.decathlon.ma/content/70-store-decathlon-tetouan; https://www.openstreetmap.org/node/6543817233,2026-07-11T20:29:07+00:00
DEC-01170,Decathlon,Parc d'activité Marjane,oujda,Oriental,60000,Morocco,MA,34.7346846,-1.9262519,+212 5 36 52 36 39,https://www.decathlon.ma/content/69-store-decathlon-oujda,Mo-Th 09:30-21:30; Fr-Su 09:30-22:00,AllThePlaces / localisateur officiel; OpenStreetMap,69;way/504701821,https://www.decathlon.ma/content/69-store-decathlon-oujda; https://www.openstreetmap.org/way/504701821,2026-07-11T20:29:07+00:00
DEC-01171,Decathlon,"Noorderkade, 126",Alkmaar,North Holland,1823CJ,Netherlands,NL,52.6341645,4.7502096,+31 85 000 3637,https://www.decathlon.nl/store-view/sportwinkel-alkmaar-0070157001570,Mo-We 10:00-20:00; Th 10:00-21:00; Fr 10:00-20:00; Sa 10:00-18:00; Su 11:00-18:00,AllThePlaces / localisateur officiel; OpenStreetMap,0070157001570;node/2907115237,https://api.woosmap.com/stores?key=woos-3019bc60-8e57-3c2a-8e6f-1893e1e44466&stores_by_page=300&page=1; https://www.openstreetmap.org/node/2907115237,2026-07-11T20:29:07+00:00
DEC-01172,Decathlon,"Johan Cruijff Boulevard, 101",Amsterdam,North Holland,1101DM,Netherlands,NL,52.3129358,4.9424660,+31 85 000 3637,https://www.decathlon.nl/store-view/sportwinkel-amsterdam-arena-0070025600256,Mo-Fr 10:00-21:00; Sa-Su 10:00-19:00,AllThePlaces / localisateur officiel; OpenStreetMap,0070025600256;node/2862910174,https://api.woosmap.com/stores?key=woos-3019bc60-8e57-3c2a-8e6f-1893e1e44466&stores_by_page=300&page=1; https://www.openstreetmap.org/node/2862910174,2026-07-11T20:29:07+00:00
DEC-01173,Decathlon,"Wibautstraat, 29",Amsterdam,North Holland,1091GH,Netherlands,NL,52.3577856,4.9104925,+31 85 000 3637,https://www.decathlon.nl/store-view/sportwinkel-amsterdam-wibautstraat-0070267802678,Mo-Su 10:00-18:00,AllThePlaces / localisateur officiel; OpenStreetMap,0070267802678;node/2825255637,https://api.woosmap.com/stores?key=woos-3019bc60-8e57-3c2a-8e6f-1893e1e44466&stores_by_page=300&page=1; https://www.openstreetmap.org/node/2825255637,2026-07-11T20:29:07+00:00
DEC-01174,Decathlon,49 Bilderdijkstraat,Amsterdam,North Holland,1053KK,Netherlands,NL,52.3706347,4.8707181,+3100000000,https://www.decathlon.nl/store-view/sportwinkel-bilderdijkstraat-0070268202682,Mo-Sa 10:00-18:00; Su 12:00-17:00,AllThePlaces / localisateur officiel; OpenStreetMap,0070268202682;node/6595090459,https://api.woosmap.com/stores?key=woos-3019bc60-8e57-3c2a-8e6f-1893e1e44466&stores_by_page=300&page=1; https://www.openstreetmap.org/node/6595090459,2026-07-11T20:29:07+00:00
DEC-01175,Decathlon,"Buikslotermeerplein, 226 A",Amsterdam,North Holland,1025GA,Netherlands,NL,52.3979533,4.9386965,+31 85 000 3637,https://www.decathlon.nl/store-view/sportwinkel-amsterdam-noord-0070222602226,Mo-We 10:00-18:00; Th 10:00-20:00; Fr-Su 10:00-18:00,AllThePlaces / localisateur officiel; OpenStreetMap,0070222602226;node/7939121584,https://api.woosmap.com/stores?key=woos-3019bc60-8e57-3c2a-8e6f-1893e1e44466&stores_by_page=300&page=1; https://www.openstreetmap.org/node/7939121584,2026-07-11T20:29:07+00:00
DEC-01176,Decathlon,"De Voorwaarts, 25",Apeldoorn,Gelderland,7321MA,Netherlands,NL,52.2095501,5.9950396,+31 85 000 3637,https://www.decathlon.nl/store-view/sportwinkel-apeldoorn-0070089600896,Mo-Fr 10:00-21:00; Sa 10:00-18:00; Su 12:00-18:00,AllThePlaces / localisateur officiel; OpenStreetMap,0070089600896;node/2685903316,https://api.woosmap.com/stores?key=woos-3019bc60-8e57-3c2a-8e6f-1893e1e44466&stores_by_page=300&page=1; https://www.openstreetmap.org/node/2685903316,2026-07-11T20:29:07+00:00
DEC-01177,Decathlon,"Olympus, 1",Arnhem,Gelderland,6832EL,Netherlands,NL,51.9634936,5.9010570,+31 85 000 3637,https://www.decathlon.nl/store-view/sportwinkel-arnhem-rijnhal-0070108901089,Mo-Fr 10:00-21:00; Sa 09:00-18:00; Su 10:00-18:00,AllThePlaces / localisateur officiel; OpenStreetMap,0070108901089;node/2725681569,https://api.woosmap.com/stores?key=woos-3019bc60-8e57-3c2a-8e6f-1893e1e44466&stores_by_page=300&page=1; https://www.openstreetmap.org/node/2725681569,2026-07-11T20:29:07+00:00
DEC-01178,Decathlon,"NCB-weg, 14",Best,North Brabant,5681RH,Netherlands,NL,51.5018504,5.4157645,+31 85 000 3637,https://www.decathlon.nl/store-view/sportwinkel-best-0070066400664,Mo-Fr 09:30-21:00; Sa-Su 09:30-18:00,AllThePlaces / localisateur officiel; OpenStreetMap,0070066400664;node/2732597444,https://api.woosmap.com/stores?key=woos-3019bc60-8e57-3c2a-8e6f-1893e1e44466&stores_by_page=300&page=1; https://www.openstreetmap.org/node/2732597444,2026-07-11T20:29:07+00:00
DEC-01179,Decathlon,"Bavelseparklaan, 20",Breda,North Brabant,4817ZJ,Netherlands,NL,51.5821489,4.8346454,+31 85 000 3637,https://www.decathlon.nl/store-view/sportwinkel-breda-0070108801088,Mo-Fr 10:00-21:00; Sa-Su 10:00-18:00,AllThePlaces / localisateur officiel; OpenStreetMap,0070108801088;node/9483033338;way/535555029,https://api.woosmap.com/stores?key=woos-3019bc60-8e57-3c2a-8e6f-1893e1e44466&stores_by_page=300&page=1; https://www.openstreetmap.org/node/9483033338; https://www.openstreetmap.org/way/535555029,2026-07-11T20:29:07+00:00
DEC-01180,Decathlon,4 Pensmarkt,Den Bosch,North Brabant,5211EL,Netherlands,NL,51.6887900,5.3025720,,https://www.decathlon.nl/store-view/sportwinkel-den-bosch-0070361903619,"Mo,Su 12:00-18:00; Tu-Sa 10:00-18:00; Th 10:00-21:00",AllThePlaces / localisateur officiel; OpenStreetMap,0070361903619;node/2737187797;node/13808055601,https://api.woosmap.com/stores?key=woos-3019bc60-8e57-3c2a-8e6f-1893e1e44466&stores_by_page=300&page=1; https://www.openstreetmap.org/node/2737187797; https://www.openstreetmap.org/node/13808055601,2026-07-11T20:29:07+00:00
DEC-01181,Decathlon,"Grote Marktstraat, 54",Den Haag,South Holland,2511BH,Netherlands,NL,52.0773171,4.3137726,+31 85 000 3637,https://www.decathlon.nl/store-view/sportwinkel-den-haag-0070118601186,Mo-We 10:00-19:00; Th 10:00-21:00; Fr-Sa 10:00-19:00; Su 11:00-19:00,AllThePlaces / localisateur officiel; OpenStreetMap,0070118601186;node/4707942012,https://api.woosmap.com/stores?key=woos-3019bc60-8e57-3c2a-8e6f-1893e1e44466&stores_by_page=300&page=1; https://www.openstreetmap.org/node/4707942012,2026-07-11T20:29:07+00:00
DEC-01182,Decathlon,"Piazza, 52",Eindhoven,North Brabant,5611AE,Netherlands,NL,51.4420536,5.4766799,+31 85 000 3637,https://www.decathlon.nl/store-view/sportwinkel-eindhoven-0070118501185,Mo 12:00-18:00; Tu-Th 10:00-18:00; Fr 10:00-21:00; Sa 10:00-18:00; Su 12:00-18:00,AllThePlaces / localisateur officiel; OpenStreetMap,0070118501185;node/4762545233,https://api.woosmap.com/stores?key=woos-3019bc60-8e57-3c2a-8e6f-1893e1e44466&stores_by_page=300&page=1; https://www.openstreetmap.org/node/4762545233,2026-07-11T20:29:07+00:00
DEC-01183,Decathlon,"Van Loenshof, 60",Enschede,Overijssel,7511NJ,Netherlands,NL,52.2184534,6.8944084,+31 85 000 3637,https://www.decathlon.nl/store-view/sportwinkel-enschede-0070209202092,Mo-We 10:00-18:00; Th 10:00-21:00; Fr-Sa 10:00-18:00; Su 12:00-17:00,AllThePlaces / localisateur officiel; OpenStreetMap,0070209202092;node/2775263816,https://api.woosmap.com/stores?key=woos-3019bc60-8e57-3c2a-8e6f-1893e1e44466&stores_by_page=300&page=1; https://www.openstreetmap.org/node/2775263816,2026-07-11T20:29:07+00:00
DEC-01184,Decathlon,"Sontplein, 5",Groningen,Groningen,9723BZ,Netherlands,NL,53.2147644,6.5860472,+31 85 000 3637,https://www.decathlon.nl/store-view/sportwinkel-groningen-0070222402224,Mo-Fr 10:00-21:00; Sa 10:00-18:00; Su 12:00-18:00,AllThePlaces / localisateur officiel; OpenStreetMap,0070222402224;node/2749176782,https://api.woosmap.com/stores?key=woos-3019bc60-8e57-3c2a-8e6f-1893e1e44466&stores_by_page=300&page=1; https://www.openstreetmap.org/node/2749176782,2026-07-11T20:29:07+00:00
DEC-01185,Decathlon,"Wiebachstraat, 75",Kerkrade,Limburg,6466NG,Netherlands,NL,50.8548875,6.0069726,+31 85 000 3637,https://www.decathlon.nl/store-view/sportwinkel-kerkrade-0070034600346,Mo-Fr 10:00-20:00; Sa-Su 10:00-18:00,AllThePlaces / localisateur officiel; OpenStreetMap,0070034600346;node/2834735434,https://api.woosmap.com/stores?key=woos-3019bc60-8e57-3c2a-8e6f-1893e1e44466&stores_by_page=300&page=1; https://www.openstreetmap.org/node/2834735434,2026-07-11T20:29:07+00:00
DEC-01186,Decathlon,"De Centrale, 35",Leeuwarden,Friesland,8924CZ,Netherlands,NL,53.2021270,5.8220110,+31 85 000 3637,https://www.decathlon.nl/store-view/sportwinkel-leeuwarden-0070089700897,Mo-We 10:00-20:00; Th 10:00-21:00; Fr 10:00-20:00; Sa 10:00-18:00; Su 12:00-17:00,AllThePlaces / localisateur officiel; OpenStreetMap,0070089700897;node/3065206962,https://api.woosmap.com/stores?key=woos-3019bc60-8e57-3c2a-8e6f-1893e1e44466&stores_by_page=300&page=1; https://www.openstreetmap.org/node/3065206962,2026-07-11T20:29:07+00:00
DEC-01187,Decathlon,"Grote markt, 3",Nijmegen,Gelderland,6511KA,Netherlands,NL,51.8471476,5.8640402,+31 85 000 3637,https://www.decathlon.nl/store-view/sportwinkel-nijmegen-0070222502225,Mo-We 10:00-18:00; Th 10:00-21:00; Fr-Sa 10:00-18:00; Su 12:00-18:00,AllThePlaces / localisateur officiel; OpenStreetMap,0070222502225;node/9522492955,https://api.woosmap.com/stores?key=woos-3019bc60-8e57-3c2a-8e6f-1893e1e44466&stores_by_page=300&page=1; https://www.openstreetmap.org/node/9522492955,2026-07-11T20:29:07+00:00
DEC-01188,Decathlon,Schaarbroekerweg 4a Roermond,Roermond,Limburg,6042EJ,Netherlands,NL,51.2123820,6.0181960,+31 85 000 3637,https://www.decathlon.nl/store-view/sportwinkel-roermond-0070209402094,Mo-We 10:00-18:00; Th-Fr 10:00-20:00; Sa-Su 10:00-18:00,AllThePlaces / localisateur officiel; OpenStreetMap,0070209402094;node/2940679045,https://api.woosmap.com/stores?key=woos-3019bc60-8e57-3c2a-8e6f-1893e1e44466&stores_by_page=300&page=1; https://www.openstreetmap.org/node/2940679045,2026-07-11T20:29:07+00:00
DEC-01189,Decathlon,"Coolsingel, 45",Rotterdam,South Holland,3012AA,Netherlands,NL,51.9232227,4.4777752,+31 85 000 3637,https://www.decathlon.nl/store-view/sportwinkel-rotterdam-coolsingel-0070116101161,Mo 11:00-19:00; Tu-Th 10:00-19:00; Fr 10:00-21:00; Sa 10:00-19:00; Su 11:00-18:00,AllThePlaces / localisateur officiel; OpenStreetMap,0070116101161;node/4606416083,https://api.woosmap.com/stores?key=woos-3019bc60-8e57-3c2a-8e6f-1893e1e44466&stores_by_page=300&page=1; https://www.openstreetmap.org/node/4606416083,2026-07-11T20:29:07+00:00
DEC-01190,Decathlon,"Watermanweg, 323",Rotterdam,South Holland,3067GA,Netherlands,NL,51.9513012,4.5576927,+31 85 000 3637,https://www.decathlon.nl/store-view/sportwinkel-rotterdam-alexandrium-0070209302093,Mo-Th 10:00-18:00; Fr 10:00-21:00; Sa 10:00-18:00; Su 11:00-18:00,AllThePlaces / localisateur officiel; OpenStreetMap,0070209302093;node/2785269798,https://api.woosmap.com/stores?key=woos-3019bc60-8e57-3c2a-8e6f-1893e1e44466&stores_by_page=300&page=1; https://www.openstreetmap.org/node/2785269798,2026-07-11T20:29:07+00:00
DEC-01191,Decathlon,"Pieter Vreedeplein, 165",Tilburg,North Brabant,5038BW,Netherlands,NL,51.5580827,5.0889861,+31 85 000 3637,https://www.decathlon.nl/store-view/sportwinkel-tilburg-0070201302013,Mo 11:00-18:00; Tu-We 10:00-18:00; Th 10:00-21:00; Fr-Sa 10:00-18:00; Su 12:00-18:00,AllThePlaces / localisateur officiel; OpenStreetMap,0070201302013;node/4718052979,https://api.woosmap.com/stores?key=woos-3019bc60-8e57-3c2a-8e6f-1893e1e44466&stores_by_page=300&page=1; https://www.openstreetmap.org/node/4718052979,2026-07-11T20:29:07+00:00
DEC-01192,Decathlon,"Hertogswetering, 197",Utrecht,Utrecht,3543AS,Netherlands,NL,52.1078709,5.0535925,+31 85 000 3637,https://www.decathlon.nl/store-view/sportwinkel-utrecht-the-wall-0070209502095,Mo-We 10:00-20:00; Th-Fr 10:00-21:00; Sa 09:30-18:00; Su 11:00-18:00,AllThePlaces / localisateur officiel; OpenStreetMap,0070209502095;node/2759518587,https://api.woosmap.com/stores?key=woos-3019bc60-8e57-3c2a-8e6f-1893e1e44466&stores_by_page=300&page=1; https://www.openstreetmap.org/node/2759518587,2026-07-11T20:29:07+00:00
DEC-01193,Decathlon,21 Rue de l'Alma-André Ballande,Nouméa,South Province,98800,New Caledonia,NC,-22.2696905,166.4398717,+687 410 465,https://decathlon.nc/pages/decathlon-alma,Mo-Sa 08:00-18:00; Su 08:00-12:00,OpenStreetMap,node/12713513902,https://www.openstreetmap.org/node/12713513902,2026-07-11T20:29:07+00:00
DEC-01194,ديكاتلون,,Bawshar,Muhafazat Masqat,,Oman,OM,23.5731400,58.4063003,,,,OpenStreetMap,node/10270849909,https://www.openstreetmap.org/node/10270849909,2026-07-11T20:29:07+00:00
DEC-01195,Decathlon,,Panama,Panama,,Panama,PA,8.9838559,-79.5112540,,,,OpenStreetMap,node/12407192801,https://www.openstreetmap.org/node/12407192801,2026-07-11T20:29:07+00:00
DEC-01196,Decathlon,,Fernando de la Mora,Central,,Paraguay,PY,-25.2850403,-57.5640297,,,,OpenStreetMap,node/12900267002,https://www.openstreetmap.org/node/12900267002,2026-07-11T20:29:07+00:00
DEC-01197,Decathlon,Marcos Highway,Antipolo,Calabarzon,,Philippines,PH,14.6256974,121.1228147,+63282553647,https://www.decathlon.ph/,10:00-21:00,OpenStreetMap,way/749321219,https://www.openstreetmap.org/way/749321219,2026-07-11T20:29:07+00:00
DEC-01198,Decathlon,,Bagong Pagasa,Calabarzon,,Philippines,PH,14.6566593,121.0334933,,,,OpenStreetMap,node/13061273573,https://www.openstreetmap.org/node/13061273573,2026-07-11T20:29:07+00:00
DEC-01199,Decathlon,,Baugo,Central Visayas,,Philippines,PH,10.3121019,123.9176395,,,Su-Th 10:00-21:00; Fr-Sa 10:00-22:00,OpenStreetMap,node/12543425400,https://www.openstreetmap.org/node/12543425400,2026-07-11T20:29:07+00:00
DEC-01200,Decathlon,,Iloilo,Western Visayas,,Philippines,PH,10.6943383,122.5658269,,,,OpenStreetMap,node/12213377058,https://www.openstreetmap.org/node/12213377058,2026-07-11T20:29:07+00:00
DEC-01201,Decathlon,,Iloilo,Western Visayas,,Philippines,PH,10.7146745,122.5513410,,,,OpenStreetMap,node/12383581385,https://www.openstreetmap.org/node/12383581385,2026-07-11T20:29:07+00:00
DEC-01202,Decathlon,Central Avenue,Pasig City,Metro Manila,,Philippines,PH,14.5864696,121.0776221,+63282176381,,Mo-Su 10:00-22:00,OpenStreetMap,node/7332118283;node/7374499583,https://www.openstreetmap.org/node/7332118283; https://www.openstreetmap.org/node/7374499583,2026-07-11T20:29:07+00:00
DEC-01203,Decathlon,,Port Area,Metro Manila,,Philippines,PH,14.5340258,120.9805366,,,,OpenStreetMap,node/10693353406,https://www.openstreetmap.org/node/10693353406,2026-07-11T20:29:07+00:00
DEC-01204,Decathlon,,Port Area,Metro Manila,,Philippines,PH,14.5761267,120.9838049,,,,OpenStreetMap,node/12342809755,https://www.openstreetmap.org/node/12342809755,2026-07-11T20:29:07+00:00
DEC-01205,Decathlon,,Sambayanihan People's Village,,,Philippines,PH,14.4188283,121.0408411,,,Mo-Su 10:00-22:00,OpenStreetMap,node/4985030021,https://www.openstreetmap.org/node/4985030021,2026-07-11T20:29:07+00:00
DEC-01206,Decathlon,,San Mateo,Calabarzon,,Philippines,PH,14.7339876,121.0591645,,,,OpenStreetMap,node/11552958729,https://www.openstreetmap.org/node/11552958729,2026-07-11T20:29:07+00:00
DEC-01207,Decathlon,,Santa Rosa,Calabarzon,,Philippines,PH,14.3134851,121.0967948,,,,OpenStreetMap,node/12068991377,https://www.openstreetmap.org/node/12068991377,2026-07-11T20:29:07+00:00
DEC-01208,Decathlon,,Santol,Central Luzon,,Philippines,PH,15.1703566,120.5799441,,,,OpenStreetMap,node/10768347990,https://www.openstreetmap.org/node/10768347990,2026-07-11T20:29:07+00:00
DEC-01209,Decathlon,ul. Jana Pawła II 51,Białystok,Podlasie,15-704,Poland,PL,53.1377241,23.1156404,+48 85 688 25 00,https://www.decathlon.pl/store-view/sport-shop-bialystok-hetmanska-0070080900809,Mo-Sa 09:00-21:00,AllThePlaces / localisateur officiel; OpenStreetMap,0070080900809;node/6157544598;node/6157544600;way/217013314,https://api.woosmap.com/stores?key=woos-1a635f2d-aee1-3a1d-a21e-a8fe3ae1da21&stores_by_page=300&page=1; https://www.openstreetmap.org/node/6157544598; https://www.openstreetmap.org/node/6157544600; https://www.openstreetmap.org/way/217013314,2026-07-11T20:29:07+00:00
DEC-01210,Decathlon,ul. Francuska 2,Bielany Wrocławskie,Lower Silesian Voivodeship,55-040,Poland,PL,51.0513000,16.9685000,+48 71 738 46 75,https://www.decathlon.pl/store-view/sport-shop-wroclaw-bielany-wroclawskie-0070037600376,Mo-Sa 09:00-21:00,AllThePlaces / localisateur officiel; OpenStreetMap,0070037600376;node/11149673965;way/130119161,https://api.woosmap.com/stores?key=woos-1a635f2d-aee1-3a1d-a21e-a8fe3ae1da21&stores_by_page=300&page=1; https://www.openstreetmap.org/node/11149673965; https://www.openstreetmap.org/way/130119161,2026-07-11T20:29:07+00:00
DEC-01211,Decathlon,ul. Bohaterów Monte Casino 425,Bielsko Biała,Silesian Voivodeship,43-300,Poland,PL,49.8337465,18.9820859,+48 33 445 35 80,https://www.decathlon.pl/store-view/sport-shop-bielsko-biala-0070056800568,Mo-Sa 09:00-21:00,AllThePlaces / localisateur officiel; OpenStreetMap,0070056800568;way/172011132;node/10599184101,https://api.woosmap.com/stores?key=woos-1a635f2d-aee1-3a1d-a21e-a8fe3ae1da21&stores_by_page=300&page=1; https://www.openstreetmap.org/way/172011132; https://www.openstreetmap.org/node/10599184101,2026-07-11T20:29:07+00:00
DEC-01212,Decathlon,ul. Warszawska 6,Blizne Łaszczyńskiego,Masovian Voivodeship,05-082,Poland,PL,52.2402511,20.8902594,+48 22 182 49 50,https://www.decathlon.pl/store-view/sport-shop-warszawa-bemowo-0070114901149,Mo-Sa 10:00-21:00,AllThePlaces / localisateur officiel; OpenStreetMap,0070114901149;node/9862355217;way/550873130,https://api.woosmap.com/stores?key=woos-1a635f2d-aee1-3a1d-a21e-a8fe3ae1da21&stores_by_page=300&page=1; https://www.openstreetmap.org/node/9862355217; https://www.openstreetmap.org/way/550873130,2026-07-11T20:29:07+00:00
DEC-01213,Decathlon,ul. Rejewskiego 5a,Bydgoszcz,Kujawsko-Pomorskie,85-791,Poland,PL,53.1371851,18.1125824,+48 52 522 98 85,https://www.decathlon.pl/store-view/sport-shop-bydgoszcz-fordon-0070065400654,Mo-Sa 09:00-21:00,AllThePlaces / localisateur officiel,0070065400654,https://api.woosmap.com/stores?key=woos-1a635f2d-aee1-3a1d-a21e-a8fe3ae1da21&stores_by_page=300&page=1,2026-07-11T20:29:07+00:00
DEC-01214,Decathlon,5a Mariana Rejewskiego,Bydgoszcz,Kujawsko-Pomorskie,85-791,Poland,PL,53.1390337,18.1071836,+48 52 522 98 85,https://www.decathlon.pl/pl/sklep/sklep-sportowy-bydgoszcz-fordon-MS_0070065400654.html,,OpenStreetMap,node/7863128467;way/194104928;way/1453427251,https://www.openstreetmap.org/node/7863128467; https://www.openstreetmap.org/way/194104928; https://www.openstreetmap.org/way/1453427251,2026-07-11T20:29:07+00:00
DEC-01215,Decathlon,al. Jana Nowaka-Jeziorańskiego 29,Bytom,Silesian Voivodeship,41-923,Poland,PL,50.3480049,18.8523909,+48 32 450 32 00,https://www.decathlon.pl/store-view/sport-shop-bytom-0070093600936,Mo-Fr 10:00-20:00; Sa 09:00-21:00,AllThePlaces / localisateur officiel; OpenStreetMap,0070093600936;way/337212568,https://api.woosmap.com/stores?key=woos-1a635f2d-aee1-3a1d-a21e-a8fe3ae1da21&stores_by_page=300&page=1; https://www.openstreetmap.org/way/337212568,2026-07-11T20:29:07+00:00
DEC-01216,Decathlon,,Chmielowice,Opole Voivodeship,,Poland,PL,50.6821399,17.8744930,,,,OpenStreetMap,node/3801111477,https://www.openstreetmap.org/node/3801111477,2026-07-11T20:29:07+00:00
DEC-01217,Decathlon,ul. Szczęśliwa 1,Gdańsk,Pomeranian Voivodeship,80-176,Poland,PL,54.3498407,18.5283721,+48 58 355 82 00,https://www.decathlon.pl/store-view/sport-shop-gdansk-kartuska-0070065100651,Mo-Sa 09:00-21:00,AllThePlaces / localisateur officiel; OpenStreetMap,0070065100651;node/7863177267;way/222849415,https://api.woosmap.com/stores?key=woos-1a635f2d-aee1-3a1d-a21e-a8fe3ae1da21&stores_by_page=300&page=1; https://www.openstreetmap.org/node/7863177267; https://www.openstreetmap.org/way/222849415,2026-07-11T20:29:07+00:00
DEC-01218,Decathlon,ul. Obrońców Wybrzeża 1,Gdańsk,Pomeranian Voivodeship,80-398,Poland,PL,54.4094697,18.5921175,+48 58 355 81 80,https://www.decathlon.pl/store-view/sport-shop-gdansk-przymorze-0070064300643,Mo-Sa 09:00-21:00,AllThePlaces / localisateur officiel; OpenStreetMap,0070064300643;way/101943953;node/12719573612,https://api.woosmap.com/stores?key=woos-1a635f2d-aee1-3a1d-a21e-a8fe3ae1da21&stores_by_page=300&page=1; https://www.openstreetmap.org/way/101943953; https://www.openstreetmap.org/node/12719573612,2026-07-11T20:29:07+00:00
DEC-01219,Decathlon,al. Zwycięstwa 256,Gdynia,Pomeranian Voivodeship,81-525,Poland,PL,54.4755610,18.5513979,+48 58 712 81 30,https://www.decathlon.pl/store-view/sport-shop-gdynia-0070352003520,Mo-Sa 09:00-21:00; Su 10:00-20:00,AllThePlaces / localisateur officiel; OpenStreetMap,0070352003520;way/180451022;way/180805306,https://api.woosmap.com/stores?key=woos-1a635f2d-aee1-3a1d-a21e-a8fe3ae1da21&stores_by_page=300&page=1; https://www.openstreetmap.org/way/180451022; https://www.openstreetmap.org/way/180805306,2026-07-11T20:29:07+00:00
DEC-01220,Decathlon,al. Jana Nowaka-Jeziorańskiego 7,Gliwice,Silesian Voivodeship,44-102,Poland,PL,50.3059097,18.6506006,+48 32 450 32 30,https://www.decathlon.pl/store-view/sport-shop-gliwice-0070048000480,Mo-Fr 10:00-21:00; Sa 09:00-21:00,AllThePlaces / localisateur officiel; OpenStreetMap,0070048000480;way/89833258,https://api.woosmap.com/stores?key=woos-1a635f2d-aee1-3a1d-a21e-a8fe3ae1da21&stores_by_page=300&page=1; https://www.openstreetmap.org/way/89833258,2026-07-11T20:29:07+00:00
DEC-01221,Decathlon,Alberta Einsteina 45,Gliwice,Silesian Voivodeship,44-109,Poland,PL,50.3306073,18.6003468,+48 668 815 434,https://www.decathlon.pl/store-view/sport-shop-gliwice-magazyn-punkt-odbioru-0070316103161,Mo-Sa 06:30-22:00,AllThePlaces / localisateur officiel,0070316103161,https://api.woosmap.com/stores?key=woos-1a635f2d-aee1-3a1d-a21e-a8fe3ae1da21&stores_by_page=300&page=1,2026-07-11T20:29:07+00:00
DEC-01222,Decathlon,ul. Gdańska 112,Gniezno,Greater Poland Voivodeship,62-200,Poland,PL,52.5586830,17.6103925,+48 882 432 444,https://www.decathlon.pl/store-view/sport-shop-gniezno-0070195201952,Mo-Sa 10:00-20:00,AllThePlaces / localisateur officiel; OpenStreetMap,0070195201952;node/5978044697,https://api.woosmap.com/stores?key=woos-1a635f2d-aee1-3a1d-a21e-a8fe3ae1da21&stores_by_page=300&page=1; https://www.openstreetmap.org/node/5978044697,2026-07-11T20:29:07+00:00
DEC-01223,Decathlon,ul. Jedwabnicza 4,Gorzow Wielkopolski,Lubusz,66-400,Poland,PL,52.7586813,15.2791569,+48 95 715 25 25,https://www.decathlon.pl/store-view/sport-shop-gorzow-wielkopolski-0070329103291,Mo-Sa 09:00-21:00,AllThePlaces / localisateur officiel; OpenStreetMap,0070329103291;way/1309091508;way/1325277053,https://api.woosmap.com/stores?key=woos-1a635f2d-aee1-3a1d-a21e-a8fe3ae1da21&stores_by_page=300&page=1; https://www.openstreetmap.org/way/1309091508; https://www.openstreetmap.org/way/1325277053,2026-07-11T20:29:07+00:00
DEC-01224,Decathlon,al. Niepodległości 35,Inowrocław,Kujawsko-Pomorskie,88-100,Poland,PL,52.7838719,18.2554250,+48 52 522 94 00,https://www.decathlon.pl/store-view/sport-shop-inowroclaw-0070190001900,Mo-Sa 10:00-20:00,AllThePlaces / localisateur officiel; OpenStreetMap,0070190001900;way/313272705,https://api.woosmap.com/stores?key=woos-1a635f2d-aee1-3a1d-a21e-a8fe3ae1da21&stores_by_page=300&page=1; https://www.openstreetmap.org/way/313272705,2026-07-11T20:29:07+00:00
DEC-01225,Decathlon,ul. Rzemieślnicza 14,Jaworzno,Silesian Voivodeship,43-600,Poland,PL,50.2026148,19.2660564,+48 32 450 35 40,https://www.decathlon.pl/store-view/sport-shop-jaworzno-0070236402364,Mo-Sa 10:00-20:00,AllThePlaces / localisateur officiel; OpenStreetMap,0070236402364;way/571738726,https://api.woosmap.com/stores?key=woos-1a635f2d-aee1-3a1d-a21e-a8fe3ae1da21&stores_by_page=300&page=1; https://www.openstreetmap.org/way/571738726,2026-07-11T20:29:07+00:00
DEC-01226,Decathlon,al. Jana Pawła II 17,Jelenia Góra,Lower Silesian Voivodeship,58-500,Poland,PL,50.9104951,15.7380223,+48 75 640 34 70,https://www.decathlon.pl/store-view/sport-shop-jelenia-gora-0070220902209,Mo-Sa 09:00-21:00,AllThePlaces / localisateur officiel; OpenStreetMap,0070220902209;node/7865608103,https://api.woosmap.com/stores?key=woos-1a635f2d-aee1-3a1d-a21e-a8fe3ae1da21&stores_by_page=300&page=1; https://www.openstreetmap.org/node/7865608103,2026-07-11T20:29:07+00:00
DEC-01227,Decathlon,ul. Poznańska 80/86,Kalisz,Greater Poland Voivodeship,62-800,Poland,PL,51.7643289,18.0607746,+48 62 502 44 00,https://www.decathlon.pl/store-view/sport-shop-kalisz-0070069700697,Mo-Fr 10:00-21:00; Sa 10:00-20:00,AllThePlaces / localisateur officiel; OpenStreetMap,0070069700697;way/167447709,https://api.woosmap.com/stores?key=woos-1a635f2d-aee1-3a1d-a21e-a8fe3ae1da21&stores_by_page=300&page=1; https://www.openstreetmap.org/way/167447709,2026-07-11T20:29:07+00:00
DEC-01228,Decathlon,ul. Alpejska 5,Katowice,Silesian Voivodeship,40-507,Poland,PL,50.2441389,19.0327800,+48 32 450 32 45,https://www.decathlon.pl/store-view/sport-shop-katowice-dolina-trzech-stawow-0070115201152,Mo-Sa 09:00-21:00,AllThePlaces / localisateur officiel; OpenStreetMap,0070115201152;way/202044262,https://api.woosmap.com/stores?key=woos-1a635f2d-aee1-3a1d-a21e-a8fe3ae1da21&stores_by_page=300&page=1; https://www.openstreetmap.org/way/202044262,2026-07-11T20:29:07+00:00
DEC-01229,Decathlon,tr. Nikodema i Józefa Renców 30,Katowice,Silesian Voivodeship,40-878,Poland,PL,50.2736241,18.9706826,+48 32 450 39 85,https://www.decathlon.pl/store-view/sport-shop-katowice-0070083100831,Mo-Fr 10:00-21:00; Sa 09:00-21:00,AllThePlaces / localisateur officiel; OpenStreetMap,0070083100831;node/2563510913,https://api.woosmap.com/stores?key=woos-1a635f2d-aee1-3a1d-a21e-a8fe3ae1da21&stores_by_page=300&page=1; https://www.openstreetmap.org/node/2563510913,2026-07-11T20:29:07+00:00
DEC-01230,Decathlon,ul. Radomska 24,Kielce,Swietokrzyskie,25-451,Poland,PL,50.8876205,20.6696341,+48 41 260 58 11,https://www.decathlon.pl/store-view/sport-shop-kielce-0070086900869,Mo-Sa 10:00-21:00,AllThePlaces / localisateur officiel; OpenStreetMap,0070086900869;node/11956363269;way/334875691,https://api.woosmap.com/stores?key=woos-1a635f2d-aee1-3a1d-a21e-a8fe3ae1da21&stores_by_page=300&page=1; https://www.openstreetmap.org/node/11956363269; https://www.openstreetmap.org/way/334875691,2026-07-11T20:29:07+00:00
DEC-01231,Decathlon,ul. Paderewskiego 2,Koszalin,West Pomeranian Voivodeship,75-736,Poland,PL,54.1761940,16.2046550,+48 94 710 55 00,https://www.decathlon.pl/store-view/sport-shop-koszalin-0070106401064,Mo-Sa 09:00-21:00,AllThePlaces / localisateur officiel; OpenStreetMap,0070106401064;way/1330864108,https://api.woosmap.com/stores?key=woos-1a635f2d-aee1-3a1d-a21e-a8fe3ae1da21&stores_by_page=300&page=1; https://www.openstreetmap.org/way/1330864108,2026-07-11T20:29:07+00:00
DEC-01232,Decathlon,1 Gęsia,Kozubszczyzna,Lublin Voivodeship,,Poland,PL,51.2295887,22.4806318,,,24/7,OpenStreetMap,node/9913020366;way/552388411,https://www.openstreetmap.org/node/9913020366; https://www.openstreetmap.org/way/552388411,2026-07-11T20:29:07+00:00
DEC-01233,Decathlon,,Krakow,Lesser Poland Voivodeship,,Poland,PL,50.0123265,19.9313045,,https://www.decathlon.pl/pl/store?store_id=PS_PL_380,Mo-Sa 09:00-21:00; Su 10:00-20:00,OpenStreetMap,node/2496686971;way/1463053090,https://www.openstreetmap.org/node/2496686971; https://www.openstreetmap.org/way/1463053090,2026-07-11T20:29:07+00:00
DEC-01234,Decathlon,ul. Zakopiańska 62a,Kraków,Lesser Poland Voivodeship,30-418,Poland,PL,50.0161520,19.9331255,+48 12 295 94 00,https://www.decathlon.pl/store-view/sport-shop-krakow-zakopianka-0070038000380,Mo-Sa 09:00-21:00,AllThePlaces / localisateur officiel,0070038000380,https://api.woosmap.com/stores?key=woos-1a635f2d-aee1-3a1d-a21e-a8fe3ae1da21&stores_by_page=300&page=1,2026-07-11T20:29:07+00:00
DEC-01235,Decathlon,al. Pokoju 46,Kraków,Lesser Poland Voivodeship,31-564,Poland,PL,50.0657318,19.9869788,+48 12 291 57 00,https://www.decathlon.pl/store-view/sport-shop-krakow-plaza-0070051200512,Mo-Sa 09:00-21:00,AllThePlaces / localisateur officiel; OpenStreetMap,0070051200512;node/3740591708;node/5628200513;way/451608345,https://api.woosmap.com/stores?key=woos-1a635f2d-aee1-3a1d-a21e-a8fe3ae1da21&stores_by_page=300&page=1; https://www.openstreetmap.org/node/3740591708; https://www.openstreetmap.org/node/5628200513; https://www.openstreetmap.org/way/451608345,2026-07-11T20:29:07+00:00
DEC-01236,Decathlon,ul. Stawowa 61,Kraków,Lesser Poland Voivodeship,31-346,Poland,PL,50.0926005,19.8968739,+48 12 356 24 90,https://www.decathlon.pl/store-view/sport-shop-krakow-bronowice-0070299902999,Mo-Sa 09:00-21:00,AllThePlaces / localisateur officiel; OpenStreetMap,0070299902999;node/10715048318,https://api.woosmap.com/stores?key=woos-1a635f2d-aee1-3a1d-a21e-a8fe3ae1da21&stores_by_page=300&page=1; https://www.openstreetmap.org/node/10715048318,2026-07-11T20:29:07+00:00
DEC-01237,Decathlon,ul. Objazdowa 9,Legnica,Lower Silesian Voivodeship,59-220,Poland,PL,51.1851467,16.1668596,+48 76 753 31 00,https://www.decathlon.pl/store-view/sport-shop-legnica-0070056900569,Mo-Sa 09:00-21:00; Su 10:00-20:00,AllThePlaces / localisateur officiel; OpenStreetMap,0070056900569;way/550645879,https://api.woosmap.com/stores?key=woos-1a635f2d-aee1-3a1d-a21e-a8fe3ae1da21&stores_by_page=300&page=1; https://www.openstreetmap.org/way/550645879,2026-07-11T20:29:07+00:00
DEC-01238,Decathlon,Przybyszewskiego 176/178,Lodz,Lodz Voivodeship,93-120,Poland,PL,51.7517480,19.5030240,+48 42 298 66 10,https://www.decathlon.pl/store-view/sport-shop-lodz-widzew-0070329003290,Mo-Sa 09:00-21:00,AllThePlaces / localisateur officiel; OpenStreetMap,0070329003290;node/12390422600,https://api.woosmap.com/stores?key=woos-1a635f2d-aee1-3a1d-a21e-a8fe3ae1da21&stores_by_page=300&page=1; https://www.openstreetmap.org/node/12390422600,2026-07-11T20:29:07+00:00
DEC-01239,Decathlon,ul. Gęsia 1,Lublin,Lublin Voivodeship,20-719,Poland,PL,51.2257193,22.4886896,+48 81 475 65 00,https://www.decathlon.pl/store-view/sport-shop-lublin-weglin-0070190301903,Mo-Sa 10:00-21:00,AllThePlaces / localisateur officiel,0070190301903,https://api.woosmap.com/stores?key=woos-1a635f2d-aee1-3a1d-a21e-a8fe3ae1da21&stores_by_page=300&page=1,2026-07-11T20:29:07+00:00
DEC-01240,Decathlon,al. Spółdzielczości Pracy 26,Lublin,Lublin Voivodeship,20-147,Poland,PL,51.2632355,22.5714917,+48 81 444 89 00,https://www.decathlon.pl/store-view/sport-shop-lublin-czechow-0070045300453,Mo-Sa 09:00-21:00,AllThePlaces / localisateur officiel; OpenStreetMap,0070045300453;node/4418635988;node/5370981113,https://api.woosmap.com/stores?key=woos-1a635f2d-aee1-3a1d-a21e-a8fe3ae1da21&stores_by_page=300&page=1; https://www.openstreetmap.org/node/4418635988; https://www.openstreetmap.org/node/5370981113,2026-07-11T20:29:07+00:00
DEC-01241,Decathlon,ul. Gliwicka 32,Mikołów,Silesian Voivodeship,43-190,Poland,PL,50.1827075,18.8820097,+48 32 767 72 00,https://www.decathlon.pl/store-view/sport-shop-mikolow-0070080800808,Mo-Fr 10:00-21:00; Sa 09:00-21:00,AllThePlaces / localisateur officiel; OpenStreetMap,0070080800808;way/307800257,https://api.woosmap.com/stores?key=woos-1a635f2d-aee1-3a1d-a21e-a8fe3ae1da21&stores_by_page=300&page=1; https://www.openstreetmap.org/way/307800257,2026-07-11T20:29:07+00:00
DEC-01242,Decathlon,ul. Płk. W. Beliny-Prażmowskiego 11,Nowy Sącz,Lesser Poland Voivodeship,33-300,Poland,PL,49.6217000,20.7214675,+48 18 534 55 00,https://www.decathlon.pl/store-view/sport-shop-nowy-sacz-0070234002340,Mo-Sa 09:00-21:00,AllThePlaces / localisateur officiel; OpenStreetMap,0070234002340;node/8355428860,https://api.woosmap.com/stores?key=woos-1a635f2d-aee1-3a1d-a21e-a8fe3ae1da21&stores_by_page=300&page=1; https://www.openstreetmap.org/node/8355428860,2026-07-11T20:29:07+00:00
DEC-01243,Decathlon,ul. Szaflarska 164,Nowy Targ,Lesser Poland Voivodeship,34-400,Poland,PL,49.4661880,20.0251700,+48 18 534 56 00,https://www.decathlon.pl/store-view/sport-shop-nowy-targ-0070272002720,Mo-Sa 09:00-21:00,AllThePlaces / localisateur officiel; OpenStreetMap,0070272002720;node/10684436108;node/12020173689,https://api.woosmap.com/stores?key=woos-1a635f2d-aee1-3a1d-a21e-a8fe3ae1da21&stores_by_page=300&page=1; https://www.openstreetmap.org/node/10684436108; https://www.openstreetmap.org/node/12020173689,2026-07-11T20:29:07+00:00
DEC-01244,Decathlon,ul. Stanisława Doranta 3,Olsztyn,Warmian-Masurian Voivodeship,10-699,Poland,PL,53.7316323,20.4933302,+48 89 611 04 00,https://www.decathlon.pl/store-view/sport-shop-olsztyn-0070236302363,Mo-Sa 09:00-21:00,AllThePlaces / localisateur officiel; OpenStreetMap,0070236302363;node/10018919422;way/762760664,https://api.woosmap.com/stores?key=woos-1a635f2d-aee1-3a1d-a21e-a8fe3ae1da21&stores_by_page=300&page=1; https://www.openstreetmap.org/node/10018919422; https://www.openstreetmap.org/way/762760664,2026-07-11T20:29:07+00:00
DEC-01245,Decathlon,ul. Wrocławska 154,Opole,Opole Voivodeship,45-837,Poland,PL,50.6800303,17.8781404,+48 77 550 25 00,https://www.decathlon.pl/store-view/sport-shop-opole-0070051100511,Mo-Sa 09:00-21:00,AllThePlaces / localisateur officiel,0070051100511,https://api.woosmap.com/stores?key=woos-1a635f2d-aee1-3a1d-a21e-a8fe3ae1da21&stores_by_page=300&page=1,2026-07-11T20:29:07+00:00
DEC-01246,Decathlon,ul. Goworowska 41,Ostrołęka,Masovian Voivodeship,07-410,Poland,PL,53.0740080,21.5763260,+48 29 640 55 00,https://www.decathlon.pl/store-view/sport-shop-ostroleka-0070193401934,Mo-Sa 10:00-21:00,AllThePlaces / localisateur officiel; OpenStreetMap,0070193401934;node/6103017488,https://api.woosmap.com/stores?key=woos-1a635f2d-aee1-3a1d-a21e-a8fe3ae1da21&stores_by_page=300&page=1; https://www.openstreetmap.org/node/6103017488,2026-07-11T20:29:07+00:00
DEC-01247,Decathlon,ul. Puławska 37,Piaseczno,Masovian Voivodeship,05-500,Poland,PL,52.0881884,21.0169588,+48 22 182 31 10,https://www.decathlon.pl/store-view/sport-shop-piaseczno-0070057600576,Mo-Fr 10:00-21:00; Sa 09:00-21:00,AllThePlaces / localisateur officiel; OpenStreetMap,0070057600576;node/9721693466;node/9721693467;way/62286305,https://api.woosmap.com/stores?key=woos-1a635f2d-aee1-3a1d-a21e-a8fe3ae1da21&stores_by_page=300&page=1; https://www.openstreetmap.org/node/9721693466; https://www.openstreetmap.org/node/9721693467; https://www.openstreetmap.org/way/62286305,2026-07-11T20:29:07+00:00
DEC-01248,Decathlon,ul. Zygmunta Starego 20,Piła,Greater Poland Voivodeship,64-920,Poland,PL,53.1467673,16.7465309,+48 880 340 567,https://www.decathlon.pl/store-view/sport-shop-pila-0070195001950,Mo-Sa 10:00-20:00,AllThePlaces / localisateur officiel; OpenStreetMap,0070195001950;node/6551618202;node/11506049370,https://api.woosmap.com/stores?key=woos-1a635f2d-aee1-3a1d-a21e-a8fe3ae1da21&stores_by_page=300&page=1; https://www.openstreetmap.org/node/6551618202; https://www.openstreetmap.org/node/11506049370,2026-07-11T20:29:07+00:00
DEC-01249,Decathlon,ul. Krakowska 12,Poczesna,Silesian Voivodeship,42-262,Poland,PL,50.7279720,19.1589830,+48 34 390 42 30,https://www.decathlon.pl/store-view/sport-shop-czestochowa-0070057000570,Mo-Sa 10:00-21:00; Su 10:00-20:00,AllThePlaces / localisateur officiel; OpenStreetMap,0070057000570;way/363050800;way/363050801;node/7863188188;way/363050802,https://api.woosmap.com/stores?key=woos-1a635f2d-aee1-3a1d-a21e-a8fe3ae1da21&stores_by_page=300&page=1; https://www.openstreetmap.org/way/363050800; https://www.openstreetmap.org/way/363050801; https://www.openstreetmap.org/node/7863188188; https://www.openstreetmap.org/way/363050802,2026-07-11T20:29:07+00:00
DEC-01250,Decathlon,ul. Sycowska 51,Poznań,Greater Poland Voivodeship,60-003,Poland,PL,52.3545859,16.8305444,+48 61 630 01 00,https://www.decathlon.pl/store-view/sport-shop-poznan-komorniki-0070083000830,Mo-Fr 10:00-21:00; Sa 09:00-21:00,AllThePlaces / localisateur officiel; OpenStreetMap,0070083000830;node/9371362507;node/9371362508;node/9371362509;way/406980734,https://api.woosmap.com/stores?key=woos-1a635f2d-aee1-3a1d-a21e-a8fe3ae1da21&stores_by_page=300&page=1; https://www.openstreetmap.org/node/9371362507; https://www.openstreetmap.org/node/9371362508; https://www.openstreetmap.org/node/9371362509; https://www.openstreetmap.org/way/406980734,2026-07-11T20:29:07+00:00
DEC-01251,Decathlon,ul. Szwedzka 8,Poznań,Greater Poland Voivodeship,61-285,Poland,PL,52.3817916,16.9845196,+48 61 641 52 45,https://www.decathlon.pl/store-view/sport-shop-poznan-franowo-0070069500695,Mo-Sa 09:00-21:00,AllThePlaces / localisateur officiel; OpenStreetMap,0070069500695;node/9945645802;node/9945645803;way/119909655,https://api.woosmap.com/stores?key=woos-1a635f2d-aee1-3a1d-a21e-a8fe3ae1da21&stores_by_page=300&page=1; https://www.openstreetmap.org/node/9945645802; https://www.openstreetmap.org/node/9945645803; https://www.openstreetmap.org/way/119909655,2026-07-11T20:29:07+00:00
DEC-01252,Decathlon,ul. Serbska 7,Poznań,Greater Poland Voivodeship,61-696,Poland,PL,52.4327742,16.9507759,+48 61 641 52 30,https://www.decathlon.pl/store-view/sport-shop-poznan-winogrady-0070236202362,Mo-Sa 09:00-21:00,AllThePlaces / localisateur officiel; OpenStreetMap,0070236202362;node/13138546931;node/6548905020,https://api.woosmap.com/stores?key=woos-1a635f2d-aee1-3a1d-a21e-a8fe3ae1da21&stores_by_page=300&page=1; https://www.openstreetmap.org/node/13138546931; https://www.openstreetmap.org/node/6548905020,2026-07-11T20:29:07+00:00
DEC-01253,Decathlon,Trasa ks. Jerzego Popiełuszki 6,Płock,Masovian Voivodeship,09-410,Poland,PL,52.5352780,19.7403190,+48 24 361 63 00,https://www.decathlon.pl/store-view/sport-shop-plock-0070082900829,Mo-Sa 09:00-21:00; Su 10:00-20:00,AllThePlaces / localisateur officiel; OpenStreetMap,0070082900829;way/488752279,https://api.woosmap.com/stores?key=woos-1a635f2d-aee1-3a1d-a21e-a8fe3ae1da21&stores_by_page=300&page=1; https://www.openstreetmap.org/way/488752279,2026-07-11T20:29:07+00:00
DEC-01254,Decathlon,ul. Grzecznarowskiego 21,Radom,Masovian Voivodeship,26-600,Poland,PL,51.3823190,21.1679420,+48 48 377 94 50,https://www.decathlon.pl/store-view/sport-shop-radom-0070086800868,Mo-Sa 09:00-21:00,AllThePlaces / localisateur officiel; OpenStreetMap,0070086800868;node/1871243891,https://api.woosmap.com/stores?key=woos-1a635f2d-aee1-3a1d-a21e-a8fe3ae1da21&stores_by_page=300&page=1; https://www.openstreetmap.org/node/1871243891,2026-07-11T20:29:07+00:00
DEC-01255,Decathlon,ul. Grunwaldzka 110,Rumia,Pomeranian Voivodeship,84-230,Poland,PL,54.5866380,18.3679360,+48 58 355 82 10,https://www.decathlon.pl/store-view/sport-shop-rumia-0070072900729,Mo-Sa 09:00-21:00,AllThePlaces / localisateur officiel; OpenStreetMap,0070072900729;way/261453035,https://api.woosmap.com/stores?key=woos-1a635f2d-aee1-3a1d-a21e-a8fe3ae1da21&stores_by_page=300&page=1; https://www.openstreetmap.org/way/261453035,2026-07-11T20:29:07+00:00
DEC-01256,Decathlon,ul. Gliwicka 45,Rybnik,Silesian Voivodeship,44-200,Poland,PL,50.1131260,18.5449480,+48 32 450 32 15,https://www.decathlon.pl/store-view/sport-shop-rybnik-0070115301153,Mo-Sa 09:00-21:00,AllThePlaces / localisateur officiel; OpenStreetMap,0070115301153;node/4214198563,https://api.woosmap.com/stores?key=woos-1a635f2d-aee1-3a1d-a21e-a8fe3ae1da21&stores_by_page=300&page=1; https://www.openstreetmap.org/node/4214198563,2026-07-11T20:29:07+00:00
DEC-01257,Decathlon,al. Tadeusza Rejtana 65,Rzeszów,Subcarpathian Voivodeship,35-078,Poland,PL,50.0197839,22.0185440,+48 17 283 32 10,https://www.decathlon.pl/store-view/sport-shop-rzeszow-0070115501155,Mo-Sa 10:00-21:00,AllThePlaces / localisateur officiel; OpenStreetMap,0070115501155;node/4077462768,https://api.woosmap.com/stores?key=woos-1a635f2d-aee1-3a1d-a21e-a8fe3ae1da21&stores_by_page=300&page=1; https://www.openstreetmap.org/node/4077462768,2026-07-11T20:29:07+00:00
DEC-01258,Decathlon,ul. Sokolska 35,Sosnowiec,Silesian Voivodeship,41-219,Poland,PL,50.3052701,19.1655718,+48 32 450 39 20,https://www.decathlon.pl/store-view/sport-shop-sosnowiec-0070044500445,Mo-Sa 09:00-21:00,AllThePlaces / localisateur officiel; OpenStreetMap,0070044500445;way/62711420,https://api.woosmap.com/stores?key=woos-1a635f2d-aee1-3a1d-a21e-a8fe3ae1da21&stores_by_page=300&page=1; https://www.openstreetmap.org/way/62711420,2026-07-11T20:29:07+00:00
DEC-01259,Decathlon,ul. Chopina 42,Stalowa Wola,Subcarpathian Voivodeship,37-450,Poland,PL,50.5853690,22.0634070,+48 15 813 15 00,https://www.decathlon.pl/store-view/sport-shop-stalowa-wola-0070236502365,Mo-Sa 10:00-21:00,AllThePlaces / localisateur officiel; OpenStreetMap,0070236502365;way/943173015,https://api.woosmap.com/stores?key=woos-1a635f2d-aee1-3a1d-a21e-a8fe3ae1da21&stores_by_page=300&page=1; https://www.openstreetmap.org/way/943173015,2026-07-11T20:29:07+00:00
DEC-01260,Decathlon,ul. Szczawieńska 4,Szczawno-Zdrój,Lower Silesian Voivodeship,58-310,Poland,PL,50.8167035,16.2728106,+48 74 637 85 00,https://www.decathlon.pl/store-view/sport-shop-szczawno-zdroj-0070069800698,Mo-Sa 09:00-20:00,AllThePlaces / localisateur officiel; OpenStreetMap,0070069800698;way/286142039,https://api.woosmap.com/stores?key=woos-1a635f2d-aee1-3a1d-a21e-a8fe3ae1da21&stores_by_page=300&page=1; https://www.openstreetmap.org/way/286142039,2026-07-11T20:29:07+00:00
DEC-01261,Decathlon,ul. Struga 31A,Szczecin,West Pomeranian Voivodeship,70-784,Poland,PL,53.3838530,14.6676890,+48 91 383 95 70,https://www.decathlon.pl/store-view/sport-shop-szczecin-prawobrzeze-0070083200832,Mo-Sa 09:00-21:00; Su 10:00-20:00,AllThePlaces / localisateur officiel; OpenStreetMap,0070083200832;node/3867804947,https://api.woosmap.com/stores?key=woos-1a635f2d-aee1-3a1d-a21e-a8fe3ae1da21&stores_by_page=300&page=1; https://www.openstreetmap.org/node/3867804947,2026-07-11T20:29:07+00:00
DEC-01262,Decathlon,Centrum Handlowe Jantar ul. Szczecińska 58,Słupsk,Pomeranian Voivodeship,76-200,Poland,PL,54.4539930,16.9926638,+48 59 715 14 00,https://www.decathlon.pl/store-view/sport-shop-slupsk-0070065300653,Mo-Sa 09:00-21:00,AllThePlaces / localisateur officiel; OpenStreetMap,0070065300653;way/1120744779,https://api.woosmap.com/stores?key=woos-1a635f2d-aee1-3a1d-a21e-a8fe3ae1da21&stores_by_page=300&page=1; https://www.openstreetmap.org/way/1120744779,2026-07-11T20:29:07+00:00
DEC-01263,Decathlon,ul. Świętego Antoniego 5,Tarnowo Podgórne,Greater Poland Voivodeship,62-080,Poland,PL,52.4418080,16.7618260,+48 61 658 03 00,https://www.decathlon.pl/store-view/sport-shop-poznan-swadzim-0070052700527,Mo-Fr 10:00-21:00; Sa 09:00-21:00,AllThePlaces / localisateur officiel; OpenStreetMap,0070052700527;node/9362897368;node/13051000629;way/172556015,https://api.woosmap.com/stores?key=woos-1a635f2d-aee1-3a1d-a21e-a8fe3ae1da21&stores_by_page=300&page=1; https://www.openstreetmap.org/node/9362897368; https://www.openstreetmap.org/node/13051000629; https://www.openstreetmap.org/way/172556015,2026-07-11T20:29:07+00:00
DEC-01264,Decathlon,ul. Błonie 2,Tarnów,Lesser Poland Voivodeship,33-100,Poland,PL,50.0360580,21.0056100,+48 14 687 22 00,https://www.decathlon.pl/store-view/sport-shop-tarnow-0070153101531,Mo-Sa 09:00-21:00,AllThePlaces / localisateur officiel; OpenStreetMap,0070153101531;node/4749862599,https://api.woosmap.com/stores?key=woos-1a635f2d-aee1-3a1d-a21e-a8fe3ae1da21&stores_by_page=300&page=1; https://www.openstreetmap.org/node/4749862599,2026-07-11T20:29:07+00:00
DEC-01265,Decathlon,ul. Żółkiewskiego 15,Toruń,Kujawsko-Pomorskie,87-100,Poland,PL,53.0237570,18.6401860,+48 56 696 72 00,https://www.decathlon.pl/store-view/sport-shop-torun-0070093700937,Mo-Sa 09:00-21:00,AllThePlaces / localisateur officiel; OpenStreetMap,0070093700937;way/1368365811,https://api.woosmap.com/stores?key=woos-1a635f2d-aee1-3a1d-a21e-a8fe3ae1da21&stores_by_page=300&page=1; https://www.openstreetmap.org/way/1368365811,2026-07-11T20:29:07+00:00
DEC-01266,Decathlon,Ustowo 48,Ustowo,West Pomeranian Voivodeship,72-001,Poland,PL,53.3887000,14.5044000,+48 91 383 95 11,https://www.decathlon.pl/store-view/sport-shop-szczecin-ustowo-0070080200802,Mo-Fr 10:00-21:00; Sa 09:00-21:00,AllThePlaces / localisateur officiel; OpenStreetMap,0070080200802;way/332320021,https://api.woosmap.com/stores?key=woos-1a635f2d-aee1-3a1d-a21e-a8fe3ae1da21&stores_by_page=300&page=1; https://www.openstreetmap.org/way/332320021,2026-07-11T20:29:07+00:00
DEC-01267,Decathlon,"CH Arkadia, al. Jana Pawła II 82",WARSAW,Masovian Voivodeship,00-175,Poland,PL,52.2564559,20.9842252,+48 22 182 25 00,https://www.decathlon.pl/store-view/sport-shop-warszawa-arkadia-0070329203292,Mo-Sa 10:00-22:00,AllThePlaces / localisateur officiel; OpenStreetMap,0070329203292;node/3999025893,https://api.woosmap.com/stores?key=woos-1a635f2d-aee1-3a1d-a21e-a8fe3ae1da21&stores_by_page=300&page=1; https://www.openstreetmap.org/node/3999025893,2026-07-11T20:29:07+00:00
DEC-01268,Decathlon,ul. Przyczółkowa 219,Warszawa,Masovian Voivodeship,02-968,Poland,PL,52.1479469,21.0911612,+48 22 182 34 30,https://www.decathlon.pl/store-view/sport-shop-warszawa-wilanow-0070195101951,Mo-Sa 10:00-21:00,AllThePlaces / localisateur officiel; OpenStreetMap,0070195101951;node/8268284112,https://api.woosmap.com/stores?key=woos-1a635f2d-aee1-3a1d-a21e-a8fe3ae1da21&stores_by_page=300&page=1; https://www.openstreetmap.org/node/8268284112,2026-07-11T20:29:07+00:00
DEC-01269,Decathlon,al. Krakowska 81,Warszawa,Masovian Voivodeship,02-180,Poland,PL,52.1745052,20.9393565,+48 22 182 49 15,https://www.decathlon.pl/store-view/sport-shop-warszawa-okecie-0070057100571,Mo-Sa 10:00-21:00,AllThePlaces / localisateur officiel; OpenStreetMap,0070057100571;way/101851073;node/5666509369;node/8923595999;way/1117412285,https://api.woosmap.com/stores?key=woos-1a635f2d-aee1-3a1d-a21e-a8fe3ae1da21&stores_by_page=300&page=1; https://www.openstreetmap.org/way/101851073; https://www.openstreetmap.org/node/5666509369; https://www.openstreetmap.org/node/8923595999; https://www.openstreetmap.org/way/1117412285,2026-07-11T20:29:07+00:00
DEC-01270,Decathlon,ul. Mszczonowska 2,Warszawa,Masovian Voivodeship,02-337,Poland,PL,52.2120395,20.9492272,+48 22 182 26 70,https://www.decathlon.pl/store-view/sport-shop-warszawa-reduta-0070033900339,Mo-Sa 10:00-21:00,AllThePlaces / localisateur officiel; OpenStreetMap,0070033900339;relation/2908770,https://api.woosmap.com/stores?key=woos-1a635f2d-aee1-3a1d-a21e-a8fe3ae1da21&stores_by_page=300&page=1; https://www.openstreetmap.org/relation/2908770,2026-07-11T20:29:07+00:00
DEC-01271,Decathlon,ul. Polna 11 ( Metro Politechnika ),Warszawa,Masovian Voivodeship,00-633,Poland,PL,52.2178252,21.0143822,+48 22 182 44 85,https://www.decathlon.pl/store-view/sport-shop-warszawa-city-polna-0070316903169,Mo-Sa 11:00-20:00,AllThePlaces / localisateur officiel; OpenStreetMap,0070316903169;node/11202478930,https://api.woosmap.com/stores?key=woos-1a635f2d-aee1-3a1d-a21e-a8fe3ae1da21&stores_by_page=300&page=1; https://www.openstreetmap.org/node/11202478930,2026-07-11T20:29:07+00:00
DEC-01272,Decathlon,ul. Ostrobramska 97,Warszawa,Masovian Voivodeship,04-118,Poland,PL,52.2344651,21.0938957,+48 22 182 34 20,https://www.decathlon.pl/store-view/sport-shop-warszawa-ostrobramska-0070188901889,Mo-Sa 09:00-21:00,AllThePlaces / localisateur officiel; OpenStreetMap,0070188901889;node/6540218799;node/8629890796;node/9947805003;way/586668527;way/720715850,https://api.woosmap.com/stores?key=woos-1a635f2d-aee1-3a1d-a21e-a8fe3ae1da21&stores_by_page=300&page=1; https://www.openstreetmap.org/node/6540218799; https://www.openstreetmap.org/node/8629890796; https://www.openstreetmap.org/node/9947805003; https://www.openstreetmap.org/way/586668527; https://www.openstreetmap.org/way/720715850,2026-07-11T20:29:07+00:00
DEC-01273,Decathlon,ul. Geodezyjna 76,Warszawa,Masovian Voivodeship,03-290,Poland,PL,52.3102511,21.0797985,+48 22 333 70 00,https://www.decathlon.pl/store-view/sport-shop-warszawa-targowek-0070027200272,Mo-Sa 09:00-22:00,AllThePlaces / localisateur officiel; OpenStreetMap,0070027200272;way/253064025,https://api.woosmap.com/stores?key=woos-1a635f2d-aee1-3a1d-a21e-a8fe3ae1da21&stores_by_page=300&page=1; https://www.openstreetmap.org/way/253064025,2026-07-11T20:29:07+00:00
DEC-01274,Decathlon,ul. Legnicka 58,Wrocław,Lower Silesian Voivodeship,54-204,Poland,PL,51.1187754,16.9886836,+48 71 738 45 50,https://www.decathlon.pl/store-view/sport-shop-wroclaw-magnolia-0070087200872,Mo-Sa 09:00-21:00,AllThePlaces / localisateur officiel; OpenStreetMap,0070087200872;node/10602189320;way/295410566,https://api.woosmap.com/stores?key=woos-1a635f2d-aee1-3a1d-a21e-a8fe3ae1da21&stores_by_page=300&page=1; https://www.openstreetmap.org/node/10602189320; https://www.openstreetmap.org/way/295410566,2026-07-11T20:29:07+00:00
DEC-01275,Decathlon,ul. Bolesława Krzywoustego 126,Wrocław,Lower Silesian Voivodeship,51-421,Poland,PL,51.1418441,17.0874233,+48 71 711 89 00,https://www.decathlon.pl/store-view/sport-shop-wroclaw-korona-0070066300663,Mo-Sa 09:00-21:00,AllThePlaces / localisateur officiel; OpenStreetMap,0070066300663;node/1775193816,https://api.woosmap.com/stores?key=woos-1a635f2d-aee1-3a1d-a21e-a8fe3ae1da21&stores_by_page=300&page=1; https://www.openstreetmap.org/node/1775193816,2026-07-11T20:29:07+00:00
DEC-01276,Decathlon,"Krupówki, 14A",Zakopane,Lesser Poland Voivodeship,34-500,Poland,PL,49.2950071,19.9512762,+48 18 534 55 50,https://www.decathlon.pl/store-view/sport-shop-zakopane-0070332703327,Mo-Sa 09:00-20:00,AllThePlaces / localisateur officiel; OpenStreetMap,0070332703327;node/13002075648,https://api.woosmap.com/stores?key=woos-1a635f2d-aee1-3a1d-a21e-a8fe3ae1da21&stores_by_page=300&page=1; https://www.openstreetmap.org/node/13002075648,2026-07-11T20:29:07+00:00
DEC-01277,Decathlon,al. Wojska Polskiego 19,Zielona Góra,Lubusz,65-077,Poland,PL,51.9408410,15.4948760,+48 68 413 35 00,https://www.decathlon.pl/store-view/sport-shop-zielona-gora-0070189901899,Mo-Sa 09:00-21:00,AllThePlaces / localisateur officiel; OpenStreetMap,0070189901899;node/5259020088,https://api.woosmap.com/stores?key=woos-1a635f2d-aee1-3a1d-a21e-a8fe3ae1da21&stores_by_page=300&page=1; https://www.openstreetmap.org/node/5259020088,2026-07-11T20:29:07+00:00
DEC-01278,Decathlon,ul. Jeleniogórska 40,Łagów,Lower Silesian Voivodeship,59-900,Poland,PL,51.1575274,15.0336635,+48 75 640 34 10,https://www.decathlon.pl/store-view/sport-shop-zgorzelec-0070254602546,Mo-Sa 10:00-20:00,AllThePlaces / localisateur officiel; OpenStreetMap,0070254602546;node/9533027633,https://api.woosmap.com/stores?key=woos-1a635f2d-aee1-3a1d-a21e-a8fe3ae1da21&stores_by_page=300&page=1; https://www.openstreetmap.org/node/9533027633,2026-07-11T20:29:07+00:00
DEC-01279,Decathlon,al. Ofiar Terroryzmu 11 Września 14,Łódź,Lodz Voivodeship,92-410,Poland,PL,51.7292311,19.5465903,+48 800 808 007,https://www.decathlon.pl/store-view/sport-shop-lodz-magazyn-punkt-odbioru-0070271902719,Mo-Sa 08:00-21:30,AllThePlaces / localisateur officiel,0070271902719,https://api.woosmap.com/stores?key=woos-1a635f2d-aee1-3a1d-a21e-a8fe3ae1da21&stores_by_page=300&page=1,2026-07-11T20:29:07+00:00
DEC-01280,Decathlon,al. Jana Pawła II 30,Łódź,Lodz Voivodeship,93-570,Poland,PL,51.7478452,19.4393332,+48 42 298 65 75,https://www.decathlon.pl/store-view/sport-shop-lodz-pasaz-lodzki-0070064200642,Mo-Sa 09:00-21:00,AllThePlaces / localisateur officiel; OpenStreetMap,0070064200642;node/6092751894;way/126796072,https://api.woosmap.com/stores?key=woos-1a635f2d-aee1-3a1d-a21e-a8fe3ae1da21&stores_by_page=300&page=1; https://www.openstreetmap.org/node/6092751894; https://www.openstreetmap.org/way/126796072,2026-07-11T20:29:07+00:00
DEC-01281,Decathlon,ul. Ogrodowa 19a,Łódź,Lodz Voivodeship,91-065,Poland,PL,51.7792847,19.4487781,+48 42 298 65 60,https://www.decathlon.pl/store-view/sport-shop-lodz-manufaktura-0070190101901,Mo-Sa 10:00-22:00,AllThePlaces / localisateur officiel; OpenStreetMap,0070190101901;node/5752715790,https://api.woosmap.com/stores?key=woos-1a635f2d-aee1-3a1d-a21e-a8fe3ae1da21&stores_by_page=300&page=1; https://www.openstreetmap.org/node/5752715790,2026-07-11T20:29:07+00:00
DEC-01282,Decathlon,ul. Francuska 2,Żory,Silesian Voivodeship,44-240,Poland,PL,50.0352394,18.7046363,+48 32 450 35 13,https://www.decathlon.pl/store-view/sport-shop-zory-0070056600566,Mo-Fr 10:00-21:00; Sa 09:00-21:00,AllThePlaces / localisateur officiel; OpenStreetMap,0070056600566;way/178174617,https://api.woosmap.com/stores?key=woos-1a635f2d-aee1-3a1d-a21e-a8fe3ae1da21&stores_by_page=300&page=1; https://www.openstreetmap.org/way/178174617,2026-07-11T20:29:07+00:00
DEC-01283,Decathlon,Via de Cintura Interna 5 Q.ta da Bairrada,ALCOBACA,Leiria,2460-001,Portugal,PT,39.5456033,-8.9682699,+351 262 503 118,https://www.decathlon.pt/store-view/loja-de-desporto-alcobaca-express-0070117401174,Mo-Su 09:00-20:00,AllThePlaces / localisateur officiel; OpenStreetMap,0070117401174;way/495710235,https://api.woosmap.com/stores?key=woos-c224dd3f-84cf-336c-a5f8-ef7272389ae3&stores_by_page=300&page=1; https://www.openstreetmap.org/way/495710235,2026-07-11T20:29:07+00:00
DEC-01284,Decathlon,Lugar da Tavagueira Parcela 1,Albufeira,Faro,8200-425,Portugal,PT,37.1282081,-8.2833671,+351 289 373 270,https://www.decathlon.pt/store-view/loja-de-desporto-albufeira-0070285302853,Mo-Su 10:00-22:00,AllThePlaces / localisateur officiel; OpenStreetMap,0070285302853;way/1214645310,https://api.woosmap.com/stores?key=woos-c224dd3f-84cf-336c-a5f8-ef7272389ae3&stores_by_page=300&page=1; https://www.openstreetmap.org/way/1214645310,2026-07-11T20:29:07+00:00
DEC-01285,Decathlon,"Av. Brigadeiro Vitor Novais, Gonçalves 164",Alcabideche,Lisbon,2645-019,Portugal,PT,38.7288286,-9.4172274,+351 21 469 9600,https://www.decathlon.pt/store-view/loja-de-desporto-cascais-0070058200582,Mo-Su 09:00-22:00,AllThePlaces / localisateur officiel; OpenStreetMap,0070058200582;way/556088597,https://api.woosmap.com/stores?key=woos-c224dd3f-84cf-336c-a5f8-ef7272389ae3&stores_by_page=300&page=1; https://www.openstreetmap.org/way/556088597,2026-07-11T20:29:07+00:00
DEC-01286,Decathlon,Quinta dos Espadeiros,Almada,Setubal,2810-434,Portugal,PT,38.6575898,-9.1724706,+351 21 250 8730,https://www.decathlon.pt/store-view/loja-de-desporto-almada-0070039800398,Mo-Su 09:00-22:00,AllThePlaces / localisateur officiel; OpenStreetMap,0070039800398;way/35372849,https://api.woosmap.com/stores?key=woos-c224dd3f-84cf-336c-a5f8-ef7272389ae3&stores_by_page=300&page=1; https://www.openstreetmap.org/way/35372849,2026-07-11T20:29:07+00:00
DEC-01287,Decathlon,"Estrada do Monte da Cabreira, Nº1 e Nº1 A",Amadora,Lisbon,2610-017,Portugal,PT,38.7270181,-9.2113231,+351 21 470 6700,https://www.decathlon.pt/store-view/loja-de-desporto-amadora-alfragide--0070027800278,Mo-Su 09:00-22:00,AllThePlaces / localisateur officiel; OpenStreetMap,0070027800278;way/159926347,https://api.woosmap.com/stores?key=woos-c224dd3f-84cf-336c-a5f8-ef7272389ae3&stores_by_page=300&page=1; https://www.openstreetmap.org/way/159926347,2026-07-11T20:29:07+00:00
DEC-01288,Decathlon,"Rua Mário Duarte Filho, nº16",Aveiro,Aveiro,3800-055,Portugal,PT,40.6461686,-8.5994245,+351 234 305 360,https://www.decathlon.pt/store-view/loja-de-desporto-aveiro-0070035600356,Mo-Su 09:00-21:00,AllThePlaces / localisateur officiel; OpenStreetMap,0070035600356;way/152220037;way/239199886,https://api.woosmap.com/stores?key=woos-c224dd3f-84cf-336c-a5f8-ef7272389ae3&stores_by_page=300&page=1; https://www.openstreetmap.org/way/152220037; https://www.openstreetmap.org/way/239199886,2026-07-11T20:29:07+00:00
DEC-01289,Decathlon,"Av. Dom Eurico Dias Nogueira, Dume",Braga,Braga,4700-441,Portugal,PT,41.5703156,-8.4283488,+351 253 602 060,https://www.decathlon.pt/store-view/loja-de-desporto-braga-0070054300543,Mo-Su 09:00-21:00,AllThePlaces / localisateur officiel; OpenStreetMap,0070054300543;way/134039372;way/149905460,https://api.woosmap.com/stores?key=woos-c224dd3f-84cf-336c-a5f8-ef7272389ae3&stores_by_page=300&page=1; https://www.openstreetmap.org/way/134039372; https://www.openstreetmap.org/way/149905460,2026-07-11T20:29:07+00:00
DEC-01290,Decathlon,Rua Cunha e Castro n14,Castelo Branco,Castelo Branco,6000-060,Portugal,PT,39.8049300,-7.5114942,+351 272 340 000,https://www.decathlon.pt/store-view/loja-de-desporto-castelo-branco-0070058400584,Mo-Su 09:00-21:00,AllThePlaces / localisateur officiel; OpenStreetMap,0070058400584;way/551180473,https://api.woosmap.com/stores?key=woos-c224dd3f-84cf-336c-a5f8-ef7272389ae3&stores_by_page=300&page=1; https://www.openstreetmap.org/way/551180473,2026-07-11T20:29:07+00:00
DEC-01291,Decathlon,"Retail Park, Rotunda Raio X, Fração L6",Chaves,Vila Real,5400-011,Portugal,PT,41.7327145,-7.4673574,+351 964 968 523,https://www.decathlon.pt/store-view/loja-de-desporto-chaves-0070284702847,Mo-Su 09:30-20:00,AllThePlaces / localisateur officiel; OpenStreetMap,0070284702847;way/1126503719,https://api.woosmap.com/stores?key=woos-c224dd3f-84cf-336c-a5f8-ef7272389ae3&stores_by_page=300&page=1; https://www.openstreetmap.org/way/1126503719,2026-07-11T20:29:07+00:00
DEC-01292,Decathlon,Av. Jose Bonifácio de Andrade e Silva 1,Coimbra,Coimbra,3040-389,Portugal,PT,40.2097990,-8.4432760,+351 239 246 080,https://www.decathlon.pt/store-view/loja-de-desporto-coimbra-0070156301563,Mo-Su 09:00-22:00,AllThePlaces / localisateur officiel; OpenStreetMap,0070156301563;way/842657349,https://api.woosmap.com/stores?key=woos-c224dd3f-84cf-336c-a5f8-ef7272389ae3&stores_by_page=300&page=1; https://www.openstreetmap.org/way/842657349,2026-07-11T20:29:07+00:00
DEC-01293,Decathlon,"Barreiro Retail Planet, Estrada Nacional 10, Km 18.5",Coina,Setubal,2830-411,Portugal,PT,38.5823988,-9.0440490,+351 21 210 8250,https://www.decathlon.pt/store-view/loja-de-desporto-barreiro-0070062900629,Mo-Th 09:00-22:00; Fr-Sa 09:00-23:00; Su 09:00-22:00,AllThePlaces / localisateur officiel; OpenStreetMap,0070062900629;way/1120478485,https://api.woosmap.com/stores?key=woos-c224dd3f-84cf-336c-a5f8-ef7272389ae3&stores_by_page=300&page=1; https://www.openstreetmap.org/way/1120478485,2026-07-11T20:29:07+00:00
DEC-01294,Decathlon,Caminho Municipal 1040 n.90,EVORA,Evora,7005-797,Portugal,PT,38.5549315,-7.9043959,+351 266 247 195,https://www.decathlon.pt/store-view/loja-de-desporto-evora-0070118701187,Mo-Su 09:00-21:00,AllThePlaces / localisateur officiel; OpenStreetMap,0070118701187;way/622703069,https://api.woosmap.com/stores?key=woos-c224dd3f-84cf-336c-a5f8-ef7272389ae3&stores_by_page=300&page=1; https://www.openstreetmap.org/way/622703069,2026-07-11T20:29:07+00:00
DEC-01295,Decathlon,"Rua Eng. Nuno, Abecassis, nº2",Faro,Faro,8005-548,Portugal,PT,37.0282000,-7.9427000,+351 289 892 050,https://www.decathlon.pt/store-view/loja-de-desporto-faro-0070073000730,Mo-Su 09:00-22:00,AllThePlaces / localisateur officiel; OpenStreetMap,0070073000730;way/993809312,https://api.woosmap.com/stores?key=woos-c224dd3f-84cf-336c-a5f8-ef7272389ae3&stores_by_page=300&page=1; https://www.openstreetmap.org/way/993809312,2026-07-11T20:29:07+00:00
DEC-01296,Decathlon,"Rua dos Ferreiros, 70",Funchal,Madeira,9000-082,Portugal,PT,32.6494138,-16.9078408,+351 927 591 168,https://www.decathlon.pt/store-view/loja-de-desporto-funchal-connect-0070285202852,Mo-Fr 09:30-19:30; Sa 10:00-18:30,AllThePlaces / localisateur officiel; OpenStreetMap,0070285202852;node/10934040753,https://api.woosmap.com/stores?key=woos-c224dd3f-84cf-336c-a5f8-ef7272389ae3&stores_by_page=300&page=1; https://www.openstreetmap.org/node/10934040753,2026-07-11T20:29:07+00:00
DEC-01297,Decathlon,"Azinhaga do Poço do Barral, nº 14, Freguesia S. Martinho",Funchal,Madeira,9000-638,Portugal,PT,32.6536172,-16.9430468,+351 291 143 852,https://www.decathlon.pt/store-view/loja-de-desporto-funchal-0070202302023,Mo-Su 09:00-21:00,AllThePlaces / localisateur officiel; OpenStreetMap,0070202302023;node/12455739708;way/521382557,https://api.woosmap.com/stores?key=woos-c224dd3f-84cf-336c-a5f8-ef7272389ae3&stores_by_page=300&page=1; https://www.openstreetmap.org/node/12455739708; https://www.openstreetmap.org/way/521382557,2026-07-11T20:29:07+00:00
DEC-01298,Decathlon,"IN Retail Park, Loja 1, Quinta da Várzea",Guarda,Guarda,6300-653,Portugal,PT,40.5371596,-7.2412011,+351 271 232 040,https://www.decathlon.pt/store-view/loja-de-desporto-guarda-express-0070053500535,Mo-Su 09:00-21:00,AllThePlaces / localisateur officiel; OpenStreetMap,0070053500535;relation/6542644,https://api.woosmap.com/stores?key=woos-c224dd3f-84cf-336c-a5f8-ef7272389ae3&stores_by_page=300&page=1; https://www.openstreetmap.org/relation/6542644,2026-07-11T20:29:07+00:00
DEC-01299,Decathlon,Rua Capitão Salgueiro Maia,Guimarães,Braga,4835-604,Portugal,PT,41.4390233,-8.3360738,+351 253 424 410,https://www.decathlon.pt/store-view/loja-de-desporto-guimaraes-0070059900599,Mo-Su 09:00-21:00,AllThePlaces / localisateur officiel; OpenStreetMap,0070059900599;way/183323830,https://api.woosmap.com/stores?key=woos-c224dd3f-84cf-336c-a5f8-ef7272389ae3&stores_by_page=300&page=1; https://www.openstreetmap.org/way/183323830,2026-07-11T20:29:07+00:00
DEC-01300,Decathlon,"Rua Outeiro do Pomar, Mata nacional de Pinheiros, Marrazes",Leiria,Leiria,2415-695,Portugal,PT,39.7662998,-8.7803045,+351 244 810 900,https://www.decathlon.pt/store-view/loja-de-desporto-leiria-0070073100731,Mo-Su 09:00-21:00,AllThePlaces / localisateur officiel; OpenStreetMap,0070073100731;way/269464177,https://api.woosmap.com/stores?key=woos-c224dd3f-84cf-336c-a5f8-ef7272389ae3&stores_by_page=300&page=1; https://www.openstreetmap.org/way/269464177,2026-07-11T20:29:07+00:00
DEC-01301,Decathlon,"Av. Antonio Augusto Aguiar, N 29H",Lisboa,Lisbon,1050-251,Portugal,PT,38.7322000,-9.1525000,+351 21 370 0140,https://www.decathlon.pt/store-view/loja-de-desporto-lisboa-centro-0070114401144,Mo-Sa 09:30-22:00; Su 09:30-21:00,AllThePlaces / localisateur officiel; OpenStreetMap,0070114401144;node/5323082853,https://api.woosmap.com/stores?key=woos-c224dd3f-84cf-336c-a5f8-ef7272389ae3&stores_by_page=300&page=1; https://www.openstreetmap.org/node/5323082853,2026-07-11T20:29:07+00:00
DEC-01302,Decathlon,"Avenida Marechal Gomes da Costa, n° 7",Lisboa,Lisbon,1800-254,Portugal,PT,38.7556492,-9.1042066,+351 21 052 9170,https://www.decathlon.pt/store-view/loja-de-desporto-lisboa-oriente-0070208502085,Mo-Sa 09:30-22:00; Su 09:30-21:00,AllThePlaces / localisateur officiel; OpenStreetMap,0070208502085;relation/3257784,https://api.woosmap.com/stores?key=woos-c224dd3f-84cf-336c-a5f8-ef7272389ae3&stores_by_page=300&page=1; https://www.openstreetmap.org/relation/3257784,2026-07-11T20:29:07+00:00
DEC-01303,Decathlon,"Centro Comercial, Continente de Loures II",Loures,Lisbon,2670-339,Portugal,PT,38.8176622,-9.1752624,+351 21 012 6060,https://www.decathlon.pt/store-view/loja-de-desporto-loures-0070033300333,Mo-Su 09:00-22:00,AllThePlaces / localisateur officiel; OpenStreetMap,0070033300333;node/3455408437,https://api.woosmap.com/stores?key=woos-c224dd3f-84cf-336c-a5f8-ef7272389ae3&stores_by_page=300&page=1; https://www.openstreetmap.org/node/3455408437,2026-07-11T20:29:07+00:00
DEC-01304,Decathlon,Rua do Sameiro 67,MILHUNDOS,Porto,4560-232,Portugal,PT,41.2109498,-8.2712093,+351 255 249 345,https://www.decathlon.pt/store-view/loja-de-desporto-penafiel-express-0070148701487,Mo-Sa 09:00-21:00; Su 09:00-20:00,AllThePlaces / localisateur officiel; OpenStreetMap,0070148701487;way/443583210,https://api.woosmap.com/stores?key=woos-c224dd3f-84cf-336c-a5f8-ef7272389ae3&stores_by_page=300&page=1; https://www.openstreetmap.org/way/443583210,2026-07-11T20:29:07+00:00
DEC-01305,Decathlon,Rua Central de Mandim,Maia,Porto,4475-023,Portugal,PT,41.2540193,-8.6174522,+351 22 986 5040,https://www.decathlon.pt/store-view/loja-de-desporto-maia-0070044700447,Mo-Su 09:30-21:00,AllThePlaces / localisateur officiel; OpenStreetMap,0070044700447;way/469426190,https://api.woosmap.com/stores?key=woos-c224dd3f-84cf-336c-a5f8-ef7272389ae3&stores_by_page=300&page=1; https://www.openstreetmap.org/way/469426190,2026-07-11T20:29:07+00:00
DEC-01306,Decathlon,"Av. Arqº Fernando Távora, n.º 1343",Matosinhos,Porto,4450-820,Portugal,PT,41.2158719,-8.6848412,+351 22 998 2920,https://www.decathlon.pt/store-view/loja-de-desporto-matosinhos-0070059800598,Mo-Su 09:30-22:00,AllThePlaces / localisateur officiel; OpenStreetMap,0070059800598;way/138463864;node/10229396847;node/10269317541,https://api.woosmap.com/stores?key=woos-c224dd3f-84cf-336c-a5f8-ef7272389ae3&stores_by_page=300&page=1; https://www.openstreetmap.org/way/138463864; https://www.openstreetmap.org/node/10229396847; https://www.openstreetmap.org/node/10269317541,2026-07-11T20:29:07+00:00
DEC-01307,Decathlon,"Bogaris Retail, Alto das Vinhas Grandes",Montijo,Setubal,2870-449,Portugal,PT,38.7024311,-8.9472290,+351 21 230 6910,https://www.decathlon.pt/store-view/loja-de-desporto-montijo-0070034300343,Mo-Sa 09:00-22:00; Su 09:00-21:00,AllThePlaces / localisateur officiel; OpenStreetMap,0070034300343;way/166369636,https://api.woosmap.com/stores?key=woos-c224dd3f-84cf-336c-a5f8-ef7272389ae3&stores_by_page=300&page=1; https://www.openstreetmap.org/way/166369636,2026-07-11T20:29:07+00:00
DEC-01308,Decathlon,Centro Comercial Vida Ovar - 1 Avenida Dom Manuel I,Ovar,Aveiro,3880-109,Portugal,PT,40.8755196,-8.6341488,+351 967 245 035,https://www.decathlon.pt/store-view/loja-de-desporto-ovar-connect-0070284802848,Mo-Su 10:00-22:00,AllThePlaces / localisateur officiel; OpenStreetMap,0070284802848;way/500436735,https://api.woosmap.com/stores?key=woos-c224dd3f-84cf-336c-a5f8-ef7272389ae3&stores_by_page=300&page=1; https://www.openstreetmap.org/way/500436735,2026-07-11T20:29:07+00:00
DEC-01309,Decathlon,Rua Dr. José Estrela Rego N.º 2,Ponta Delgada,Azores,9500-782,Portugal,PT,37.7533951,-25.6721185,+351 296 650 970,https://www.decathlon.pt/store-view/loja-de-desporto-ponta-delgada-0070071000710,Mo-Su 09:00-21:00,AllThePlaces / localisateur officiel; OpenStreetMap,0070071000710;node/11948677090;way/180760012,https://api.woosmap.com/stores?key=woos-c224dd3f-84cf-336c-a5f8-ef7272389ae3&stores_by_page=300&page=1; https://www.openstreetmap.org/node/11948677090; https://www.openstreetmap.org/way/180760012,2026-07-11T20:29:07+00:00
DEC-01310,Decathlon,Rua Adega da Cooperativa Lt 1,Portimão,Faro,8500-420,Portugal,PT,37.1494974,-8.5504845,+351 282 490 240,https://www.decathlon.pt/store-view/loja-de-desporto-portimao-0070044900449,Mo-Su 09:00-22:00,AllThePlaces / localisateur officiel; OpenStreetMap,0070044900449;way/495746452,https://api.woosmap.com/stores?key=woos-c224dd3f-84cf-336c-a5f8-ef7272389ae3&stores_by_page=300&page=1; https://www.openstreetmap.org/way/495746452,2026-07-11T20:29:07+00:00
DEC-01311,Decathlon,350 Shopping Cidade do Porto,Porto,Porto,4150-365,Portugal,PT,41.1551292,-8.6300947,+351 966 965 201,https://www.decathlon.pt/store-view/loja-de-desporto-porto-boavista-0070284602846,Mo-Su 10:00-22:00,AllThePlaces / localisateur officiel; OpenStreetMap,0070284602846;relation/19425712,https://api.woosmap.com/stores?key=woos-c224dd3f-84cf-336c-a5f8-ef7272389ae3&stores_by_page=300&page=1; https://www.openstreetmap.org/relation/19425712,2026-07-11T20:29:07+00:00
DEC-01312,Decathlon,Rua Companhia Portuguesa de Cobre n.º 50,Porto,Porto,4350-217,Portugal,PT,41.1707588,-8.5699937,+351 22 976 3365,https://www.decathlon.pt/store-view/loja-de-desporto-fabrica-do-cobre-retail-park-0070285402854,Mo-Su 10:00-21:00,AllThePlaces / localisateur officiel; OpenStreetMap,0070285402854;node/11387982185,https://api.woosmap.com/stores?key=woos-c224dd3f-84cf-336c-a5f8-ef7272389ae3&stores_by_page=300&page=1; https://www.openstreetmap.org/node/11387982185,2026-07-11T20:29:07+00:00
DEC-01313,Decathlon,Av. Infante de Sagres 45,Quarteira,Faro,8125-156,Portugal,PT,37.0679949,-8.1048860,+351 924 313 740,https://www.decathlon.pt/store-view/loja-de-desporto-quarteira-connect-0070284502845,Mo-Su 09:00-20:00,AllThePlaces / localisateur officiel; OpenStreetMap,0070284502845;node/9181732568,https://api.woosmap.com/stores?key=woos-c224dd3f-84cf-336c-a5f8-ef7272389ae3&stores_by_page=300&page=1; https://www.openstreetmap.org/node/9181732568,2026-07-11T20:29:07+00:00
DEC-01314,Decathlon,EN 114 - Junto à Urbanização do Girão,Santarém,Santarem,2005,Portugal,PT,39.2591616,-8.7024535,+351 243 377 280,https://www.decathlon.pt/store-view/loja-de-desporto-santarem-0070058600586,Mo-Sa 09:30-21:00; Su 09:30-20:00,AllThePlaces / localisateur officiel; OpenStreetMap,0070058600586;way/154020315,https://api.woosmap.com/stores?key=woos-c224dd3f-84cf-336c-a5f8-ef7272389ae3&stores_by_page=300&page=1; https://www.openstreetmap.org/way/154020315,2026-07-11T20:29:07+00:00
DEC-01315,Decathlon Connect,6A Avenida 25 de Abril,Sesimbra,Setubal,2970-634,Portugal,PT,38.4421345,-9.0964604,+351 965 609 001,https://www.decathlon.pt/store-view/loja-de-desporto-sesimbra-connect-0070156101561,"Mo-Su 10:00-13:00,14:00-19:00",OpenStreetMap,node/9181749365,https://www.openstreetmap.org/node/9181749365,2026-07-11T20:29:07+00:00
DEC-01316,Decathlon,"Avenida José Saramago n.º 60, Freguesia de São Sebastião",Setúbal,Setubal,2910-729,Portugal,PT,38.5469960,-8.8617050,+351 265 730 610,https://www.decathlon.pt/store-view/loja-de-desporto-setubal-0070099700997,Mo-Su 09:00-21:00,AllThePlaces / localisateur officiel; OpenStreetMap,0070099700997;way/340286187,https://api.woosmap.com/stores?key=woos-c224dd3f-84cf-336c-a5f8-ef7272389ae3&stores_by_page=300&page=1; https://www.openstreetmap.org/way/340286187,2026-07-11T20:29:07+00:00
DEC-01317,Decathlon,R. da Republica da Coreia,Sintra,Lisbon,2710-116,Portugal,PT,38.7822751,-9.3559782,+351 21 922 6740,https://www.decathlon.pt/store-view/loja-de-desporto-sintra-0070044800448,Mo-Su 09:00-22:00,AllThePlaces / localisateur officiel; OpenStreetMap,0070044800448;way/264526366,https://api.woosmap.com/stores?key=woos-c224dd3f-84cf-336c-a5f8-ef7272389ae3&stores_by_page=300&page=1; https://www.openstreetmap.org/way/264526366,2026-07-11T20:29:07+00:00
DEC-01318,Decathlon,"Rua Manuel de Arriaga, 64",Torres Vedras,Lisbon,2560-686,Portugal,PT,39.1005396,-9.2428686,+351 261 336 190,https://www.decathlon.pt/store-view/loja-de-desporto-torres-vedras-0070058500585,Mo-Su 09:00-21:00,AllThePlaces / localisateur officiel; OpenStreetMap,0070058500585;node/12474429627;way/551180470,https://api.woosmap.com/stores?key=woos-c224dd3f-84cf-336c-a5f8-ef7272389ae3&stores_by_page=300&page=1; https://www.openstreetmap.org/node/12474429627; https://www.openstreetmap.org/way/551180470,2026-07-11T20:29:07+00:00
DEC-01319,Decathlon Connect,27B Alameda do Pinheiro Manso,Tróia,Setubal,7570-789,Portugal,PT,38.4918345,-8.9014340,+351 968 489 168,https://www.decathlon.pt/store-view/loja-de-desporto-troia-connect-0070285102851,Mo-Su 09:00-20:00,OpenStreetMap,node/11052013985,https://www.openstreetmap.org/node/11052013985,2026-07-11T20:29:07+00:00
DEC-01320,Decathlon,,Vialonga,Lisbon,,Portugal,PT,38.8854107,-9.0462447,,,,OpenStreetMap,way/248396936,https://www.openstreetmap.org/way/248396936,2026-07-11T20:29:07+00:00
DEC-01321,Decathlon,R. Manuel Sarmento Beires n.º 93,Vila Nova de Gaia,Porto,4400-194,Portugal,PT,41.1211190,-8.6194340,+351 22 374 8050,https://www.decathlon.pt/store-view/loja-de-desporto-vila-nova-de-gaia-0070114501145,Mo-Sa 09:00-22:00; Su 09:00-21:00,AllThePlaces / localisateur officiel; OpenStreetMap,0070114501145;node/10727540658;node/10727542949,https://api.woosmap.com/stores?key=woos-c224dd3f-84cf-336c-a5f8-ef7272389ae3&stores_by_page=300&page=1; https://www.openstreetmap.org/node/10727540658; https://www.openstreetmap.org/node/10727542949,2026-07-11T20:29:07+00:00
DEC-01322,Decathlon,"Rua do Boque 10, Vila Real",Vila Real,Vila Real,5000-046,Portugal,PT,41.3096680,-7.7237223,+351 259 325 255,https://www.decathlon.pt/store-view/loja-de-desporto-vila-real-express-0070113701137,Mo-Su 09:00-21:00,AllThePlaces / localisateur officiel; OpenStreetMap,0070113701137;way/180192015,https://api.woosmap.com/stores?key=woos-c224dd3f-84cf-336c-a5f8-ef7272389ae3&stores_by_page=300&page=1; https://www.openstreetmap.org/way/180192015,2026-07-11T20:29:07+00:00
DEC-01323,Decathlon,Quinta de Cabanões,Viseu,Viseu,3500-397,Portugal,PT,40.6290908,-7.9100383,+351 232 457 470,https://www.decathlon.pt/store-view/loja-de-desporto-viseu-0070071100711,Mo-Su 09:00-21:00,AllThePlaces / localisateur officiel; OpenStreetMap,0070071100711;way/551180472,https://api.woosmap.com/stores?key=woos-c224dd3f-84cf-336c-a5f8-ef7272389ae3&stores_by_page=300&page=1; https://www.openstreetmap.org/way/551180472,2026-07-11T20:29:07+00:00
DEC-01324,Decathlon,50 A Tudor Vladimirescu,Alba Iulia,Alba,510167,Romania,RO,46.0798529,23.5848006,+40 372 331 162,https://www.decathlon.ro/store-view/magazin-sport-alba-iulia-0070301003010,Mo-Su 10:00-21:00,AllThePlaces / localisateur officiel; OpenStreetMap,0070301003010;node/10739603790,https://api.woosmap.com/stores?key=woos-a11e8e0e-80e2-35e1-8316-ca1d015a4ed0&stores_by_page=300&page=1; https://www.openstreetmap.org/node/10739603790,2026-07-11T20:29:07+00:00
DEC-01325,Decathlon,,Arad,Arad,,Romania,RO,46.1925346,21.3174342,+40 372 568 420,https://www.decathlon.ro,Mo-Sa 10:00-22:00; Su 10:00-21:00,OpenStreetMap,node/11217825408,https://www.openstreetmap.org/node/11217825408,2026-07-11T20:29:07+00:00
DEC-01326,Decathlon,"ŞOS. BUCUREŞTI-PLOIEŞTI NR.83-85-87, SECTOR 1",BUCUREŞTI,Ilfov,013685,Romania,RO,44.5059630,26.0808460,+40 372 273 641,https://www.decathlon.ro/store-view/magazin-sport-bucuresti-baneasa-0070120001200,Mo-Su 09:00-22:00,AllThePlaces / localisateur officiel; OpenStreetMap,0070120001200;node/4405318489,https://api.woosmap.com/stores?key=woos-a11e8e0e-80e2-35e1-8316-ca1d015a4ed0&stores_by_page=300&page=1; https://www.openstreetmap.org/node/4405318489,2026-07-11T20:29:07+00:00
DEC-01327,Decathlon,"Calea Republicii, nr. 181, Complex Comercial Hello Shopping Park",Bacau,Bacau,600303,Romania,RO,46.5110360,26.9283090,+40 372 249 224,https://www.decathlon.ro/store-view/magazin-sport-bacau-0070118101181,Mo-Su 09:00-21:00,AllThePlaces / localisateur officiel; OpenStreetMap,0070118101181;node/9983292791,https://api.woosmap.com/stores?key=woos-a11e8e0e-80e2-35e1-8316-ca1d015a4ed0&stores_by_page=300&page=1; https://www.openstreetmap.org/node/9983292791,2026-07-11T20:29:07+00:00
DEC-01328,Decathlon,"Calea Moldovei, Nr.13A",Bistrita,Bistrita-Nasaud,420096,Romania,RO,47.1442747,24.5101501,+40 377 702 725,https://www.decathlon.ro/store-view/magazin-sport-bistrita-0070230502305,Mo-Su 09:00-21:00,AllThePlaces / localisateur officiel; OpenStreetMap,0070230502305;node/5659315957,https://api.woosmap.com/stores?key=woos-a11e8e0e-80e2-35e1-8316-ca1d015a4ed0&stores_by_page=300&page=1; https://www.openstreetmap.org/node/5659315957,2026-07-11T20:29:07+00:00
DEC-01329,Decathlon,Blvd. Mihai Eminescu 2.,Botosani,Botosani,710067,Romania,RO,47.7506200,26.6437190,+40 331 880 003,https://www.decathlon.ro/store-view/magazin-sport-botosani-0070158001580,Mo-Su 09:00-21:00,AllThePlaces / localisateur officiel; OpenStreetMap,0070158001580;node/7441990973,https://api.woosmap.com/stores?key=woos-a11e8e0e-80e2-35e1-8316-ca1d015a4ed0&stores_by_page=300&page=1; https://www.openstreetmap.org/node/7441990973,2026-07-11T20:29:07+00:00
DEC-01330,Decathlon,Strada Principală 4b,Braila,Braila,817027,Romania,RO,45.2315086,27.9391741,+40 372 280 835,https://www.decathlon.ro/store-view/magazin-sport-braila-0070230302303,Mo-Su 10:00-22:00,AllThePlaces / localisateur officiel; OpenStreetMap,0070230302303;node/2203418508,https://api.woosmap.com/stores?key=woos-a11e8e0e-80e2-35e1-8316-ca1d015a4ed0&stores_by_page=300&page=1; https://www.openstreetmap.org/node/2203418508,2026-07-11T20:29:07+00:00
DEC-01331,Decathlon,Zaharia Stancu Nr. 2A,Braşov,Brasov,500167,Romania,RO,45.6707612,25.6135633,+40 268 337 500,https://www.decathlon.ro/store-view/magazin-sport-brasov-0070061500615,Mo-Su 09:00-21:00,AllThePlaces / localisateur officiel; OpenStreetMap,0070061500615;way/1289263087;node/11955104934,https://api.woosmap.com/stores?key=woos-a11e8e0e-80e2-35e1-8316-ca1d015a4ed0&stores_by_page=300&page=1; https://www.openstreetmap.org/way/1289263087; https://www.openstreetmap.org/node/11955104934,2026-07-11T20:29:07+00:00
DEC-01332,Decathlon,"Strada Sinaia 53, Ștefăneștii de Jos 077175",Bucharest,Ilfov,077175,Romania,RO,44.5275576,26.1854479,+40 21 208 4199,https://www.decathlon.ro/store-view/magazin-sport-service-center-bucharest-0070269002690,Mo-Su 08:00-17:00,AllThePlaces / localisateur officiel,0070269002690;0070231002310,https://api.woosmap.com/stores?key=woos-a11e8e0e-80e2-35e1-8316-ca1d015a4ed0&stores_by_page=300&page=1,2026-07-11T20:29:07+00:00
DEC-01333,Decathlon,"Grand Arena, B-dul Metalurgiei nr. 12-18, Sector 4",Bucuresti,Ilfov,041833,Romania,RO,44.3751581,26.1181357,+40 21 380 7613,https://www.decathlon.ro/store-view/magazin-sport-bucuresti-berceni-0070061300613,Mo-Fr 09:30-22:00; Sa 09:00-22:00; Su 09:00-21:00,AllThePlaces / localisateur officiel; OpenStreetMap,0070061300613;node/1853921023,https://api.woosmap.com/stores?key=woos-a11e8e0e-80e2-35e1-8316-ca1d015a4ed0&stores_by_page=300&page=1; https://www.openstreetmap.org/node/1853921023,2026-07-11T20:29:07+00:00
DEC-01334,Decathlon,B-dul Theodor Pallady nr. 51 G,Bucureşti,Ilfov,032258,Romania,RO,44.4067590,26.2034200,+40 31 102 0650,https://www.decathlon.ro/store-view/magazin-sport-bucuresti-pallady-0070067000670,Mo-Fr 09:30-21:30; Sa 09:00-21:30; Su 09:00-21:00,AllThePlaces / localisateur officiel; OpenStreetMap,0070067000670;way/173566272,https://api.woosmap.com/stores?key=woos-a11e8e0e-80e2-35e1-8316-ca1d015a4ed0&stores_by_page=300&page=1; https://www.openstreetmap.org/way/173566272,2026-07-11T20:29:07+00:00
DEC-01335,Decathlon,"Militari Shopping, Bulevardul Iuliu Maniu nr. 546-560",Bucureşti,Ilfov,060032,Romania,RO,44.4374240,25.9824620,+40 21 408 5000,https://www.decathlon.ro/store-view/magazin-sport-bucuresti-militari-0070050000500,Mo-Fr 09:30-22:00; Sa 09:00-22:00; Su 09:00-21:00,AllThePlaces / localisateur officiel; OpenStreetMap,0070050000500;way/154185920,https://api.woosmap.com/stores?key=woos-a11e8e0e-80e2-35e1-8316-ca1d015a4ed0&stores_by_page=300&page=1; https://www.openstreetmap.org/way/154185920,2026-07-11T20:29:07+00:00
DEC-01336,Decathlon,"Strada Ziduri Mosi, Nr.23",Bucureşti,Bucuresti,021203,Romania,RO,44.4522311,26.1305837,+40 371 502 303,https://www.decathlon.ro/store-view/magazin-sport-bucuresti-obor-0070230002300,Mo-Fr 10:00-22:00; Sa-Su 09:00-22:00,AllThePlaces / localisateur officiel; OpenStreetMap,0070230002300;node/9431474656,https://api.woosmap.com/stores?key=woos-a11e8e0e-80e2-35e1-8316-ca1d015a4ed0&stores_by_page=300&page=1; https://www.openstreetmap.org/node/9431474656,2026-07-11T20:29:07+00:00
DEC-01337,Decathlon,"Bulevardul Unirii, 301 - 303, Buzău",Buzau,Buzau,120005,Romania,RO,45.1638289,26.8168785,+40 377 702 422,https://www.decathlon.ro/store-view/magazin-sport-buzau-0070201702017,Mo-Sa 09:00-21:00; Su 09:00-20:00,AllThePlaces / localisateur officiel; OpenStreetMap,0070201702017;node/7553281366,https://api.woosmap.com/stores?key=woos-a11e8e0e-80e2-35e1-8316-ca1d015a4ed0&stores_by_page=300&page=1; https://www.openstreetmap.org/node/7553281366,2026-07-11T20:29:07+00:00
DEC-01338,Decathlon,14 CALEA AUREL VLAICU,CALEA AUREL VLAICU NR.14,Arad,310141,Romania,RO,46.2000965,21.2940014,+40 372 568 420,https://www.decathlon.ro/store-view/magazin-sport-arad-0070268902689,Mo-Sa 10:00-22:00; Su 10:00-21:00,AllThePlaces / localisateur officiel,0070268902689,https://api.woosmap.com/stores?key=woos-a11e8e0e-80e2-35e1-8316-ca1d015a4ed0&stores_by_page=300&page=1,2026-07-11T20:29:07+00:00
DEC-01339,Decathlon,"CENTRUL COMERCIAL VIVO, COMUNA FLORESTI, STR. AVRAM IANCU NR. 492-500 407280 CLUJ",Cluj-Napoca,Cluj,407280,Romania,RO,46.7531300,23.5338950,+40 364 100 140,https://www.decathlon.ro/store-view/magazin-sport-cluj-0070066700667,Mo-Su 10:00-22:00,AllThePlaces / localisateur officiel; OpenStreetMap,0070066700667;node/1065963031;node/10826654422,https://api.woosmap.com/stores?key=woos-a11e8e0e-80e2-35e1-8316-ca1d015a4ed0&stores_by_page=300&page=1; https://www.openstreetmap.org/node/1065963031; https://www.openstreetmap.org/node/10826654422,2026-07-11T20:29:07+00:00
DEC-01340,Decathlon,"Bd. Tomis nr.391 A, Centrul Comercial TOM",Constanta,Constanta,900497,Romania,RO,44.2123400,28.6065000,+40 341 100 267,https://www.decathlon.ro/store-view/magazin-sport-constanta-0070075000750,Mo-Sa 09:00-21:30; Su 09:00-21:00,AllThePlaces / localisateur officiel; OpenStreetMap,0070075000750;way/233482630,https://api.woosmap.com/stores?key=woos-a11e8e0e-80e2-35e1-8316-ca1d015a4ed0&stores_by_page=300&page=1; https://www.openstreetmap.org/way/233482630,2026-07-11T20:29:07+00:00
DEC-01341,Decathlon,"Calea Bucuresti, Nr. 80, Centrul Comercial Electroputere Parc",Craiova,Dolj,200440,Romania,RO,44.3123580,23.8297050,+40 351 179 840,https://www.decathlon.ro/store-view/magazin-sport-craiova-0070074600746,Mo-Su 09:30-21:00,AllThePlaces / localisateur officiel; OpenStreetMap,0070074600746;way/925547732,https://api.woosmap.com/stores?key=woos-a11e8e0e-80e2-35e1-8316-ca1d015a4ed0&stores_by_page=300&page=1; https://www.openstreetmap.org/way/925547732,2026-07-11T20:29:07+00:00
DEC-01342,Decathlon,Calea Zarandului 87,Deva,Hunedoara,330182,Romania,RO,45.8615294,22.9274956,+40 371 472 840,https://www.decathlon.ro/store-view/magazin-sport-deva-0070230102301,Mo-Su 10:00-22:00,AllThePlaces / localisateur officiel; OpenStreetMap,0070230102301;node/6579711229,https://api.woosmap.com/stores?key=woos-a11e8e0e-80e2-35e1-8316-ca1d015a4ed0&stores_by_page=300&page=1; https://www.openstreetmap.org/node/6579711229,2026-07-11T20:29:07+00:00
DEC-01343,Decathlon,"Str. Calea Moldoveni, nr. 32, Complex Comercial Focsani Mall",Focsani,Vrancea,620172,Romania,RO,45.7041310,27.2073430,+40 377 702 421,https://www.decathlon.ro/store-view/magazin-sport-focsani-0070118301183,Mo-Su 09:00-21:00,AllThePlaces / localisateur officiel; OpenStreetMap,0070118301183;node/5215019996,https://api.woosmap.com/stores?key=woos-a11e8e0e-80e2-35e1-8316-ca1d015a4ed0&stores_by_page=300&page=1; https://www.openstreetmap.org/node/5215019996,2026-07-11T20:29:07+00:00
DEC-01344,Decathlon,"Era Shopping Park, Sos. Pacurari nr.121",Iasi,Iasi,700545,Romania,RO,47.1687060,27.5106020,+40 232 206 100,https://www.decathlon.ro/store-view/magazin-sport-iasi-0070063100631,Mo-Sa 09:00-21:30; Su 09:00-20:30,AllThePlaces / localisateur officiel; OpenStreetMap,0070063100631;way/213126899,https://api.woosmap.com/stores?key=woos-a11e8e0e-80e2-35e1-8316-ca1d015a4ed0&stores_by_page=300&page=1; https://www.openstreetmap.org/way/213126899,2026-07-11T20:29:07+00:00
DEC-01345,Decathlon,,Nazna,Mures,,Romania,RO,46.5113590,24.5111915,+40 372 705 605,https://www.decathlon.ro,Mo-Su 09:00-21:00,OpenStreetMap,node/3830154244,https://www.openstreetmap.org/node/3830154244,2026-07-11T20:29:07+00:00
DEC-01346,Decathlon,"Str. Ogorului 171, jud. Bihor, Centrul Comercial Arcade Oradea Sud",Oradea,Bihor,410554,Romania,RO,47.0466340,21.9103060,+40 359 170 375,https://www.decathlon.ro/store-view/magazin-sport-oradea-0070119901199,Mo-Su 09:00-21:00,AllThePlaces / localisateur officiel; OpenStreetMap,0070119901199;node/5058046800,https://api.woosmap.com/stores?key=woos-a11e8e0e-80e2-35e1-8316-ca1d015a4ed0&stores_by_page=300&page=1; https://www.openstreetmap.org/node/5058046800,2026-07-11T20:29:07+00:00
DEC-01347,Decathlon,Bulevardul Republicii,Paulesti,Prahova,,Romania,RO,44.9645725,25.9698080,+40 344 802 778,https://www.decathlon.ro,Mo-Su 09:00-21:00,OpenStreetMap,node/1943000968;node/1943839431;way/694802200,https://www.openstreetmap.org/node/1943000968; https://www.openstreetmap.org/node/1943839431; https://www.openstreetmap.org/way/694802200,2026-07-11T20:29:07+00:00
DEC-01348,Decathlon,"Galleria Mall, Strada Plăieșului 2",Piatra Neamt,Neamt,610190,Romania,RO,46.9185220,26.3905250,+40 377 702 423,https://www.decathlon.ro/store-view/magazin-sport-piatra-neamt-0070201802018,Mo-Su 09:00-21:00,AllThePlaces / localisateur officiel; OpenStreetMap,0070201802018;node/9794117850,https://api.woosmap.com/stores?key=woos-a11e8e0e-80e2-35e1-8316-ca1d015a4ed0&stores_by_page=300&page=1; https://www.openstreetmap.org/node/9794117850,2026-07-11T20:29:07+00:00
DEC-01349,Decathlon,"Centrul Comercial Supernova, Pitesti",Piteşti,Arges,117141,Romania,RO,44.8190270,24.9402830,+40 248 541 026,https://www.decathlon.ro/store-view/magazin-sport-pitesti-0070069900699,Mo-Sa 09:30-21:30; Su 09:30-20:30,AllThePlaces / localisateur officiel; OpenStreetMap,0070069900699;node/3739230178,https://api.woosmap.com/stores?key=woos-a11e8e0e-80e2-35e1-8316-ca1d015a4ed0&stores_by_page=300&page=1; https://www.openstreetmap.org/node/3739230178,2026-07-11T20:29:07+00:00
DEC-01350,Decathlon,"Sat Blejoi, Comuna Blejoi, Str. Republicii, nr. 63, Judetul Prahova",Ploiesti,Prahova,107070,Romania,RO,44.9424938,26.0195032,+40 344 802 777,https://www.decathlon.ro/store-view/magazin-sport-ploiesti-0070075400754,Mo-Su 09:00-21:00,AllThePlaces / localisateur officiel,0070075400754,https://api.woosmap.com/stores?key=woos-a11e8e0e-80e2-35e1-8316-ca1d015a4ed0&stores_by_page=300&page=1,2026-07-11T20:29:07+00:00
DEC-01351,Decathlon,"Shopping City Valcea, Strada Ferdinand 38A, Râmnicu Vâlcea",Ramnicu Valcea,Valcea,240156,Romania,RO,45.1115838,24.3812344,+40 377 703 043,https://www.decathlon.ro/store-view/magazin-sport-ramnicu-valcea-0070300903009,Mo-Su 10:00-22:00,AllThePlaces / localisateur officiel; OpenStreetMap,0070300903009;way/1328562558,https://api.woosmap.com/stores?key=woos-a11e8e0e-80e2-35e1-8316-ca1d015a4ed0&stores_by_page=300&page=1; https://www.openstreetmap.org/way/1328562558,2026-07-11T20:29:07+00:00
DEC-01352,Decathlon,Centrului comercial Aushopping Satu Mare,Satu Mare,Satu Mare,440187,Romania,RO,47.7847119,22.8449407,+40 371 521 042,https://www.decathlon.ro/store-view/magazin-sport-satu-mare-0070230802308,Mo-Su 10:00-21:00,AllThePlaces / localisateur officiel; OpenStreetMap,0070230802308;node/7938591170,https://api.woosmap.com/stores?key=woos-a11e8e0e-80e2-35e1-8316-ca1d015a4ed0&stores_by_page=300&page=1; https://www.openstreetmap.org/node/7938591170,2026-07-11T20:29:07+00:00
DEC-01353,Decathlon,"DN1, Km 306, Selimbar, Strada Sibiului 5, Șelimbăr",Sibiu,Sibiu,557260,Romania,RO,45.7766300,24.1687790,+40 369 426 976,https://www.decathlon.ro/store-view/magazin-sport-sibiu-0070084100841,Mo-Su 10:00-22:00,AllThePlaces / localisateur officiel; OpenStreetMap,0070084100841;node/11091238863,https://api.woosmap.com/stores?key=woos-a11e8e0e-80e2-35e1-8316-ca1d015a4ed0&stores_by_page=300&page=1; https://www.openstreetmap.org/node/11091238863,2026-07-11T20:29:07+00:00
DEC-01354,Decathlon,"Calea Unirii, nr. 27B",Suceava,Suceava,720018,Romania,RO,47.6640010,26.2657250,+40 330 100 374,https://www.decathlon.ro/store-view/magazin-sport-suceava-0070086500865,Mo-Sa 09:00-21:00; Su 09:00-20:00,AllThePlaces / localisateur officiel; OpenStreetMap,0070086500865;node/4449426495,https://api.woosmap.com/stores?key=woos-a11e8e0e-80e2-35e1-8316-ca1d015a4ed0&stores_by_page=300&page=1; https://www.openstreetmap.org/node/4449426495,2026-07-11T20:29:07+00:00
DEC-01355,Decathlon,"Strada Locotenent Stancu Ion, 2E, Cub Center",Targoviste,Dambovita,130105,Romania,RO,44.9211373,25.4607480,+40 371 522 141,https://www.decathlon.ro/store-view/magazin-sport-targoviste-0070230202302,Mo-Sa 09:30-21:00; Su 09:30-20:00,AllThePlaces / localisateur officiel; OpenStreetMap,0070230202302;node/10931562097,https://api.woosmap.com/stores?key=woos-a11e8e0e-80e2-35e1-8316-ca1d015a4ed0&stores_by_page=300&page=1; https://www.openstreetmap.org/node/10931562097,2026-07-11T20:29:07+00:00
DEC-01356,Decathlon,Aleea Digului,Targu Jiu,Gorj,210188,Romania,RO,45.0279570,23.2658440,+40 377 702 424,https://www.decathlon.ro/store-view/magazin-sport-targu-jiu-0070119701197,Mo-Su 10:00-20:00,AllThePlaces / localisateur officiel; OpenStreetMap,0070119701197;way/38802878,https://api.woosmap.com/stores?key=woos-a11e8e0e-80e2-35e1-8316-ca1d015a4ed0&stores_by_page=300&page=1; https://www.openstreetmap.org/way/38802878,2026-07-11T20:29:07+00:00
DEC-01357,Decathlon,"Str. Gheorghe Doja, nr. 243",Targu Mures,Mures,540228,Romania,RO,46.5182694,24.5238680,+40 372 705 605,https://www.decathlon.ro/store-view/magazin-sport-targu-mures-0070099800998,Mo-Su 09:00-21:00,AllThePlaces / localisateur officiel,0070099800998,https://api.woosmap.com/stores?key=woos-a11e8e0e-80e2-35e1-8316-ca1d015a4ed0&stores_by_page=300&page=1,2026-07-11T20:29:07+00:00
DEC-01358,Decathlon,Str. Ştefan Procopiu nr.1,Timişoara,Timis,300110,Romania,RO,45.7883990,21.2192440,+40 356 100 061,https://www.decathlon.ro/store-view/magazin-sport-timisoara-0070073900739,Mo-Sa 09:00-21:30; Su 09:00-21:00,AllThePlaces / localisateur officiel; OpenStreetMap,0070073900739;way/202289143,https://api.woosmap.com/stores?key=woos-a11e8e0e-80e2-35e1-8316-ca1d015a4ed0&stores_by_page=300&page=1; https://www.openstreetmap.org/way/202289143,2026-07-11T20:29:07+00:00
DEC-01359,DeSport,,Yablonovskiy,Adygeya,,Russian Federation,RU,45.0138913,38.9360833,+7 800 7007766;+7 965 4725871,https://www.decathlon.ru/,Mo-Su 10:00-21:00,OpenStreetMap,node/9871682497,https://www.openstreetmap.org/node/9871682497,2026-07-11T20:29:07+00:00
DEC-01360,Desport,"деревня Порошкино, квартал №1, улица №1, дом 1",Порошкино,Leningrad,,Russian Federation,RU,60.0974257,30.3849581,+7 800 7000066,https://desport.ru,10:00-22:00,OpenStreetMap,way/510931368,https://www.openstreetmap.org/way/510931368,2026-07-11T20:29:07+00:00
DEC-01361,Decathlon,,Dakar,Dakar,,Senegal,SN,14.7006742,-17.4369986,,,closed,OpenStreetMap,node/12404479912;node/12473256801,https://www.openstreetmap.org/node/12404479912; https://www.openstreetmap.org/node/12473256801,2026-07-11T20:29:07+00:00
DEC-01362,Decathlon,,Grand Dakar,Dakar,,Senegal,SN,14.7136664,-17.4623966,,,,OpenStreetMap,node/5286060921,https://www.openstreetmap.org/node/5286060921,2026-07-11T20:29:07+00:00
DEC-01363,Decathlon,,Grand Dakar,Dakar,,Senegal,SN,14.7539880,-17.4672999,,https://decathlon.sn,,OpenStreetMap,node/9620380051,https://www.openstreetmap.org/node/9620380051,2026-07-11T20:29:07+00:00
DEC-01364,Decathlon,,Mermoz Boabab,Dakar,,Senegal,SN,14.7118967,-17.4763257,,https://decathlon.sn,Mo-Su 09:00-21:00,OpenStreetMap,node/12184349071,https://www.openstreetmap.org/node/12184349071,2026-07-11T20:29:07+00:00
DEC-01365,Decathlon,,Nguekhokh,Thies,,Senegal,SN,14.4456045,-16.9825673,,,,OpenStreetMap,node/11734334291,https://www.openstreetmap.org/node/11734334291,2026-07-11T20:29:07+00:00
DEC-01366,Decathlon,,Kragujevac,Central Serbia,,Serbia,RS,44.0099084,20.8943480,,,Mo-Su 10:00-22:00,OpenStreetMap,way/1303659669,https://www.openstreetmap.org/way/1303659669,2026-07-11T20:29:07+00:00
DEC-01367,Decathlon,,Nis,Central Serbia,,Serbia,RS,43.3365997,21.8788425,,,Mo-Su 10:00-22:00,OpenStreetMap,node/13468372199,https://www.openstreetmap.org/node/13468372199,2026-07-11T20:29:07+00:00
DEC-01368,Decathlon,,Novi Beograd,Central Serbia,,Serbia,RS,44.8095940,20.3963920,+381 11 450 1396,https://www.decathlon.rs/,Mo-Su 09:00-22:00,OpenStreetMap,node/8185014941,https://www.openstreetmap.org/node/8185014941,2026-07-11T20:29:07+00:00
DEC-01369,Decathlon,,Novi Sad,Autonomna Pokrajina Vojvodina,,Serbia,RS,45.2782287,19.8252574,,https://www.decathlon.rs/,Mo-Su 10:00-22:00,OpenStreetMap,way/1231360480,https://www.openstreetmap.org/way/1231360480,2026-07-11T20:29:07+00:00
DEC-01370,Decathlon,3 Уралска,Palilula,Central Serbia,11000,Serbia,RS,44.8172695,20.5120338,+381 11 4500 340,https://www.decathlon.rs/,Mo-Su 09:00-22:00,OpenStreetMap,node/9062793362;node/7051993279,https://www.openstreetmap.org/node/9062793362; https://www.openstreetmap.org/node/7051993279,2026-07-11T20:29:07+00:00
DEC-01371,Decathlon,88k Сегедински пут,Subotica,Autonomna Pokrajina Vojvodina,,Serbia,RS,46.1009271,19.6975132,,,Mo-Su 09:00-21:00,OpenStreetMap,node/12423126273,https://www.openstreetmap.org/node/12423126273,2026-07-11T20:29:07+00:00
DEC-01372,Hougang Mall,"90 Hougang Ave 10, #01-07",SINGAPORE,196,538766,Singapore,SG,1.3724550,103.8938277,,,,AllThePlaces / localisateur officiel,3680,https://www.decathlon.sg/api/store-setting?countryCode=SG,2026-07-11T20:29:07+00:00
DEC-01373,Bedok,"750A Chai Chee Rd, #01-01 ESR BizPark @Chai Chee",Singapore,196,469001,Singapore,SG,1.3230000,103.9222000,+65 6225 4773,https://www.decathlon.sg/,,AllThePlaces / localisateur officiel; OpenStreetMap,969;node/4177290890,https://www.decathlon.sg/api/store-setting?countryCode=SG; https://www.openstreetmap.org/node/4177290890,2026-07-11T20:29:07+00:00
DEC-01374,Chinatown Point,133 New Bridge Road,Singapore,196,059413,Singapore,SG,1.2857565,103.8449249,,,,AllThePlaces / localisateur officiel; OpenStreetMap,2477;node/12509455056,https://www.decathlon.sg/api/store-setting?countryCode=SG; https://www.openstreetmap.org/node/12509455056,2026-07-11T20:29:07+00:00
DEC-01375,City Square Mall,"180 Kitchener Road, #02-03 City Square Mall",Singapore,196,208539,Singapore,SG,1.3115845,103.8564503,,,,AllThePlaces / localisateur officiel; OpenStreetMap,1034;node/4411126495,https://www.decathlon.sg/api/store-setting?countryCode=SG; https://www.openstreetmap.org/node/4411126495,2026-07-11T20:29:07+00:00
DEC-01376,Clementi Mall,"3155 Commonwealth Avenue West, #03-04/05/06, The Clementi Mall",Singapore,196,129588,Singapore,SG,1.3151081,103.7643166,,,,AllThePlaces / localisateur officiel; OpenStreetMap,2734;node/12376393323,https://www.decathlon.sg/api/store-setting?countryCode=SG; https://www.openstreetmap.org/node/12376393323,2026-07-11T20:29:07+00:00
DEC-01377,Compass One,"1 Sengkang Square, #01-33",Singapore,196,545078,Singapore,SG,1.3916915,103.8948585,,,,AllThePlaces / localisateur officiel; OpenStreetMap,3459;node/6618303038,https://www.decathlon.sg/api/store-setting?countryCode=SG; https://www.openstreetmap.org/node/6618303038,2026-07-11T20:29:07+00:00
DEC-01378,Decathlon Pasir Ris,"7 Pasir Ris Central, #02-30, #02-31, Singapore 519612",Singapore,196,519612,Singapore,SG,1.3729318,103.9485069,,https://www.decathlon.sg/s/sports-stores/pasir-ris,Mo-Su 10:00-22:00,AllThePlaces / localisateur officiel; OpenStreetMap,3260;node/12143316860,https://www.decathlon.sg/api/store-setting?countryCode=SG; https://www.openstreetmap.org/node/12143316860,2026-07-11T20:29:07+00:00
DEC-01379,Holland Village,"249 Holland Avenue, #01-01",Singapore,196,278980,Singapore,SG,1.3114181,103.7956608,,,,AllThePlaces / localisateur officiel; OpenStreetMap,1979;node/10771041150,https://www.decathlon.sg/api/store-setting?countryCode=SG; https://www.openstreetmap.org/node/10771041150,2026-07-11T20:29:07+00:00
DEC-01380,Joo Koon,"1 Joo Koon Circle, #02-21",Singapore,196,629117,Singapore,SG,1.3273513,103.6788361,,https://www.decathlon.sg/,Mo-Su 10:00-22:00,AllThePlaces / localisateur officiel; OpenStreetMap,1871;node/5287039521,https://www.decathlon.sg/api/store-setting?countryCode=SG; https://www.openstreetmap.org/node/5287039521,2026-07-11T20:29:07+00:00
DEC-01381,Jurong Point,"1-18 1 Jurong West Central 2, Jurong",Singapore,196,648886,Singapore,SG,1.3399257,103.7062886,,,,AllThePlaces / localisateur officiel,3328,https://www.decathlon.sg/api/store-setting?countryCode=SG,2026-07-11T20:29:07+00:00
DEC-01382,Lot One,"21 Choa Chu Kang Ave 4, 01-25",Singapore,196,689812,Singapore,SG,1.3851986,103.7450842,,,,AllThePlaces / localisateur officiel,3262,https://www.decathlon.sg/api/store-setting?countryCode=SG,2026-07-11T20:29:07+00:00
DEC-01383,Northshore Plaza,"407 Northshore Drive #01-27, Northshore Plaza 1",Singapore,196,820407,Singapore,SG,1.4168732,103.9023685,,,10:00-22:00,AllThePlaces / localisateur officiel; OpenStreetMap,2733;node/9269019953,https://www.decathlon.sg/api/store-setting?countryCode=SG; https://www.openstreetmap.org/node/9269019953,2026-07-11T20:29:07+00:00
DEC-01384,Novena,"238 Thomson Road, #01-66/67",Singapore,196,307683,Singapore,SG,1.3197268,103.8436860,,https://www.decathlon.com.sg,,AllThePlaces / localisateur officiel; OpenStreetMap,1992;node/6503251151,https://www.decathlon.sg/api/store-setting?countryCode=SG; https://www.openstreetmap.org/node/6503251151,2026-07-11T20:29:07+00:00
DEC-01385,Serangoon Garden,69 Serangoon Garden Way,Singapore,196,555965,Singapore,SG,1.3635511,103.8653272,,,,AllThePlaces / localisateur officiel,3362,https://www.decathlon.sg/api/store-setting?countryCode=SG,2026-07-11T20:29:07+00:00
DEC-01386,Singapore Lab,230 Stadium Boulevard,Singapore,196,397799,Singapore,SG,1.3043400,103.8826600,,,24/7,AllThePlaces / localisateur officiel; OpenStreetMap,2128;node/6180965722,https://www.decathlon.sg/api/store-setting?countryCode=SG; https://www.openstreetmap.org/node/6180965722,2026-07-11T20:29:07+00:00
DEC-01387,Sun Plaza,30 Sembawang Drive,Singapore,196,757713,Singapore,SG,1.4482870,103.8196830,,,,AllThePlaces / localisateur officiel,2221,https://www.decathlon.sg/api/store-setting?countryCode=SG,2026-07-11T20:29:07+00:00
DEC-01388,Suntec City,3 Temasek Boulevard,Singapore,196,038983,Singapore,SG,1.2958250,103.8587866,,,,AllThePlaces / localisateur officiel,3433,https://www.decathlon.sg/api/store-setting?countryCode=SG,2026-07-11T20:29:07+00:00
DEC-01389,The Centrepoint,"176 Orchard Road, #01-14/15/16/17, #02-07, & #02-11, The CentrePoint",Singapore,196,238843,Singapore,SG,1.3015000,103.8397000,,,,AllThePlaces / localisateur officiel; OpenStreetMap,2459;node/7001537860,https://www.decathlon.sg/api/store-setting?countryCode=SG; https://www.openstreetmap.org/node/7001537860,2026-07-11T20:29:07+00:00
DEC-01390,Tiong Bahru (Click & Collect),"302 Tiong Bahru Rd, #01-108, Tiong Bahru Plaza",Singapore,196,168732,Singapore,SG,1.2864631,103.8271295,,,,AllThePlaces / localisateur officiel,2478,https://www.decathlon.sg/api/store-setting?countryCode=SG,2026-07-11T20:29:07+00:00
DEC-01391,Vivo City,"1 HarbourFront Walk, #01-24, 25, 26",Singapore,196,098585,Singapore,SG,1.2647139,103.8231658,,,,AllThePlaces / localisateur officiel,3739,https://www.decathlon.sg/api/store-setting?countryCode=SG,2026-07-11T20:29:07+00:00
DEC-01392,Waterway Point,"83 Punggol Central, #01-11 Waterway Point",Singapore,196,828761,Singapore,SG,1.4062657,103.9016127,,,,AllThePlaces / localisateur officiel; OpenStreetMap,2220;node/6953034937,https://www.decathlon.sg/api/store-setting?countryCode=SG; https://www.openstreetmap.org/node/6953034937,2026-07-11T20:29:07+00:00
DEC-01393,Westgate,"3 Gateway Dr, #02-23, Westgate",Singapore,196,608532,Singapore,SG,1.3345013,103.7426077,,,,AllThePlaces / localisateur officiel,2780,https://www.decathlon.sg/api/store-setting?countryCode=SG,2026-07-11T20:29:07+00:00
DEC-01394,Decathlon,"Na Troskách 25, Europa SC",Banská Bystrica,Banskobystricky,97401,Slovakia,SK,48.7326000,19.1384000,+421 48 221 16 80,https://www.decathlon.sk/content/20-store-decathlon-banska-bystrica,Mo-Su 09:00-21:00,AllThePlaces / localisateur officiel; OpenStreetMap,20;node/9283007052,https://www.decathlon.sk/content/20-store-decathlon-banska-bystrica; https://www.openstreetmap.org/node/9283007052,2026-07-11T20:29:07+00:00
DEC-01395,Decathlon,Pribinova 8,Bratislava,Bratislavsky,81109,Slovakia,SK,48.1404400,17.1238320,+421 2 221 168 02,https://www.decathlon.sk/content/14-store-decathlon-eurovea,Mo-Su 10:00-21:00,AllThePlaces / localisateur officiel; OpenStreetMap,14;node/5216485080,https://www.decathlon.sk/content/14-store-decathlon-eurovea; https://www.openstreetmap.org/node/5216485080,2026-07-11T20:29:07+00:00
DEC-01396,Decathlon,Pri letisku 3,Bratislava,Bratislavsky,82104,Slovakia,SK,48.1621200,17.1905490,+421 2 221 168 01,https://www.decathlon.sk/content/12-store-decathlon-pharos,Mo-Su 09:00-20:00,AllThePlaces / localisateur officiel; OpenStreetMap,12;way/385125711,https://www.decathlon.sk/content/12-store-decathlon-pharos; https://www.openstreetmap.org/way/385125711,2026-07-11T20:29:07+00:00
DEC-01397,Decathlon,Devínska Nová Ves 7244/505,Bratislava,Bratislavsky,84107,Slovakia,SK,48.2059770,17.0257360,+421 2 221 168 00,https://www.decathlon.sk/content/13-store-decathlon-bory,Mo-Su 09:00-20:00,AllThePlaces / localisateur officiel; OpenStreetMap,13;way/337243387;way/336718225;node/3437810459;node/3437810460,https://www.decathlon.sk/content/13-store-decathlon-bory; https://www.openstreetmap.org/way/337243387; https://www.openstreetmap.org/way/336718225; https://www.openstreetmap.org/node/3437810459; https://www.openstreetmap.org/node/3437810460,2026-07-11T20:29:07+00:00
DEC-01398,Decathlon,Pri prachárni 2,Košice,Kosicky,04011,Slovakia,SK,48.6988420,21.2518740,+421 55 221 16 80,https://www.decathlon.sk/content/23-store-decathlon-kosice,Mo-Su 09:00-20:00,AllThePlaces / localisateur officiel; OpenStreetMap,23;node/4977175075;node/5378464683;way/508411004;way/508411005;way/508411006;relation/19146390;way/360908708,https://www.decathlon.sk/content/23-store-decathlon-kosice; https://www.openstreetmap.org/node/4977175075; https://www.openstreetmap.org/node/5378464683; https://www.openstreetmap.org/way/508411004; https://www.openstreetmap.org/way/508411005; https://www.openstreetmap.org/way/508411006; https://www.openstreetmap.org/relation/19146390; https://www.openstreetmap.org/way/360908708,2026-07-11T20:29:07+00:00
DEC-01399,Decathlon,,Liptovsky Mikulas,Zilinsky,,Slovakia,SK,49.0780254,19.6029908,,,Mo-Su 09:00-20:00,OpenStreetMap,node/7519547704,https://www.openstreetmap.org/node/7519547704,2026-07-11T20:29:07+00:00
DEC-01400,Decathlon,Kamenné pole 4448/1,Liptovský Mikuláš,Zilinsky,03101,Slovakia,SK,49.0766611,19.5956425,+421 44 221 16 80,https://www.decathlon.sk/content/130-store-decathlon-liptovsky-mikulas,Mo-Su 09:00-20:00,AllThePlaces / localisateur officiel,130,https://www.decathlon.sk/content/130-store-decathlon-liptovsky-mikulas,2026-07-11T20:29:07+00:00
DEC-01401,Decathlon,"Pltníky 2, OC Tulip",Martin,Zilinsky,03601,Slovakia,SK,49.0853934,18.9242137,+421 43 221 16 80,https://www.decathlon.sk/content/19-store-decathlon-martin,Mo-Su 09:00-20:00,AllThePlaces / localisateur officiel; OpenStreetMap,19;node/9283009350,https://www.decathlon.sk/content/19-store-decathlon-martin; https://www.openstreetmap.org/node/9283009350,2026-07-11T20:29:07+00:00
DEC-01402,Decathlon,Štefánikova trieda 48/73,Nitra,Nitriansky,94901,Slovakia,SK,48.3087604,18.0857136,+421 37 221 16 80,https://www.decathlon.sk/content/16-store-decathlon-nitra,Mo-Su 09:00-20:00,AllThePlaces / localisateur officiel; OpenStreetMap,16;node/9568223445,https://www.decathlon.sk/content/16-store-decathlon-nitra; https://www.openstreetmap.org/node/9568223445,2026-07-11T20:29:07+00:00
DEC-01403,Decathlon,Dlhé hony 122,Poprad,Presovsky,05801,Slovakia,SK,49.0488340,20.2905440,+421 52 221 22 40,https://www.decathlon.sk/content/21-store-decathlon-poprad,Mo-Su 09:00-20:00,AllThePlaces / localisateur officiel; OpenStreetMap,21;node/5143982521;way/1190805604,https://www.decathlon.sk/content/21-store-decathlon-poprad; https://www.openstreetmap.org/node/5143982521; https://www.openstreetmap.org/way/1190805604,2026-07-11T20:29:07+00:00
DEC-01404,Decathlon,Košická 13375/6A,Prešov,Presovsky,08001,Slovakia,SK,48.9807750,21.2541822,+421 51 221 16 80,https://www.decathlon.sk/content/22-store-decathlon-presov,Mo-Su 09:00-20:00,AllThePlaces / localisateur officiel; OpenStreetMap,22;way/167537350,https://www.decathlon.sk/content/22-store-decathlon-presov; https://www.openstreetmap.org/way/167537350,2026-07-11T20:29:07+00:00
DEC-01405,Decathlon,Belá 6469,Trenčín,Trenciansky,91321,Slovakia,SK,48.8636808,18.0217067,+421 32 221 16 80,https://www.decathlon.sk/content/17-store-decathlon-trencin,Mo-Su 09:00-20:00,AllThePlaces / localisateur officiel; OpenStreetMap,17;node/8006829044,https://www.decathlon.sk/content/17-store-decathlon-trencin; https://www.openstreetmap.org/node/8006829044,2026-07-11T20:29:07+00:00
DEC-01406,Decathlon,Veterná 40,Trnava,Trnavsky,91701,Slovakia,SK,48.3873270,17.6006770,+421 33 221 16 80,https://www.decathlon.sk/content/15-store-decathlon-trnava,Mo-Su 09:00-21:00,AllThePlaces / localisateur officiel; OpenStreetMap,15;node/5382882663,https://www.decathlon.sk/content/15-store-decathlon-trnava; https://www.openstreetmap.org/node/5382882663,2026-07-11T20:29:07+00:00
DEC-01407,Decathlon,Vysokoškolákov 52,Žilina,Zilinsky,01008,Slovakia,SK,49.2117470,18.7538050,+421 41 221 16 80,https://www.decathlon.sk/content/18-store-decathlon-zilina,Mo-Su 09:00-20:00,AllThePlaces / localisateur officiel; OpenStreetMap,18;relation/13947129,https://www.decathlon.sk/content/18-store-decathlon-zilina; https://www.openstreetmap.org/relation/13947129,2026-07-11T20:29:07+00:00
DEC-01408,Decathlon,,Koper,Koper-Capodistria,,Slovenia,SI,45.5396000,13.7351848,,https://www.decathlon.si/,Mo-Sa 09:00-21:00,OpenStreetMap,node/12155453201,https://www.openstreetmap.org/node/12155453201,2026-07-11T20:29:07+00:00
DEC-01409,Decathlon,14 Premrlova ulica,Ljubljana,Skofljica,1000,Slovenia,SI,46.0185002,14.5303647,+386804551,https://www.decathlon.si/,"Mo-Sa 09:00-21:00; Su,PH off",OpenStreetMap,node/7982578495,https://www.openstreetmap.org/node/7982578495,2026-07-11T20:29:07+00:00
DEC-01410,Decathlon,,Ljubljana,Ljubljana,,Slovenia,SI,46.0654763,14.5481195,,https://www.decathlon.si/,Mo-Sa 09:00-21:00; Su off,OpenStreetMap,node/4119322189,https://www.openstreetmap.org/node/4119322189,2026-07-11T20:29:07+00:00
DEC-01411,Decathlon,14 Tržaška cesta,Maribor,Maribor,2000,Slovenia,SI,46.5405138,15.6468408,+386 2 820 1790,https://www.decathlon.si/,Mo-Sa 08:00-20:00,OpenStreetMap,node/5007710005,https://www.openstreetmap.org/node/5007710005,2026-07-11T20:29:07+00:00
DEC-01412,Decathlon,,Murska Sobota,Murska Sobota,,Slovenia,SI,46.6677298,16.1772400,+38680 4551,,,OpenStreetMap,node/4973223283,https://www.openstreetmap.org/node/4973223283,2026-07-11T20:29:07+00:00
DEC-01413,Decathlon,43 Estrada dos Baños de Arteixo,A Coruña,Galicia,15008,Spain,ES,43.3433761,-8.4291332,,https://www.decathlon.es,Mo-Sa 10:00-22:00,OpenStreetMap,way/253315894,https://www.openstreetmap.org/way/253315894,2026-07-11T20:29:07+00:00
DEC-01414,Decathlon,"Centro Comercial Marineda City, A Coruña, Galicia",A Coruña,Galicia,15008,Spain,ES,43.3485000,-8.4218000,+34 981 63 22 10,https://www.decathlon.es/es/store-view/tienda-de-deportes-a-coruna-0070067100671,Mo-Sa 10:00-22:00,AllThePlaces / localisateur officiel,0070067100671,https://api.woosmap.com/stores?key=woos-5dbb4402-9d17-366b-af49-614910204d64&stores_by_page=300&page=1,2026-07-11T20:29:07+00:00
DEC-01415,Decathlon,Av. de Ayyo S/N,ADEJE (TENERIFE),Canary Islands,38670,Spain,ES,28.1219208,-16.7411088,+34 922 99 30 30,https://www.decathlon.es/es/store-view/tienda-de-deportes-adeje-0070343503435,Mo-Su 10:00-22:00,AllThePlaces / localisateur officiel,0070343503435,https://api.woosmap.com/stores?key=woos-5dbb4402-9d17-366b-af49-614910204d64&stores_by_page=300&page=1,2026-07-11T20:29:07+00:00
DEC-01416,Decathlon,"Calle Jadraque, parcela 1D",ALCALA DE HENARES,Madrid,28805,Spain,ES,40.5015067,-3.3321741,+34 918 87 00 00,https://www.decathlon.es/es/store-view/tienda-de-deportes-alcala-de-henares-0070014300143,Mo-Sa 09:30-21:30; Su 09:30-21:00,AllThePlaces / localisateur officiel,0070014300143,https://api.woosmap.com/stores?key=woos-5dbb4402-9d17-366b-af49-614910204d64&stores_by_page=300&page=1,2026-07-11T20:29:07+00:00
DEC-01417,Decathlon,"Avenida de Europa S/N, Madrid, Madrid",ALCORCON,Madrid,28922,Spain,ES,40.4456993,-3.7870999,+34 916 89 01 02,https://www.decathlon.es/es/store-view/tienda-de-deportes-alcorcon-0070010800108,Mo-Su 10:00-22:00,AllThePlaces / localisateur officiel,0070010800108,https://api.woosmap.com/stores?key=woos-5dbb4402-9d17-366b-af49-614910204d64&stores_by_page=300&page=1,2026-07-11T20:29:07+00:00
DEC-01418,Decathlon,,Adeje,Canary Islands,,Spain,ES,28.1226132,-16.7445337,,,,OpenStreetMap,node/13447808739,https://www.openstreetmap.org/node/13447808739,2026-07-11T20:29:07+00:00
DEC-01419,Decathlon,"C-1 Ctra Aguilas-Calabardina-D4., Murcia, Región de Murcia",Aguilas,Murcia,30880,Spain,ES,37.4177004,-1.5602773,+34 968 49 78 08,https://www.decathlon.es/es/store-view/tienda-de-deportes-aguilas-0070058300583,Mo-Su 10:00-21:00,AllThePlaces / localisateur officiel; OpenStreetMap,0070058300583;node/12640140372;way/146412198;way/146412199,https://api.woosmap.com/stores?key=woos-5dbb4402-9d17-366b-af49-614910204d64&stores_by_page=300&page=1; https://www.openstreetmap.org/node/12640140372; https://www.openstreetmap.org/way/146412198; https://www.openstreetmap.org/way/146412199,2026-07-11T20:29:07+00:00
DEC-01420,Decathlon,"C. B, 79, 02007 Albacete",Albacete,Castille-La Mancha,02007,Spain,ES,39.0254414,-1.8909223,+34 967 59 28 56,https://www.decathlon.es/es/store-view/tienda-de-deportes-albacete-0070045500455,Mo-Sa 09:30-21:30,AllThePlaces / localisateur officiel; OpenStreetMap,0070045500455;node/4149006059;way/130873903;way/141079194;way/398657970,https://api.woosmap.com/stores?key=woos-5dbb4402-9d17-366b-af49-614910204d64&stores_by_page=300&page=1; https://www.openstreetmap.org/node/4149006059; https://www.openstreetmap.org/way/130873903; https://www.openstreetmap.org/way/141079194; https://www.openstreetmap.org/way/398657970,2026-07-11T20:29:07+00:00
DEC-01421,Decathlon,"Crta A-8028 Polígono El Palmetillo, Sevilla, Andalucía",Alcalá de Guadaira,Andalusia,41500,Spain,ES,37.3751720,-5.9100690,+34 955 63 46 84,https://www.decathlon.es/es/store-view/tienda-de-deportes-alcala-de-guadaira-0070051700517,Mo-Fr 10:00-21:30; Sa 10:00-22:00,AllThePlaces / localisateur officiel,0070051700517,https://api.woosmap.com/stores?key=woos-5dbb4402-9d17-366b-af49-614910204d64&stores_by_page=300&page=1,2026-07-11T20:29:07+00:00
DEC-01422,Decathlon,1D Calle de Jadraque,Alcalá de Henares,Madrid,,Spain,ES,40.5041780,-3.3286257,+34 91 887 00 00,https://www.decathlon.es,"Mo-Sa 09:30-21:30; Su,PH 10:00-21:00",OpenStreetMap,way/29289733,https://www.openstreetmap.org/way/29289733,2026-07-11T20:29:07+00:00
DEC-01423,Decathlon,"Ctra. Fuencarral nº3, Madrid, Madrid",Alcobendas,Madrid,28108,Spain,ES,40.5306094,-3.6473133,+34 916 57 89 00,https://www.decathlon.es/es/store-view/tienda-de-deportes-alcobendas-0070014400144,Mo-Su 09:00-22:00,AllThePlaces / localisateur officiel; OpenStreetMap,0070014400144;node/307151796,https://api.woosmap.com/stores?key=woos-5dbb4402-9d17-366b-af49-614910204d64&stores_by_page=300&page=1; https://www.openstreetmap.org/node/307151796,2026-07-11T20:29:07+00:00
DEC-01424,Decathlon,"Centro Comercial Bonaire, Valencia, Comunidad Valenciana",Aldaia,Valencia,46960,Spain,ES,39.4651000,-0.4615000,+34 961 57 90 63,https://www.decathlon.es/es/store-view/tienda-de-deportes-aldaia-0070028500285,Mo-Fr 09:30-21:00; Sa 09:30-21:30; Su 10:00-21:00,AllThePlaces / localisateur officiel,0070028500285,https://api.woosmap.com/stores?key=woos-5dbb4402-9d17-366b-af49-614910204d64&stores_by_page=300&page=1,2026-07-11T20:29:07+00:00
DEC-01425,Decathlon,,Aldaia,Valencia,,Spain,ES,39.4718826,-0.4843365,+34961579063,https://www.decathlon.es/es/store-view/tienda-de-deportes-aldaia-0070028500285,,OpenStreetMap,way/150150002,https://www.openstreetmap.org/way/150150002,2026-07-11T20:29:07+00:00
DEC-01426,Decathlon,"Plaza del Consulat del Mar, número 2, Valencia, Comunidad Valenciana",Alfafar,Valencia,46910,Spain,ES,39.4155330,-0.3851760,+34 963 18 21 00,https://www.decathlon.es/es/store-view/tienda-de-deportes-alfafar-0070022800228,Mo-Fr 09:30-21:00; Sa 09:30-21:30,AllThePlaces / localisateur officiel; OpenStreetMap,0070022800228;way/472724429,https://api.woosmap.com/stores?key=woos-5dbb4402-9d17-366b-af49-614910204d64&stores_by_page=300&page=1; https://www.openstreetmap.org/way/472724429,2026-07-11T20:29:07+00:00
DEC-01427,Decathlon,Calle Bolulla 20,Alicante,Valencia,03009,Spain,ES,38.3759486,-0.5066243,+34 965 16 71 32,https://www.decathlon.es/es/store-view/tienda-de-deportes-alicante-0070024700247,Mo-Sa 09:00-22:00,AllThePlaces / localisateur officiel; OpenStreetMap,0070024700247;way/24288090,https://api.woosmap.com/stores?key=woos-5dbb4402-9d17-366b-af49-614910204d64&stores_by_page=300&page=1; https://www.openstreetmap.org/way/24288090,2026-07-11T20:29:07+00:00
DEC-01428,Decathlon,,Almassora,Valencia,,Spain,ES,39.9754845,-0.0713723,,https://www.decathlon.es,Mo-Su 09:30-22:00,OpenStreetMap,way/779135634,https://www.openstreetmap.org/way/779135634,2026-07-11T20:29:07+00:00
DEC-01429,Decathlon,,Almozara,Aragon,,Spain,ES,41.6693507,-0.8895010,+34 976 72 91 00,https://www.decathlon.es/es/store-view/tienda-de-deportes-grancasa-zaragoza-0070016800168,"Su,PH off; Mo-Sa 10:00-20:00; 2026 Jan 05,2026 Jan 12,2026 Jun 29,2026 Nov 01,2026 Nov 30,2026 Dec 06,2026 Dec 08,2026 Dec 14,2026 Dec 21,2026 Dec 28 10:00-22:00",OpenStreetMap,node/13451281470,https://www.openstreetmap.org/node/13451281470,2026-07-11T20:29:07+00:00
DEC-01430,Decathlon,,Arganzuela,Madrid,,Spain,ES,40.3997922,-3.7006841,,,,OpenStreetMap,node/6023017621,https://www.openstreetmap.org/node/6023017621,2026-07-11T20:29:07+00:00
DEC-01431,Decathlon,"C. María de Molina, 1",Arroyo de la Encomienda,Castille and Leon,47195,Spain,ES,41.6177419,-4.7878897,+34 983 99 55 15,https://www.decathlon.es/es/store-view/tienda-de-deportes-valladolid-0070093500935,Mo-Sa 10:00-21:30,AllThePlaces / localisateur officiel; OpenStreetMap,0070093500935;way/365542643,https://api.woosmap.com/stores?key=woos-5dbb4402-9d17-366b-af49-614910204d64&stores_by_page=300&page=1; https://www.openstreetmap.org/way/365542643,2026-07-11T20:29:07+00:00
DEC-01432,Decathlon,"C/Puerto de la Cabrera s/n, Madrid, Madrid",Arroyomolinos,Madrid,28939,Spain,ES,40.2984117,-3.9204369,+34 916 47 89 41,https://www.decathlon.es/es/store-view/tienda-de-deportes-xanadu-arroyomolinos-0070055600556,Mo-Su 10:00-22:00,AllThePlaces / localisateur officiel; OpenStreetMap,0070055600556;way/225999940,https://api.woosmap.com/stores?key=woos-5dbb4402-9d17-366b-af49-614910204d64&stores_by_page=300&page=1; https://www.openstreetmap.org/way/225999940,2026-07-11T20:29:07+00:00
DEC-01433,Decathlon,"Avenida de Elvas s/n, Badajoz, Extremadura",Badajoz,Extremadura,06006,Spain,ES,38.8804770,-7.0135000,+34 924 27 03 04,https://www.decathlon.es/es/store-view/tienda-de-deportes-badajoz-0070079100791,Mo-Sa 10:00-22:00,AllThePlaces / localisateur officiel; OpenStreetMap,0070079100791;way/413840560,https://api.woosmap.com/stores?key=woos-5dbb4402-9d17-366b-af49-614910204d64&stores_by_page=300&page=1; https://www.openstreetmap.org/way/413840560,2026-07-11T20:29:07+00:00
DEC-01434,Decathlon,"Calle Luxemburgo sn, Barcelona, Cataluña",Badalona,Catalonia,08917,Spain,ES,41.4587707,2.2264502,+34 934 65 65 65,https://www.decathlon.es/es/store-view/tienda-de-deportes-badalona-0070008600086,Mo-We 09:00-21:00; Th 12:00-21:00; Fr-Sa 09:00-21:00,AllThePlaces / localisateur officiel; OpenStreetMap,0070008600086;way/234908177,https://api.woosmap.com/stores?key=woos-5dbb4402-9d17-366b-af49-614910204d64&stores_by_page=300&page=1; https://www.openstreetmap.org/way/234908177,2026-07-11T20:29:07+00:00
DEC-01435,Decathlon,"Calle La Ribera Sin Numero, Vizcaya, País Vasco",Barakaldo,Basque Country,48903,Spain,ES,43.2903319,-3.0055056,+34 944 27 93 02,https://www.decathlon.es/es/store-view/tienda-de-deportes-megapark-barakaldo-0070036800368,Mo-Sa 09:30-21:30,AllThePlaces / localisateur officiel; OpenStreetMap,0070036800368;way/143898368,https://api.woosmap.com/stores?key=woos-5dbb4402-9d17-366b-af49-614910204d64&stores_by_page=300&page=1; https://www.openstreetmap.org/way/143898368,2026-07-11T20:29:07+00:00
DEC-01436,Decathlon,"C/ de La Canuda nº 20, Barcelona, Cataluña",Barcelona,Catalonia,08002,Spain,ES,41.3848362,2.1726805,+34 933 42 61 61,https://www.decathlon.es/es/store-view/tienda-de-deportes-ciutat-vella-barcelona-0070025700257,Mo-Sa 09:00-21:00,AllThePlaces / localisateur officiel; OpenStreetMap,0070025700257;node/2821487621,https://api.woosmap.com/stores?key=woos-5dbb4402-9d17-366b-af49-614910204d64&stores_by_page=300&page=1; https://www.openstreetmap.org/node/2821487621,2026-07-11T20:29:07+00:00
DEC-01437,Decathlon,"Avenida Diagonal 557, Les Corts, Barcelona, Cataluña",Barcelona,Catalonia,08029,Spain,ES,41.3894288,2.1333934,+34 934 44 01 55,https://www.decathlon.es/es/store-view/tienda-de-deportes-l-illa-diagonal-barcelona-0070011400114,Mo-Sa 09:00-21:00,AllThePlaces / localisateur officiel; OpenStreetMap,0070011400114;node/1378087195,https://api.woosmap.com/stores?key=woos-5dbb4402-9d17-366b-af49-614910204d64&stores_by_page=300&page=1; https://www.openstreetmap.org/node/1378087195,2026-07-11T20:29:07+00:00
DEC-01438,Decathlon,Carrer Gran de Gràcia 54,Barcelona,Catalonia,08012,Spain,ES,41.3993940,2.1563260,+34 936 61 87 93,https://www.decathlon.es/es/store-view/tienda-de-deportes-decathlon-gracia-0070140601406,Mo-Sa 09:00-21:00,AllThePlaces / localisateur officiel; OpenStreetMap,0070140601406;node/4317312311,https://api.woosmap.com/stores?key=woos-5dbb4402-9d17-366b-af49-614910204d64&stores_by_page=300&page=1; https://www.openstreetmap.org/node/4317312311,2026-07-11T20:29:07+00:00
DEC-01439,Decathlon,"Av. Diagonal, 3, Sant Martí, 08019 Barcelona",Barcelona,Catalonia,08019,Spain,ES,41.4096507,2.2165956,+34 933 56 06 82,https://www.decathlon.es/es/store-view/tienda-de-deportes-diagonal-mar-0070054700547,Mo-Sa 09:00-21:00,AllThePlaces / localisateur officiel; OpenStreetMap,0070054700547;node/9020073542,https://api.woosmap.com/stores?key=woos-5dbb4402-9d17-366b-af49-614910204d64&stores_by_page=300&page=1; https://www.openstreetmap.org/node/9020073542,2026-07-11T20:29:07+00:00
DEC-01440,Decathlon,"Carrer de Potosí, 2, Sant Andreu, 08030 Barcelona",Barcelona,Catalonia,08030,Spain,ES,41.4395810,2.1971985,+34 935 21 57 36,https://www.decathlon.es/es/store-view/tienda-de-deportes-la-maquinista-barcelona-0070187701877,Mo-Sa 09:00-21:00,AllThePlaces / localisateur officiel; OpenStreetMap,0070187701877;node/5834511055,https://api.woosmap.com/stores?key=woos-5dbb4402-9d17-366b-af49-614910204d64&stores_by_page=300&page=1; https://www.openstreetmap.org/node/5834511055,2026-07-11T20:29:07+00:00
DEC-01441,Decathlon,,Bargas,Castille-La Mancha,,Spain,ES,39.9028500,-4.0174198,+34 925 53 97 69,https://www.decathlon.es,Mo-Sa 09:00-22:00,OpenStreetMap,way/258171746,https://www.openstreetmap.org/way/258171746,2026-07-11T20:29:07+00:00
DEC-01442,Decathlon,Keskena Kalea nº2,Berango,Basque Country,48640,Spain,ES,43.3715837,-2.9953184,+34 946 21 30 11,https://www.decathlon.es/es/store-view/tienda-de-deportes-berango-0070188801888,Mo-Sa 10:00-21:00,AllThePlaces / localisateur officiel; OpenStreetMap,0070188801888;node/13272216119;way/603354396,https://api.woosmap.com/stores?key=woos-5dbb4402-9d17-366b-af49-614910204d64&stores_by_page=300&page=1; https://www.openstreetmap.org/node/13272216119; https://www.openstreetmap.org/way/603354396,2026-07-11T20:29:07+00:00
DEC-01443,Decathlon,"Avenida Guipuzcoa s/n, Navarra, Navarra",Berriozar,Navarre,31013,Spain,ES,42.8322018,-1.6686492,+34 948 30 95 95,https://www.decathlon.es/es/store-view/tienda-de-deportes-pamplona-0070016900169,Mo-Sa 09:00-21:00,AllThePlaces / localisateur officiel; OpenStreetMap,0070016900169;way/183111935,https://api.woosmap.com/stores?key=woos-5dbb4402-9d17-366b-af49-614910204d64&stores_by_page=300&page=1; https://www.openstreetmap.org/way/183111935,2026-07-11T20:29:07+00:00
DEC-01444,Decathlon,"Calle Villarías Nº10, Vizcaya, País Vasco",Bilbao,Basque Country,48001,Spain,ES,43.2619175,-2.9255048,+34 944 24 75 38,https://www.decathlon.es/es/store-view/tienda-de-deportes-capitol-0070073800738,Mo-Sa 09:30-21:00,AllThePlaces / localisateur officiel; OpenStreetMap,0070073800738;node/868846512,https://api.woosmap.com/stores?key=woos-5dbb4402-9d17-366b-af49-614910204d64&stores_by_page=300&page=1; https://www.openstreetmap.org/node/868846512,2026-07-11T20:29:07+00:00
DEC-01445,Decathlon,"AVINGUDA DEL PARLAMENT DE CATALUNYA, 38",Blanes,Catalonia,17300,Spain,ES,41.6826041,2.7920518,+34 972 80 61 62,https://www.decathlon.es/es/store-view/tienda-de-deportes-blanes-0070245302453,Mo-We 09:30-21:00; Th 12:00-21:00; Fr-Sa 09:30-21:00,AllThePlaces / localisateur officiel; OpenStreetMap,0070245302453;way/855654500;way/855654501,https://api.woosmap.com/stores?key=woos-5dbb4402-9d17-366b-af49-614910204d64&stores_by_page=300&page=1; https://www.openstreetmap.org/way/855654500; https://www.openstreetmap.org/way/855654501,2026-07-11T20:29:07+00:00
DEC-01446,Decathlon,Parque Comercial Burgos - Ctra. N-I - Km 236 - 09001 BURGOS,Burgos,Castille and Leon,09001,Spain,ES,42.3209885,-3.7043890,+34 947 27 91 27,https://www.decathlon.es/es/store-view/tienda-de-deportes-burgos-0070013500135,Mo-Sa 10:00-21:30,AllThePlaces / localisateur officiel; OpenStreetMap,0070013500135;way/44048381,https://api.woosmap.com/stores?key=woos-5dbb4402-9d17-366b-af49-614910204d64&stores_by_page=300&page=1; https://www.openstreetmap.org/way/44048381,2026-07-11T20:29:07+00:00
DEC-01447,Decathlon,"AVENIDA DE LAS ARENAS, S/N",CACERES,Extremadura,10005,Spain,ES,39.4657145,-6.4063755,+34 927 74 10 06,https://www.decathlon.es/es/store-view/tienda-de-deportes-caceres-0070305003050,Mo-Sa 10:00-22:00,AllThePlaces / localisateur officiel,0070305003050,https://api.woosmap.com/stores?key=woos-5dbb4402-9d17-366b-af49-614910204d64&stores_by_page=300&page=1,2026-07-11T20:29:07+00:00
DEC-01448,Decathlon,Pl. Topete 3-4,CADIZ,Andalusia,11001,Spain,ES,36.5307073,-6.2971893,+34 956 98 10 85,https://www.decathlon.es/es/store-view/tienda-de-deportes-cadiz-0070208802088,Mo-Sa 09:00-21:00,AllThePlaces / localisateur officiel; OpenStreetMap,0070208802088;node/9555910517,https://api.woosmap.com/stores?key=woos-5dbb4402-9d17-366b-af49-614910204d64&stores_by_page=300&page=1; https://www.openstreetmap.org/node/9555910517,2026-07-11T20:29:07+00:00
DEC-01449,Decathlon,"Ctra Palma del Río, Km 4, Córdoba, Andalucía",CORDOBA,Andalusia,14005,Spain,ES,37.8755256,-4.8343083,+34 957 98 10 60,https://www.decathlon.es/es/store-view/tienda-de-deportes-cordoba-0070062600626,Mo-Sa 09:30-21:30,AllThePlaces / localisateur officiel; OpenStreetMap,0070062600626;way/409525276,https://api.woosmap.com/stores?key=woos-5dbb4402-9d17-366b-af49-614910204d64&stores_by_page=300&page=1; https://www.openstreetmap.org/way/409525276,2026-07-11T20:29:07+00:00
DEC-01450,Decathlon,,Calatayud,Aragon,,Spain,ES,41.3339809,-1.6659768,,,,OpenStreetMap,way/165613916,https://www.openstreetmap.org/way/165613916,2026-07-11T20:29:07+00:00
DEC-01451,Decathlon,,Camas,Andalusia,,Spain,ES,37.3920340,-6.0286020,,https://www.decathlon.es,Mo-Sa 10:00-22:00,OpenStreetMap,way/77490684,https://www.openstreetmap.org/way/77490684,2026-07-11T20:29:07+00:00
DEC-01452,Decathlon,"Calle Poeta Muñoz San Roman, Sevilla, Andalucía",Camas,Andalusia,41900,Spain,ES,37.4012000,-6.0322000,+34 955 98 28 60,https://www.decathlon.es/es/store-view/tienda-de-deportes-camas-0070036400364,Mo-Sa 10:00-22:00,AllThePlaces / localisateur officiel,0070036400364,https://api.woosmap.com/stores?key=woos-5dbb4402-9d17-366b-af49-614910204d64&stores_by_page=300&page=1,2026-07-11T20:29:07+00:00
DEC-01453,Decathlon,"Avenida E. Leclerc, 3, Salamanca, Castilla y León",Carbajosa de la Sagrada,Castille and Leon,37188,Spain,ES,40.9463012,-5.6409215,+34 923 13 10 70,https://www.decathlon.es/es/store-view/tienda-de-deportes-salamanca-0070032400324,Mo-Sa 09:30-21:30,AllThePlaces / localisateur officiel; OpenStreetMap,0070032400324;way/59010514,https://api.woosmap.com/stores?key=woos-5dbb4402-9d17-366b-af49-614910204d64&stores_by_page=300&page=1; https://www.openstreetmap.org/way/59010514,2026-07-11T20:29:07+00:00
DEC-01454,Decathlon,"Sector Nord, parcela A1a, Valencia, Comunidad Valenciana",Carcaixent,Valencia,46740,Spain,ES,39.1288090,-0.4432900,+34 962 46 76 80,https://www.decathlon.es/es/store-view/tienda-de-deportes-carcaixent-0070071200712,Mo-Sa 09:30-21:00,AllThePlaces / localisateur officiel; OpenStreetMap,0070071200712;way/593649244,https://api.woosmap.com/stores?key=woos-5dbb4402-9d17-366b-af49-614910204d64&stores_by_page=300&page=1; https://www.openstreetmap.org/way/593649244,2026-07-11T20:29:07+00:00
DEC-01455,Decathlon,Parque de Ocio Mediterráneo - Pol. Ind. Cabezo Beaza - C/ Londres s/n - Cartagena (Murcia),Cartagena,Murcia,30395,Spain,ES,37.6231418,-0.9495768,+34 968 32 42 88,https://www.decathlon.es/es/store-view/tienda-de-deportes-cartagena-0070043100431,Mo-Su 10:00-22:00,AllThePlaces / localisateur officiel; OpenStreetMap,0070043100431;way/24341283,https://api.woosmap.com/stores?key=woos-5dbb4402-9d17-366b-af49-614910204d64&stores_by_page=300&page=1; https://www.openstreetmap.org/way/24341283,2026-07-11T20:29:07+00:00
DEC-01456,Decathlon,"Calle Grecia S/N, Castelló, Comunidad Valenciana",Castelló de la Plana,Valencia,12006,Spain,ES,39.9864000,-0.0513000,+34 964 24 52 11,https://www.decathlon.es/es/store-view/tienda-de-deportes-castellon-0070016000160,Mo-Sa 09:30-21:30,AllThePlaces / localisateur officiel,0070016000160,https://api.woosmap.com/stores?key=woos-5dbb4402-9d17-366b-af49-614910204d64&stores_by_page=300&page=1,2026-07-11T20:29:07+00:00
DEC-01457,Decathlon,"Cañonero Dato, 25, Ceuta, Ceuta",Ceuta,Ceuta,51001,Spain,ES,35.8932000,-5.3221000,+34 956 50 61 19,https://www.decathlon.es/es/store-view/tienda-de-deportes-ceuta-0070107601076,Mo-Su 09:30-21:00,AllThePlaces / localisateur officiel; OpenStreetMap,0070107601076;node/12697009416;way/249895527;way/249897041,https://api.woosmap.com/stores?key=woos-5dbb4402-9d17-366b-af49-614910204d64&stores_by_page=300&page=1; https://www.openstreetmap.org/node/12697009416; https://www.openstreetmap.org/way/249895527; https://www.openstreetmap.org/way/249897041,2026-07-11T20:29:07+00:00
DEC-01458,Decathlon,"Avda. de la Ciencia S/N, Ciudad Real, Castilla -La Mancha",Ciudad Real,Castille-La Mancha,13005,Spain,ES,38.9865537,-3.9063064,+34 926 25 08 07,https://www.decathlon.es/es/store-view/tienda-de-deportes-ciudad-real-0070113201132,Mo-Sa 09:30-21:30,AllThePlaces / localisateur officiel; OpenStreetMap,0070113201132;way/358498505,https://api.woosmap.com/stores?key=woos-5dbb4402-9d17-366b-af49-614910204d64&stores_by_page=300&page=1; https://www.openstreetmap.org/way/358498505,2026-07-11T20:29:07+00:00
DEC-01459,Decathlon,,Cocentaina,Valencia,,Spain,ES,38.7248855,-0.4510931,,https://www.decathlon.es,,OpenStreetMap,way/300286052;way/1386947077;way/1386947078;way/1386947079;way/1386947080;way/1386947081;way/1386947082;way/1386947083;way/1386947084,https://www.openstreetmap.org/way/300286052; https://www.openstreetmap.org/way/1386947077; https://www.openstreetmap.org/way/1386947078; https://www.openstreetmap.org/way/1386947079; https://www.openstreetmap.org/way/1386947080; https://www.openstreetmap.org/way/1386947081; https://www.openstreetmap.org/way/1386947082; https://www.openstreetmap.org/way/1386947083; https://www.openstreetmap.org/way/1386947084,2026-07-11T20:29:07+00:00
DEC-01460,Decathlon,"Carretera N340 Alcoy Alicante, Alicante, Comunidad Valenciana",Cocentaina,Valencia,03820,Spain,ES,38.7386000,-0.4384000,+34 965 00 09 95,https://www.decathlon.es/es/store-view/tienda-de-deportes-cocentaina-0070071400714,Mo-Sa 09:30-21:00,AllThePlaces / localisateur officiel,0070071400714,https://api.woosmap.com/stores?key=woos-5dbb4402-9d17-366b-af49-614910204d64&stores_by_page=300&page=1,2026-07-11T20:29:07+00:00
DEC-01461,Decathlon,"C/ Rincón de las Heras, 4, Madrid",Collado Villalba,Madrid,28400,Spain,ES,40.6309000,-4.0056000,+34 912 73 82 20,https://www.decathlon.es/es/store-view/tienda-de-deportes-collado-villalba-0070107301073,Mo-Su 09:30-21:30,AllThePlaces / localisateur officiel,0070107301073,https://api.woosmap.com/stores?key=woos-5dbb4402-9d17-366b-af49-614910204d64&stores_by_page=300&page=1,2026-07-11T20:29:07+00:00
DEC-01462,Decathlon,4 Calle Rincón de las Heras,Collado-Villalba,Madrid,,Spain,ES,40.6382581,-4.0076237,+34 918496850,http://www.decathloneasy.es/shop/collado/,Mo-Su 10:00-22:00,OpenStreetMap,node/3395916758,https://www.openstreetmap.org/node/3395916758,2026-07-11T20:29:07+00:00
DEC-01463,Decathlon,,Cordoba,Andalusia,,Spain,ES,37.8863811,-4.7803948,+34 957 47 15 40,https://www.decathlon.es/,Mo-Sa 09:00-18:00,OpenStreetMap,node/7597886075,https://www.openstreetmap.org/node/7597886075,2026-07-11T20:29:07+00:00
DEC-01464,Decathlon,"40 Pf Logística PLHUS, p LI-G, Huesca, Aragón",Cuarte,Aragon,22197,Spain,ES,42.1077380,-0.4462700,+34 974 23 46 30,https://www.decathlon.es/es/store-view/tienda-de-deportes-huesca-0070060000600,Mo-Sa 10:00-21:00,AllThePlaces / localisateur officiel; OpenStreetMap,0070060000600;way/62362707,https://api.woosmap.com/stores?key=woos-5dbb4402-9d17-366b-af49-614910204d64&stores_by_page=300&page=1; https://www.openstreetmap.org/way/62362707,2026-07-11T20:29:07+00:00
DEC-01465,Decathlon,,Cuenca,Castille-La Mancha,,Spain,ES,40.0761907,-2.1588863,+34 639 441 877,https://www.decathlon.es,,OpenStreetMap,way/555566784,https://www.openstreetmap.org/way/555566784,2026-07-11T20:29:07+00:00
DEC-01466,Decathlon,Travesía Avenida de la Cruz Roja Española S/N,Cuenca,Castille-La Mancha,16001,Spain,ES,40.1161000,-2.0959000,+34 969 75 00 04,https://www.decathlon.es/es/store-view/tienda-de-deportes-cuenca-0070109801098,Mo-Sa 09:30-21:00,AllThePlaces / localisateur officiel,0070109801098,https://api.woosmap.com/stores?key=woos-5dbb4402-9d17-366b-af49-614910204d64&stores_by_page=300&page=1,2026-07-11T20:29:07+00:00
DEC-01467,Decathlon,"Calle Enrique Torres Gómez, s/n",Cullera,Valencia,46400,Spain,ES,39.1676600,-0.2433231,+34 963 07 37 40,https://www.decathlon.es/es/store-view/tienda-de-deportes-cullera-0070189301893,,AllThePlaces / localisateur officiel; OpenStreetMap,0070189301893;node/6824015527,https://api.woosmap.com/stores?key=woos-5dbb4402-9d17-366b-af49-614910204d64&stores_by_page=300&page=1; https://www.openstreetmap.org/node/6824015527,2026-07-11T20:29:07+00:00
DEC-01468,Decathlon,Avenida de las Arenas,Cáceres,Extremadura,10005,Spain,ES,39.4675868,-6.3971833,+34927741006,https://www.decathlon.es/es/store-view/tienda-de-deportes-caceres-0070305003050,Mo-Sa 10:00-22:00,OpenStreetMap,way/1270214837,https://www.openstreetmap.org/way/1270214837,2026-07-11T20:29:07+00:00
DEC-01469,Decathlon,"Luis Prat, Avenida Ing. José Luis Prats, 1, Luis Prat, Av. Ing. José Luis Prats, 1",DOS HERMANAS,Andalusia,41703,Spain,ES,37.2863488,-5.9398577,+34 954 10 68 34,https://www.decathlon.es/es/store-view/tienda-de-deportes-dos-hermanas-0070245202452,Mo-Sa 10:00-22:00,AllThePlaces / localisateur officiel; OpenStreetMap,0070245202452;node/9310729605,https://api.woosmap.com/stores?key=woos-5dbb4402-9d17-366b-af49-614910204d64&stores_by_page=300&page=1; https://www.openstreetmap.org/node/9310729605,2026-07-11T20:29:07+00:00
DEC-01470,Decathlon,"Polígono Montorreta 1st. ts-3 crta.Elorrio, Vizcaya, País Vasco",Durango,Basque Country,48200,Spain,ES,43.1640120,-2.6194756,+34 944 50 07 35,https://www.decathlon.es/es/store-view/tienda-de-deportes-durango-0070102401024,Mo-Sa 09:30-21:00,AllThePlaces / localisateur officiel; OpenStreetMap,0070102401024;node/12521053292,https://api.woosmap.com/stores?key=woos-5dbb4402-9d17-366b-af49-614910204d64&stores_by_page=300&page=1; https://www.openstreetmap.org/node/12521053292,2026-07-11T20:29:07+00:00
DEC-01471,Decathlon,"Avenida de Valdelagrana, Cádiz, Andalucía",El Puerto de Santa Maria,Andalusia,11500,Spain,ES,36.5863130,-6.2181940,+34 956 56 90 26,https://www.decathlon.es/es/store-view/tienda-de-deportes-el-puerto-de-santa-maria-0070022600226,Mo-Sa 10:00-21:00,AllThePlaces / localisateur officiel; OpenStreetMap,0070022600226;way/204666475,https://api.woosmap.com/stores?key=woos-5dbb4402-9d17-366b-af49-614910204d64&stores_by_page=300&page=1; https://www.openstreetmap.org/way/204666475,2026-07-11T20:29:07+00:00
DEC-01472,Decathlon,Centre Comercial Carrefour. Carretera Murcia - Alicante Km. 53,Elche,Valencia,03293,Spain,ES,38.2577780,-0.7293240,+34 965 46 85 46,https://www.decathlon.es/es/store-view/tienda-de-deportes-elche-0070041300413,Mo-Sa 10:00-22:00,AllThePlaces / localisateur officiel; OpenStreetMap,0070041300413;node/4952639622,https://api.woosmap.com/stores?key=woos-5dbb4402-9d17-366b-af49-614910204d64&stores_by_page=300&page=1; https://www.openstreetmap.org/node/4952639622,2026-07-11T20:29:07+00:00
DEC-01473,Decathlon,"Carrer de Laureà Miró, 38., Barcelona",Esplugues de Llobregat,Catalonia,08950,Spain,ES,41.3768304,2.0989205,+34 938 55 87 20,https://www.decathlon.es/es/store-view/tienda-de-deportes-finestrelles-esplugues--0070221102211,Mo-Sa 09:00-21:00,AllThePlaces / localisateur officiel; OpenStreetMap,0070221102211;way/651581556,https://api.woosmap.com/stores?key=woos-5dbb4402-9d17-366b-af49-614910204d64&stores_by_page=300&page=1; https://www.openstreetmap.org/way/651581556,2026-07-11T20:29:07+00:00
DEC-01474,Decathlon,"Calle Carlos VII nº 27, Navarra, Navarra",Estella,Navarre,31200,Spain,ES,42.6617614,-2.0327614,+34 948 55 66 18,https://www.decathlon.es/es/store-view/tienda-de-deportes-estella-0070108001080,Mo-Su 10:00-21:00,AllThePlaces / localisateur officiel; OpenStreetMap,0070108001080;way/118936862,https://api.woosmap.com/stores?key=woos-5dbb4402-9d17-366b-af49-614910204d64&stores_by_page=300&page=1; https://www.openstreetmap.org/way/118936862,2026-07-11T20:29:07+00:00
DEC-01475,Decathlon,"Ctra San Pedro de Leixa s/n, A Coruña, Galicia",Ferrol,Galicia,15405,Spain,ES,43.5080000,-8.2143000,+34 981 33 36 22,https://www.decathlon.es/es/store-view/tienda-de-deportes-ferrol-0070033200332,Mo-Su 09:30-21:30,AllThePlaces / localisateur officiel; OpenStreetMap,0070033200332;node/7049880689;way/184485275,https://api.woosmap.com/stores?key=woos-5dbb4402-9d17-366b-af49-614910204d64&stores_by_page=300&page=1; https://www.openstreetmap.org/node/7049880689; https://www.openstreetmap.org/way/184485275,2026-07-11T20:29:07+00:00
DEC-01476,Decathlon,Avinguda Pais Valencià S/N,Finestrat,Valencia,03509,Spain,ES,38.5360600,-0.1798070,+34 966 88 96 40,https://www.decathlon.es/es/store-view/tienda-de-deportes-finestrat-benidorm-0070195301953,Mo-Su 09:30-21:30,AllThePlaces / localisateur officiel; OpenStreetMap,0070195301953;way/636256480,https://api.woosmap.com/stores?key=woos-5dbb4402-9d17-366b-af49-614910204d64&stores_by_page=300&page=1; https://www.openstreetmap.org/way/636256480,2026-07-11T20:29:07+00:00
DEC-01477,Decathlon,Avenida María Sáenz de Tejada,Fuengirola,Andalusia,29651,Spain,ES,36.5356196,-4.6353536,+34 951 31 45 44,https://www.decathlon.es,Mo-Sa 09:30-22:00; Su 10:00-21:30,OpenStreetMap,node/13416546601;node/2802575515,https://www.openstreetmap.org/node/13416546601; https://www.openstreetmap.org/node/2802575515,2026-07-11T20:29:07+00:00
DEC-01478,Decathlon,"C/ exportació, 37",GANDIA,Valencia,46702,Spain,ES,38.9574056,-0.1755562,+34 962 96 24 26,https://www.decathlon.es/es/store-view/tienda-de-deportes-gandia-0070162001620,Mo-Su 09:30-21:30,AllThePlaces / localisateur officiel; OpenStreetMap,0070162001620;way/200433385,https://api.woosmap.com/stores?key=woos-5dbb4402-9d17-366b-af49-614910204d64&stores_by_page=300&page=1; https://www.openstreetmap.org/way/200433385,2026-07-11T20:29:07+00:00
DEC-01479,Decathlon,"c/Rio Odiel, 6, Madrid, Madrid",GETAFE,Madrid,28906,Spain,ES,40.2754181,-3.7032448,+34 916 91 85 40,https://www.decathlon.es/es/store-view/tienda-de-deportes-getafe-tienda--0070025800258,Mo-Sa 09:30-22:00; Su 10:00-22:00,AllThePlaces / localisateur officiel; OpenStreetMap,0070025800258;way/38335829,https://api.woosmap.com/stores?key=woos-5dbb4402-9d17-366b-af49-614910204d64&stores_by_page=300&page=1; https://www.openstreetmap.org/way/38335829,2026-07-11T20:29:07+00:00
DEC-01480,Decathlon,Severo Ochoa,GETAFE,Madrid,28906,Spain,ES,40.2811360,-3.6791650,+34 916 91 83 60,https://www.decathlon.es/es/store-view/tienda-de-deportes-logistica-centro-getafe-0070063600636,Mo-Fr 06:00-22:00; Sa-Su 08:00-20:00,AllThePlaces / localisateur officiel,0070063600636,https://api.woosmap.com/stores?key=woos-5dbb4402-9d17-366b-af49-614910204d64&stores_by_page=300&page=1,2026-07-11T20:29:07+00:00
DEC-01481,Decathlon,"Poligono de Roces, Asturias",GIJON,Asturias,33211,Spain,ES,43.5051348,-5.7005891,+34 985 30 71 90,https://www.decathlon.es/es/store-view/tienda-de-deportes-gijon-0070029300293,Mo-Sa 10:00-21:30,AllThePlaces / localisateur officiel,0070029300293,https://api.woosmap.com/stores?key=woos-5dbb4402-9d17-366b-af49-614910204d64&stores_by_page=300&page=1,2026-07-11T20:29:07+00:00
DEC-01482,Decathlon,"Plaza Seis de Agosto, 2",Gijón,Asturias,33206,Spain,ES,43.5394988,-5.6628657,+34 985 34 84 08,https://www.decathlon.es/es/store-view/tienda-de-deportes-city-gijon-0070140701407,Mo-Sa 10:00-21:00,AllThePlaces / localisateur officiel; OpenStreetMap,0070140701407;node/5901608494,https://api.woosmap.com/stores?key=woos-5dbb4402-9d17-366b-af49-614910204d64&stores_by_page=300&page=1; https://www.openstreetmap.org/node/5901608494,2026-07-11T20:29:07+00:00
DEC-01483,Decathlon,,Gijón/Xixón,Asturias,,Spain,ES,43.5086695,-5.6906887,,https://www.decathlon.es,,OpenStreetMap,way/173877815;node/1846308774;node/2691026233;node/2691026234;node/4955625596;way/173877814,https://www.openstreetmap.org/way/173877815; https://www.openstreetmap.org/node/1846308774; https://www.openstreetmap.org/node/2691026233; https://www.openstreetmap.org/node/2691026234; https://www.openstreetmap.org/node/4955625596; https://www.openstreetmap.org/way/173877814,2026-07-11T20:29:07+00:00
DEC-01484,Decathlon,"Parque comercial Masgri, Rotonda Mas Gri, s/n, Girona, Cataluña",Girona,Catalonia,17003,Spain,ES,41.9592967,2.8120999,+34 972 41 76 63,https://www.decathlon.es/es/store-view/tienda-de-deportes-girona-0070017000170,Mo-Su 09:30-21:00,AllThePlaces / localisateur officiel; OpenStreetMap,0070017000170;way/63920404,https://api.woosmap.com/stores?key=woos-5dbb4402-9d17-366b-af49-614910204d64&stores_by_page=300&page=1; https://www.openstreetmap.org/way/63920404,2026-07-11T20:29:07+00:00
DEC-01485,Decathlon,"C/ Alegría número 2, Centro Comercial Camaretas","Golmayo, Soria",Castille and Leon,42190,Spain,ES,41.7720248,-2.5003783,+34 975 24 85 92,https://www.decathlon.es/es/store-view/tienda-de-deportes-soria-0070152001520,Mo-Sa 10:00-21:30,AllThePlaces / localisateur officiel; OpenStreetMap,0070152001520;way/563656856,https://api.woosmap.com/stores?key=woos-5dbb4402-9d17-366b-af49-614910204d64&stores_by_page=300&page=1; https://www.openstreetmap.org/way/563656856,2026-07-11T20:29:07+00:00
DEC-01486,Decathlon,Calle Mesones 36,Granada,Andalusia,18001,Spain,ES,37.1753559,-3.6008530,+34 972 99 06 00,https://www.decathlon.es/es/store-view/tienda-de-deportes-city-granada-0070089000890,Mo-Sa 10:00-21:00,AllThePlaces / localisateur officiel; OpenStreetMap,0070089000890;node/3512456634,https://api.woosmap.com/stores?key=woos-5dbb4402-9d17-366b-af49-614910204d64&stores_by_page=300&page=1; https://www.openstreetmap.org/node/3512456634,2026-07-11T20:29:07+00:00
DEC-01487,Decathlon,,Granollers,Catalonia,,Spain,ES,41.6073387,2.2888630,,,,OpenStreetMap,node/11245418169,https://www.openstreetmap.org/node/11245418169,2026-07-11T20:29:07+00:00
DEC-01488,Decathlon,Pq. Huelva Emp. - Solar 24 - Huelva,Huelva,Andalusia,21007,Spain,ES,37.2619585,-6.9427327,+34 959 35 30 31,https://www.decathlon.es/es/store-view/tienda-de-deportes-huelva-0070052000520,Mo-Sa 09:30-21:30,AllThePlaces / localisateur officiel,0070052000520,https://api.woosmap.com/stores?key=woos-5dbb4402-9d17-366b-af49-614910204d64&stores_by_page=300&page=1,2026-07-11T20:29:07+00:00
DEC-01489,Decathlon,"Parque Comercial ""Cemar"", Carretera Nacional 340 a, Local 05",Huercal de Almeria,Andalusia,04230,Spain,ES,36.8677101,-2.4444230,+34 950 14 49 27,https://www.decathlon.es/es/store-view/tienda-de-deportes-huercal-de-almeria-0070107501075,Mo-Sa 09:30-21:30,AllThePlaces / localisateur officiel; OpenStreetMap,0070107501075;node/10273465532,https://api.woosmap.com/stores?key=woos-5dbb4402-9d17-366b-af49-614910204d64&stores_by_page=300&page=1; https://www.openstreetmap.org/node/10273465532,2026-07-11T20:29:07+00:00
DEC-01490,Decathlon,"Parque Comercial Txingudi, Gipuzkoa, País Vasco",Irún,Basque Country,20305,Spain,ES,43.3206581,-1.8379669,+34 943 63 90 51,https://www.decathlon.es/es/store-view/tienda-de-deportes-irun-0070019400194,Mo-Sa 09:30-21:00,AllThePlaces / localisateur officiel; OpenStreetMap,0070019400194;way/37743377,https://api.woosmap.com/stores?key=woos-5dbb4402-9d17-366b-af49-614910204d64&stores_by_page=300&page=1; https://www.openstreetmap.org/way/37743377,2026-07-11T20:29:07+00:00
DEC-01491,Decathlon,"Centro comercial Jaén Plaza, Campus Las Lagunillas S/N",Jaen,Andalusia,23009,Spain,ES,37.7884300,-3.7711200,+34 953 30 33 92,https://www.decathlon.es/es/store-view/tienda-de-deportes-decathlon-jaen-0070199701997,Mo-Sa 09:30-21:30,AllThePlaces / localisateur officiel; OpenStreetMap,0070199701997;way/669303734,https://api.woosmap.com/stores?key=woos-5dbb4402-9d17-366b-af49-614910204d64&stores_by_page=300&page=1; https://www.openstreetmap.org/way/669303734,2026-07-11T20:29:07+00:00
DEC-01492,Decathlon,,Jerez de la Frontera,Andalusia,,Spain,ES,36.6940099,-6.1626379,,,,OpenStreetMap,node/1574533225;node/3039366615,https://www.openstreetmap.org/node/1574533225; https://www.openstreetmap.org/node/3039366615,2026-07-11T20:29:07+00:00
DEC-01493,Decathlon,"Carretera Nacional IV Madrid - Cadiz, Km 639, Cádiz, Andalucía",Jerez de la frontera,Andalusia,11408,Spain,ES,36.7453000,-6.0609000,+34 856 90 28 00,https://www.decathlon.es/es/store-view/tienda-de-deportes-jerez-de-la-frontera-0070062200622,Mo-Sa 10:00-22:00,AllThePlaces / localisateur officiel,0070062200622,https://api.woosmap.com/stores?key=woos-5dbb4402-9d17-366b-af49-614910204d64&stores_by_page=300&page=1,2026-07-11T20:29:07+00:00
DEC-01494,Decathlon,"Avinguda de la Granvia de Hospitalet, 75",L'Hospitalet de Llobregat,Catalonia,08908,Spain,ES,41.3590787,2.1297103,+34 932 59 15 92,https://www.decathlon.es/es/store-view/tienda-de-deportes-gran-via-2-hospitalet-0070032800328,Mo-Sa 09:00-21:00,AllThePlaces / localisateur officiel; OpenStreetMap,0070032800328;node/7331412969,https://api.woosmap.com/stores?key=woos-5dbb4402-9d17-366b-af49-614910204d64&stores_by_page=300&page=1; https://www.openstreetmap.org/node/7331412969,2026-07-11T20:29:07+00:00
DEC-01495,Decathlon,"Parque Ccial Plaza Nueva, Avd Puerta del sol 2, Madrid",LEGANES,Madrid,28918,Spain,ES,40.3442150,-3.7586465,+34 914 96 62 72,https://www.decathlon.es/es/store-view/tienda-de-deportes-leganes-0070053200532,Mo-Su 09:30-22:00,AllThePlaces / localisateur officiel; OpenStreetMap,0070053200532;way/699407423,https://api.woosmap.com/stores?key=woos-5dbb4402-9d17-366b-af49-614910204d64&stores_by_page=300&page=1; https://www.openstreetmap.org/way/699407423,2026-07-11T20:29:07+00:00
DEC-01496,Decathlon,"Parque Comercial Lepe-Sur, c/ Tres de Abril, nº4, Local F",LEPE,Andalusia,21440,Spain,ES,37.2524111,-7.1964858,+34 959 38 08 79,https://www.decathlon.es/es/store-view/tienda-de-deportes-lepe-0070192001920,Mo-Sa 09:30-21:00,AllThePlaces / localisateur officiel; OpenStreetMap,0070192001920;way/1352649498,https://api.woosmap.com/stores?key=woos-5dbb4402-9d17-366b-af49-614910204d64&stores_by_page=300&page=1; https://www.openstreetmap.org/way/1352649498,2026-07-11T20:29:07+00:00
DEC-01497,Decathlon,"Calle Real, 48",La Coruña,Galicia,15003,Spain,ES,43.3697000,-8.4004000,+34 881 05 67 77,https://www.decathlon.es/es/store-view/tienda-de-deportes-city-coruna-0070130401304,Mo-Sa 10:00-21:00,AllThePlaces / localisateur officiel,0070130401304,https://api.woosmap.com/stores?key=woos-5dbb4402-9d17-366b-af49-614910204d64&stores_by_page=300&page=1,2026-07-11T20:29:07+00:00
DEC-01498,Decathlon,"Autopista Santa Cruz La Laguna, Santa Cruz de Tenerife, Canarias",La Laguna,Canary Islands,38205,Spain,ES,28.4615300,-16.3047900,+34 922 47 67 22,https://www.decathlon.es/es/store-view/tienda-de-deportes-la-laguna-0070021700217,Mo-Sa 09:00-22:00,AllThePlaces / localisateur officiel; OpenStreetMap,0070021700217;way/28672918;way/28672928;way/91760448,https://api.woosmap.com/stores?key=woos-5dbb4402-9d17-366b-af49-614910204d64&stores_by_page=300&page=1; https://www.openstreetmap.org/way/28672918; https://www.openstreetmap.org/way/28672928; https://www.openstreetmap.org/way/91760448,2026-07-11T20:29:07+00:00
DEC-01499,Decathlon,"Zona comercial Argana, Calle Vicente Vilas, 5",Lanzarote,Canary Islands,35500,Spain,ES,28.9720040,-13.5622600,+34 928 80 47 80,https://www.decathlon.es/es/store-view/tienda-de-deportes-lanzarote-0070151701517,Mo-Sa 09:30-21:30; Su 10:00-18:00,AllThePlaces / localisateur officiel; OpenStreetMap,0070151701517;node/4450652993,https://api.woosmap.com/stores?key=woos-5dbb4402-9d17-366b-af49-614910204d64&stores_by_page=300&page=1; https://www.openstreetmap.org/node/4450652993,2026-07-11T20:29:07+00:00
DEC-01500,Decathlon,"C.C. Tamaraceite, Tamaraceite Sur, Las Palmas de Gran Canaria",Las Palmas de Gran Canaria,Canary Islands,35018,Spain,ES,28.0940445,-15.4749484,+34 928 91 70 60,https://www.decathlon.es/es/store-view/tienda-de-deportes-tamaraceite-0070139201392,Mo-Sa 10:00-21:30,AllThePlaces / localisateur officiel; OpenStreetMap,0070139201392;way/542515972,https://api.woosmap.com/stores?key=woos-5dbb4402-9d17-366b-af49-614910204d64&stores_by_page=300&page=1; https://www.openstreetmap.org/way/542515972,2026-07-11T20:29:07+00:00
DEC-01501,Decathlon,La Granja S/N,León,Castille and Leon,24007,Spain,ES,42.6017711,-5.5528045,+34 987 44 40 55,https://www.decathlon.es/es/store-view/tienda-de-deportes-leon-0070286002860,Mo-Sa 10:00-21:30,AllThePlaces / localisateur officiel; OpenStreetMap,0070286002860;way/1018487880,https://api.woosmap.com/stores?key=woos-5dbb4402-9d17-366b-af49-614910204d64&stores_by_page=300&page=1; https://www.openstreetmap.org/way/1018487880,2026-07-11T20:29:07+00:00
DEC-01502,Decathlon,"Avinguda Miquel Batllori 6-8, Lleida, Cataluña",Lleida,Catalonia,25001,Spain,ES,41.6053431,0.6292224,+34 973 15 80 33,https://www.decathlon.es/es/store-view/tienda-de-deportes-lleida-0070063000630,Mo-Sa 09:00-21:00,AllThePlaces / localisateur officiel; OpenStreetMap,0070063000630;node/12398695684,https://api.woosmap.com/stores?key=woos-5dbb4402-9d17-366b-af49-614910204d64&stores_by_page=300&page=1; https://www.openstreetmap.org/node/12398695684,2026-07-11T20:29:07+00:00
DEC-01503,Decathlon,"Centro Comercial Parque Rioja. Calle Pradoviejo, 68., La Rioja, La Rioja",Logroño,La Rioja,26008,Spain,ES,42.4532512,-2.4731670,+34 941 51 94 56,https://www.decathlon.es/es/store-view/tienda-de-deportes-logrono-0070035100351,Mo-Sa 09:30-21:00,AllThePlaces / localisateur officiel; OpenStreetMap,0070035100351;way/95465448,https://api.woosmap.com/stores?key=woos-5dbb4402-9d17-366b-af49-614910204d64&stores_by_page=300&page=1; https://www.openstreetmap.org/way/95465448,2026-07-11T20:29:07+00:00
DEC-01504,Decathlon,"Poligono Palmones III, Cádiz, Andalucía",Los Barrios,Andalusia,11370,Spain,ES,36.1911000,-5.4254000,+34 956 67 57 00,https://www.decathlon.es/es/store-view/tienda-de-deportes-los-barrios-0070031700317,Mo-Sa 10:00-22:00,AllThePlaces / localisateur officiel,0070031700317,https://api.woosmap.com/stores?key=woos-5dbb4402-9d17-366b-af49-614910204d64&stores_by_page=300&page=1,2026-07-11T20:29:07+00:00
DEC-01505,Decathlon,"Parque Empresarial As Gándaras, Vial A, Parcela R, Lugo, Galicia",Lugo,Galicia,27003,Spain,ES,43.0119000,-7.6385000,+34 982 30 33 02,https://www.decathlon.es/es/store-view/tienda-de-deportes-lugo-0070061800618,Mo-Sa 10:00-21:30,AllThePlaces / localisateur officiel,0070061800618,https://api.woosmap.com/stores?key=woos-5dbb4402-9d17-366b-af49-614910204d64&stores_by_page=300&page=1,2026-07-11T20:29:07+00:00
DEC-01506,Decathlon,Rúa Aller Ulloa Ramón María,Lugo,Galicia,27003,Spain,ES,43.0369999,-7.5534672,+34 982303302,https://www.decathlon.es,Mo-Sa 10:00-22:00,OpenStreetMap,way/387259178;way/387259179,https://www.openstreetmap.org/way/387259178; https://www.openstreetmap.org/way/387259179,2026-07-11T20:29:07+00:00
DEC-01507,Decathlon,"Centro Comercial Azabache, Asturias",Lugones,Asturias,33420,Spain,ES,43.4125403,-5.7954237,+34 985 73 26 90,https://www.decathlon.es/es/store-view/tienda-de-deportes-lugones-0070034700347,Mo-Sa 09:30-21:30,AllThePlaces / localisateur officiel; OpenStreetMap,0070034700347;node/10886216982,https://api.woosmap.com/stores?key=woos-5dbb4402-9d17-366b-af49-614910204d64&stores_by_page=300&page=1; https://www.openstreetmap.org/node/10886216982,2026-07-11T20:29:07+00:00
DEC-01508,Decathlon,"C\ Orense, 1",MADRID,Madrid,28020,Spain,ES,40.4469000,-3.6958000,+34 911 75 37 22,https://www.decathlon.es/es/store-view/tienda-de-deportes-city-madrid-orense-0070151001510,Mo-Sa 10:00-21:30; Su 11:00-21:00,AllThePlaces / localisateur officiel; OpenStreetMap,0070151001510;node/989205145,https://api.woosmap.com/stores?key=woos-5dbb4402-9d17-366b-af49-614910204d64&stores_by_page=300&page=1; https://www.openstreetmap.org/node/989205145,2026-07-11T20:29:07+00:00
DEC-01509,Decathlon,"Calle Strachan, 3",MALAGA,Andalusia,29015,Spain,ES,36.7198146,-4.4211842,+34 952 98 07 60,https://www.decathlon.es/es/store-view/tienda-de-deportes-city-malaga-0070150901509,Mo-Sa 10:00-21:00,AllThePlaces / localisateur officiel; OpenStreetMap,0070150901509;node/2610845638,https://api.woosmap.com/stores?key=woos-5dbb4402-9d17-366b-af49-614910204d64&stores_by_page=300&page=1; https://www.openstreetmap.org/node/2610845638,2026-07-11T20:29:07+00:00
DEC-01510,Decathlon,Avenida de Europa,MOTRIL,Andalusia,18600,Spain,ES,36.7420300,-3.5327800,+34 958 61 69 11,https://www.decathlon.es/es/store-view/tienda-de-deportes-motril-0070222302223,Mo-Sa 10:00-21:30,AllThePlaces / localisateur officiel; OpenStreetMap,0070222302223;way/762076130,https://api.woosmap.com/stores?key=woos-5dbb4402-9d17-366b-af49-614910204d64&stores_by_page=300&page=1; https://www.openstreetmap.org/way/762076130,2026-07-11T20:29:07+00:00
DEC-01511,Decathlon,GRAN VIA ESCULTOR SALZILLO - 9,MURCIA,Murcia,30004,Spain,ES,37.9849058,-1.1321913,+34 968 98 55 40,https://www.decathlon.es/es/store-view/tienda-de-deportes-city-murcia-salzillo-0070352503525,Mo-Sa 09:30-21:30,AllThePlaces / localisateur officiel,0070352503525,https://api.woosmap.com/stores?key=woos-5dbb4402-9d17-366b-af49-614910204d64&stores_by_page=300&page=1,2026-07-11T20:29:07+00:00
DEC-01512,Decathlon,"Avenida Rafaela Ybarra SN, Madrid, Madrid",Madrid,Madrid,28041,Spain,ES,40.3661474,-3.7117954,+34 913 41 00 80,https://www.decathlon.es/es/store-view/tienda-de-deportes-usera-0070029400294,Mo-Su 09:30-22:00,AllThePlaces / localisateur officiel; OpenStreetMap,0070029400294;relation/14336433,https://api.woosmap.com/stores?key=woos-5dbb4402-9d17-366b-af49-614910204d64&stores_by_page=300&page=1; https://www.openstreetmap.org/relation/14336433,2026-07-11T20:29:07+00:00
DEC-01513,Decathlon,"Avd. Albufera, 153 C.C. Albufera Plaza",Madrid,Madrid,28038,Spain,ES,40.3925547,-3.6555206,+34 911 75 32 05,https://www.decathlon.es/es/store-view/tienda-de-deportes-vallecas-0070089100891,Mo-Sa 10:00-22:00; Su 11:00-21:00,AllThePlaces / localisateur officiel; OpenStreetMap,0070089100891;node/9355589914,https://api.woosmap.com/stores?key=woos-5dbb4402-9d17-366b-af49-614910204d64&stores_by_page=300&page=1; https://www.openstreetmap.org/node/9355589914,2026-07-11T20:29:07+00:00
DEC-01514,Decathlon,"Paseo de Santa Maria de la Cabeza, 1",Madrid,Madrid,28045,Spain,ES,40.4070816,-3.6935382,+34 911 37 68 57,https://www.decathlon.es/es/store-view/tienda-de-deportes-city-madrid-atocha-0070094100941,Mo-Su 10:00-21:00,AllThePlaces / localisateur officiel; OpenStreetMap,0070094100941;node/3732320520,https://api.woosmap.com/stores?key=woos-5dbb4402-9d17-366b-af49-614910204d64&stores_by_page=300&page=1; https://www.openstreetmap.org/node/3732320520,2026-07-11T20:29:07+00:00
DEC-01515,Decathlon,Calle Fuencarral 45,Madrid,Madrid,28004,Spain,ES,40.4233708,-3.7005803,+34 915 31 22 59,https://www.decathlon.es/es/store-view/tienda-de-deportes-madrid-fuencarral-0070191801918,Mo-Su 09:30-21:30,AllThePlaces / localisateur officiel; OpenStreetMap,0070191801918;relation/1577047,https://api.woosmap.com/stores?key=woos-5dbb4402-9d17-366b-af49-614910204d64&stores_by_page=300&page=1; https://www.openstreetmap.org/relation/1577047,2026-07-11T20:29:07+00:00
DEC-01516,Decathlon,"Calle Ortega y Gasset, 22-24",Madrid,Madrid,28006,Spain,ES,40.4299990,-3.6830730,+34 911 75 38 87,https://www.decathlon.es/es/store-view/tienda-de-deportes-madrid-ortega-y-gasset-0070191401914,Mo-Sa 09:30-21:30; Su 11:00-21:00,AllThePlaces / localisateur officiel; OpenStreetMap,0070191401914;node/6017435885,https://api.woosmap.com/stores?key=woos-5dbb4402-9d17-366b-af49-614910204d64&stores_by_page=300&page=1; https://www.openstreetmap.org/node/6017435885,2026-07-11T20:29:07+00:00
DEC-01517,Decathlon,Calle de la Princesa 63.,Madrid,Madrid,28008,Spain,ES,40.4311750,-3.7191526,+34 914 55 12 97,https://www.decathlon.es/es/store-view/tienda-de-deportes-madrid-princesa-0070191901919,Mo-Sa 10:00-21:30; Su 11:00-21:00,AllThePlaces / localisateur officiel; OpenStreetMap,0070191901919;node/3257568696,https://api.woosmap.com/stores?key=woos-5dbb4402-9d17-366b-af49-614910204d64&stores_by_page=300&page=1; https://www.openstreetmap.org/node/3257568696,2026-07-11T20:29:07+00:00
DEC-01518,Decathlon,"Calle Alcalá, 338",Madrid,Madrid,28027,Spain,ES,40.4341859,-3.6455327,+34 911 75 42 65,https://www.decathlon.es/es/store-view/tienda-de-deportes-city-madrid-alcala-0070084400844,Mo-Sa 10:00-21:00; Su 11:00-20:30,AllThePlaces / localisateur officiel; OpenStreetMap,0070084400844;node/10789739714,https://api.woosmap.com/stores?key=woos-5dbb4402-9d17-366b-af49-614910204d64&stores_by_page=300&page=1; https://www.openstreetmap.org/node/10789739714,2026-07-11T20:29:07+00:00
DEC-01519,Decathlon,calle lopez de hoyos 111,Madrid,Madrid,28002,Spain,ES,40.4456966,-3.6721285,,https://www.decathlon.es/es/store-view/tienda-de-deportes-city-lopez-de-hoyos-0070348803488,Mo-Sa 09:30-21:00; Su 10:00-20:00,AllThePlaces / localisateur officiel; OpenStreetMap,0070348803488;node/6858919685,https://api.woosmap.com/stores?key=woos-5dbb4402-9d17-366b-af49-614910204d64&stores_by_page=300&page=1; https://www.openstreetmap.org/node/6858919685,2026-07-11T20:29:07+00:00
DEC-01520,Decathlon,110 Paseo de la Castellana,Madrid,Madrid,,Spain,ES,40.4458814,-3.6906100,,https://www.decathlon.es,,OpenStreetMap,node/2584965764,https://www.openstreetmap.org/node/2584965764,2026-07-11T20:29:07+00:00
DEC-01521,Decathlon,"C. de Aracne, s/n, San Blas-Canillejas, 28022 Madrid",Madrid,Madrid,28022,Spain,ES,40.4460412,-3.5890246,+34 917 47 39 13,https://www.decathlon.es/es/store-view/tienda-de-deportes-city-madrid-plenilunio-0070108401084,Mo-Su 10:00-22:00,AllThePlaces / localisateur officiel; OpenStreetMap,0070108401084;node/5210751053,https://api.woosmap.com/stores?key=woos-5dbb4402-9d17-366b-af49-614910204d64&stores_by_page=300&page=1; https://www.openstreetmap.org/node/5210751053,2026-07-11T20:29:07+00:00
DEC-01522,Decathlon,CC La Vaguada (Avenida de Monforte de Lemos 36),Madrid,Madrid,28029,Spain,ES,40.4799938,-3.7074780,+34 911 75 38 80,https://www.decathlon.es/es/store-view/tienda-de-deportes-la-vaguada-0070189701897,Mo-Sa 10:00-22:00; Su 10:00-21:30,AllThePlaces / localisateur officiel; OpenStreetMap,0070189701897;node/8280668982,https://api.woosmap.com/stores?key=woos-5dbb4402-9d17-366b-af49-614910204d64&stores_by_page=300&page=1; https://www.openstreetmap.org/node/8280668982,2026-07-11T20:29:07+00:00
DEC-01523,Decathlon,"Calle de La Fresa 10, Majadahonda, Madrid",Majadahonda,Madrid,28220,Spain,ES,40.4539728,-3.8737791,+34 916 39 80 60,https://www.decathlon.es/es/store-view/tienda-de-deportes-majadahonda-0070028100281,Mo-Su 09:00-22:00,AllThePlaces / localisateur officiel; OpenStreetMap,0070028100281;way/24439312,https://api.woosmap.com/stores?key=woos-5dbb4402-9d17-366b-af49-614910204d64&stores_by_page=300&page=1; https://www.openstreetmap.org/way/24439312,2026-07-11T20:29:07+00:00
DEC-01524,Decathlon,Avenida Simón Bolivar,Malaga,Andalusia,29011,Spain,ES,36.7345188,-4.4312996,+34 952640598,https://www.decathlon.es,Mo-Sa 09:00-22:00,OpenStreetMap,node/10212491919,https://www.openstreetmap.org/node/10212491919,2026-07-11T20:29:07+00:00
DEC-01525,Decathlon,"Avenida Simon Bolivar s/n, Málaga, Andalucía",Malaga,Andalusia,29011,Spain,ES,36.7387000,-4.4324000,+34 952 64 05 98,https://www.decathlon.es/es/store-view/tienda-de-deportes-rosaleda-0070030900309,Mo-We 09:30-22:00; Th-Fr 09:30-21:00; Sa 09:30-22:00,AllThePlaces / localisateur officiel,0070030900309,https://api.woosmap.com/stores?key=woos-5dbb4402-9d17-366b-af49-614910204d64&stores_by_page=300&page=1,2026-07-11T20:29:07+00:00
DEC-01526,Decathlon,"Avinguda dels Països Catalans, 1, 08243 Manresa, Barcelona",Manresa,Catalonia,08243,Spain,ES,41.7254057,1.8466577,+34 938 74 84 71,https://www.decathlon.es/es/store-view/tienda-de-deportes-manresa-0070029900299,Mo-Sa 09:00-21:00,AllThePlaces / localisateur officiel; OpenStreetMap,0070029900299;node/10847102075,https://api.woosmap.com/stores?key=woos-5dbb4402-9d17-366b-af49-614910204d64&stores_by_page=300&page=1; https://www.openstreetmap.org/node/10847102075,2026-07-11T20:29:07+00:00
DEC-01527,Decathlon,,Marratxi,Balearic Islands,,Spain,ES,39.6153465,2.7058465,,https://www.decathlon.es,,OpenStreetMap,way/760779626,https://www.openstreetmap.org/way/760779626,2026-07-11T20:29:07+00:00
DEC-01528,Decathlon,"Centro Comercial Alcampo, Islas Baleares, Illes Balears",Marratxí - Mallorca,Balearic Islands,07141,Spain,ES,39.6272000,2.7572000,+34 971 60 40 32,https://www.decathlon.es/es/store-view/tienda-de-deportes-marratxi-0070010100101,Mo-Sa 09:00-22:00,AllThePlaces / localisateur officiel,0070010100101,https://api.woosmap.com/stores?key=woos-5dbb4402-9d17-366b-af49-614910204d64&stores_by_page=300&page=1,2026-07-11T20:29:07+00:00
DEC-01529,Decathlon,"Calle Pere Bombardó, 2, Barcelona, Cataluña",Mataró,Catalonia,08303,Spain,ES,41.5506161,2.4300129,+34 937 99 10 10,https://www.decathlon.es/es/store-view/tienda-de-deportes-mataro-0070014200142,Mo-We 09:00-21:00; Th 12:00-21:00; Fr-Sa 09:00-21:00,AllThePlaces / localisateur officiel; OpenStreetMap,0070014200142;node/4853284023;way/197369439,https://api.woosmap.com/stores?key=woos-5dbb4402-9d17-366b-af49-614910204d64&stores_by_page=300&page=1; https://www.openstreetmap.org/node/4853284023; https://www.openstreetmap.org/way/197369439,2026-07-11T20:29:07+00:00
DEC-01530,Decathlon,Avinguda Europa 3,Maó - Menorca,Balearic Islands,07714,Spain,ES,39.8857430,4.2354790,+34 971 35 17 70,https://www.decathlon.es/es/store-view/tienda-de-deportes-mao-menorca-0070121701217,Mo-Sa 09:00-22:00,AllThePlaces / localisateur officiel; OpenStreetMap,0070121701217;node/6542386044,https://api.woosmap.com/stores?key=woos-5dbb4402-9d17-366b-af49-614910204d64&stores_by_page=300&page=1; https://www.openstreetmap.org/node/6542386044,2026-07-11T20:29:07+00:00
DEC-01531,Decathlon,"Avenida Cuartel de Valenzuela s/n, 52002 Melilla",Melilla,Melilla,52002,Spain,ES,35.2718878,-2.9382351,+34 952 68 49 66,https://www.decathlon.es/es/store-view/tienda-de-deportes-melilla-0070192101921,Mo-Sa 10:00-22:00,AllThePlaces / localisateur officiel; OpenStreetMap,0070192101921;way/580787551,https://api.woosmap.com/stores?key=woos-5dbb4402-9d17-366b-af49-614910204d64&stores_by_page=300&page=1; https://www.openstreetmap.org/way/580787551,2026-07-11T20:29:07+00:00
DEC-01532,Decathlon,CC Miramar - Av. Tejada sn - Mijas,Mijas costa,Andalusia,29650,Spain,ES,36.5290640,-4.6323250,+34 951 31 45 44,https://www.decathlon.es/es/store-view/tienda-de-deportes-mijas-0070060200602,Mo-Sa 09:30-21:30,AllThePlaces / localisateur officiel,0070060200602,https://api.woosmap.com/stores?key=woos-5dbb4402-9d17-366b-af49-614910204d64&stores_by_page=300&page=1,2026-07-11T20:29:07+00:00
DEC-01533,Decathlon,"Av. dels Rabassaires, 50, 08100 Mollet del Vallès, Barcelona",Mollet del Vallès,Catalonia,08100,Spain,ES,41.5429176,2.2227825,+34 935 41 91 70,https://www.decathlon.es/es/store-view/tienda-de-deportes-mollet-del-valles-0070062300623,Mo-Sa 09:00-21:00,AllThePlaces / localisateur officiel; OpenStreetMap,0070062300623;way/183256010,https://api.woosmap.com/stores?key=woos-5dbb4402-9d17-366b-af49-614910204d64&stores_by_page=300&page=1; https://www.openstreetmap.org/way/183256010,2026-07-11T20:29:07+00:00
DEC-01534,Decathlon,,Montecanal,Aragon,,Spain,ES,41.6314998,-0.9928407,,https://www.decathlon.es,,OpenStreetMap,node/1288034547,https://www.openstreetmap.org/node/1288034547,2026-07-11T20:29:07+00:00
DEC-01535,Decathlon,,Mostoles,Madrid,,Spain,ES,40.3478566,-3.8532689,,https://www.decathlon.es,,OpenStreetMap,way/27956484,https://www.openstreetmap.org/way/27956484,2026-07-11T20:29:07+00:00
DEC-01536,Decathlon,CC. Thader - Av. Borbón sn - Churra,Murcia,Murcia,30110,Spain,ES,38.0321010,-1.1491770,+34 968 38 59 36,https://www.decathlon.es/es/store-view/tienda-de-deportes-murcia-thader-0070044200442,Mo-Sa 10:00-22:00,AllThePlaces / localisateur officiel; OpenStreetMap,0070044200442;node/778670455,https://api.woosmap.com/stores?key=woos-5dbb4402-9d17-366b-af49-614910204d64&stores_by_page=300&page=1; https://www.openstreetmap.org/node/778670455,2026-07-11T20:29:07+00:00
DEC-01537,Decathlon,Camino Loma de San Julián,Málaga,Andalusia,29004,Spain,ES,36.6678714,-4.4701213,,,Mo-Sa 09:30-22:00,OpenStreetMap,way/277236606;node/9015406755,https://www.openstreetmap.org/way/277236606; https://www.openstreetmap.org/node/9015406755,2026-07-11T20:29:07+00:00
DEC-01538,Decathlon,"Camino de la Loma de San Julian, Málaga, Andalucía",Málaga,Andalusia,29004,Spain,ES,36.6820000,-4.4748000,+34 952 17 70 20,https://www.decathlon.es/es/store-view/tienda-de-deportes-guadalmar-0070037100371,Mo-Sa 09:30-21:30,AllThePlaces / localisateur officiel,0070037100371,https://api.woosmap.com/stores?key=woos-5dbb4402-9d17-366b-af49-614910204d64&stores_by_page=300&page=1,2026-07-11T20:29:07+00:00
DEC-01539,Decathlon,"Calle las Palmas 2, Polígono Industrial El Prado",Mérida,Extremadura,06800,Spain,ES,38.9215720,-6.3739080,+34 924 37 89 82,https://www.decathlon.es/es/store-view/tienda-de-deportes-merida-0070076700767,Mo-Sa 09:30-21:30,AllThePlaces / localisateur officiel; OpenStreetMap,0070076700767;way/370164724,https://api.woosmap.com/stores?key=woos-5dbb4402-9d17-366b-af49-614910204d64&stores_by_page=300&page=1; https://www.openstreetmap.org/way/370164724,2026-07-11T20:29:07+00:00
DEC-01540,Decathlon,Rúa das Pontes 2,NIGRAN,Galicia,36350,Spain,ES,42.1322023,-8.7979168,+34 986 98 08 40,https://www.decathlon.es/es/store-view/tienda-de-deportes-nigran-0070304903049,Mo-Sa 10:00-22:00,AllThePlaces / localisateur officiel; OpenStreetMap,0070304903049;node/11892186258,https://api.woosmap.com/stores?key=woos-5dbb4402-9d17-366b-af49-614910204d64&stores_by_page=300&page=1; https://www.openstreetmap.org/node/11892186258,2026-07-11T20:29:07+00:00
DEC-01541,Decathlon,CALLE JADE S/N,ORIHUELA,Valencia,03189,Spain,ES,37.9290339,-0.7345065,+34 965 32 48 54,https://www.decathlon.es/es/store-view/tienda-de-deportes-taller-ciudad-alicante-murcia-0070343703437,Mo-Su 09:00-22:00,AllThePlaces / localisateur officiel; OpenStreetMap,0070343703437;0070063800638;node/2282092078,https://api.woosmap.com/stores?key=woos-5dbb4402-9d17-366b-af49-614910204d64&stores_by_page=300&page=1; https://www.openstreetmap.org/node/2282092078,2026-07-11T20:29:07+00:00
DEC-01542,Decathlon,"Avenida das Mariñas 53, A Coruña, Galicia",Oleiros,Galicia,15171,Spain,ES,43.3207000,-8.3165000,+34 881 03 50 64,https://www.decathlon.es/es/store-view/tienda-de-deportes-oleiros-0070061700617,Mo-Sa 10:00-21:30; Su 10:00-21:00,AllThePlaces / localisateur officiel; OpenStreetMap,0070061700617;way/97219397;way/340341457,https://api.woosmap.com/stores?key=woos-5dbb4402-9d17-366b-af49-614910204d64&stores_by_page=300&page=1; https://www.openstreetmap.org/way/97219397; https://www.openstreetmap.org/way/340341457,2026-07-11T20:29:07+00:00
DEC-01543,Decathlon,"CV20 Carretera de Onda a Villareal, Castellón, Comunidad Valenciana",Onda,Valencia,12200,Spain,ES,39.9491212,-0.1747487,+34 964 75 05 94,https://www.decathlon.es/es/store-view/tienda-de-deportes-onda-0070059400594,Mo-Sa 10:00-21:00,AllThePlaces / localisateur officiel; OpenStreetMap,0070059400594;way/639141486,https://api.woosmap.com/stores?key=woos-5dbb4402-9d17-366b-af49-614910204d64&stores_by_page=300&page=1; https://www.openstreetmap.org/way/639141486,2026-07-11T20:29:07+00:00
DEC-01544,Decathlon,Calle Sagra 3A,Ondara,Valencia,03760,Spain,ES,38.8183298,0.0177841,+34 965 35 75 75,https://www.decathlon.es/es/store-view/tienda-de-deportes-ondara-0070288202882,Mo-Sa 09:30-21:30,AllThePlaces / localisateur officiel; OpenStreetMap,0070288202882;node/9420685616;way/996349688,https://api.woosmap.com/stores?key=woos-5dbb4402-9d17-366b-af49-614910204d64&stores_by_page=300&page=1; https://www.openstreetmap.org/node/9420685616; https://www.openstreetmap.org/way/996349688,2026-07-11T20:29:07+00:00
DEC-01545,Decathlon,Calle Obispo Victorio Oliver,Orihuela,Valencia,03300,Spain,ES,38.0870397,-0.9524205,+34 965 30 44 85,https://www.decathlon.es/es/store-view/tienda-de-deportes-orihuela-0070187901879,Mo-Sa 10:00-22:00,AllThePlaces / localisateur officiel,0070187901879,https://api.woosmap.com/stores?key=woos-5dbb4402-9d17-366b-af49-614910204d64&stores_by_page=300&page=1,2026-07-11T20:29:07+00:00
DEC-01546,Decathlon,"C/ DEL PASEO, 8",Ourense,Galicia,32003,Spain,ES,42.3386000,-7.8647000,+34 988 75 07 12,https://www.decathlon.es/es/store-view/tienda-de-deportes-city-ourense-0070160601606,Mo-Sa 10:00-21:00,AllThePlaces / localisateur officiel; OpenStreetMap,0070160601606;node/4506485194,https://api.woosmap.com/stores?key=woos-5dbb4402-9d17-366b-af49-614910204d64&stores_by_page=300&page=1; https://www.openstreetmap.org/node/4506485194,2026-07-11T20:29:07+00:00
DEC-01547,Decathlon,"Calle Uría, 3",Oviedo,Asturias,33003,Spain,ES,43.3636332,-5.8507780,+34 985 60 63 46,https://www.decathlon.es/es/store-view/tienda-de-deportes-decathlon-city-oviedo-0070189201892,Mo-Sa 10:00-21:00,AllThePlaces / localisateur officiel; OpenStreetMap,0070189201892;node/5655953328,https://api.woosmap.com/stores?key=woos-5dbb4402-9d17-366b-af49-614910204d64&stores_by_page=300&page=1; https://www.openstreetmap.org/node/5655953328,2026-07-11T20:29:07+00:00
DEC-01548,Decathlon,"Avenida de Cuba, 24, Palencia, Castilla y León",Palencia,Castille and Leon,34004,Spain,ES,42.0132025,-4.5204315,+34 979 17 85 33,https://www.decathlon.es/es/store-view/tienda-de-deportes-palencia-0070108201082,Mo-Sa 09:30-21:30,AllThePlaces / localisateur officiel; OpenStreetMap,0070108201082;node/7912013086,https://api.woosmap.com/stores?key=woos-5dbb4402-9d17-366b-af49-614910204d64&stores_by_page=300&page=1; https://www.openstreetmap.org/node/7912013086,2026-07-11T20:29:07+00:00
DEC-01549,Decathlon,"Avenida Cardenal Rosell, CC Fan Mallorca Shopping",Palma de Mallorca,Balearic Islands,07007,Spain,ES,39.5530159,2.7064473,+34 971 22 84 79,https://www.decathlon.es/es/store-view/tienda-de-deportes-fan-mallorca-0070151501515,Mo-Sa 10:00-22:00,AllThePlaces / localisateur officiel; OpenStreetMap,0070151501515;node/7797483985,https://api.woosmap.com/stores?key=woos-5dbb4402-9d17-366b-af49-614910204d64&stores_by_page=300&page=1; https://www.openstreetmap.org/node/7797483985,2026-07-11T20:29:07+00:00
DEC-01550,Decathlon,"Avinguda Jaume III, 21",Palma de Mallorca,Balearic Islands,07012,Spain,ES,39.5728380,2.6425470,+34 971 98 00 20,https://www.decathlon.es/es/store-view/tienda-de-deportes-city-palma-0070139401394,Mo-Sa 09:00-21:00; Su 10:00-20:00,AllThePlaces / localisateur officiel; OpenStreetMap,0070139401394;node/7383297322,https://api.woosmap.com/stores?key=woos-5dbb4402-9d17-366b-af49-614910204d64&stores_by_page=300&page=1; https://www.openstreetmap.org/node/7383297322,2026-07-11T20:29:07+00:00
DEC-01551,Decathlon,5 Carrer dels Caputxins,Palma de Mallorca,Balearic Islands,07002,Spain,ES,39.5743575,2.6529608,+34 971 99 15 60,https://www.decathlon.es/es/store-view/tienda-de-deportes-city-s-olivar-0070352403524,Mo-Sa 10:00-21:00,AllThePlaces / localisateur officiel; OpenStreetMap,0070352403524;node/13397462981,https://api.woosmap.com/stores?key=woos-5dbb4402-9d17-366b-af49-614910204d64&stores_by_page=300&page=1; https://www.openstreetmap.org/node/13397462981,2026-07-11T20:29:07+00:00
DEC-01552,Decathlon,"Camí de Jesús S/N, Islas Baleares, Illes Balears",Palma de Mallorca,Balearic Islands,07011,Spain,ES,39.5921180,2.6341040,+34 971 85 76 51,https://www.decathlon.es/es/store-view/tienda-de-deportes-son-moix-palma-de-mallorca-0070035800358,Mo-Sa 09:00-21:30,AllThePlaces / localisateur officiel; OpenStreetMap,0070035800358;node/986004922,https://api.woosmap.com/stores?key=woos-5dbb4402-9d17-366b-af49-614910204d64&stores_by_page=300&page=1; https://www.openstreetmap.org/node/986004922,2026-07-11T20:29:07+00:00
DEC-01553,Decathlon,2 Emilio Arrieta,Pamplona,Navarre,31002,Spain,ES,42.8147693,-1.6400022,+34948201383,https://www.decathlon.es/es/store-view/tienda-de-deportes-city-pamplona-0070275902759,Mo-Sa 10:00-20:30,AllThePlaces / localisateur officiel; OpenStreetMap,0070275902759;node/10701741114,https://api.woosmap.com/stores?key=woos-5dbb4402-9d17-366b-af49-614910204d64&stores_by_page=300&page=1; https://www.openstreetmap.org/node/10701741114,2026-07-11T20:29:07+00:00
DEC-01554,Decathlon,"A42 dirección Toledo, salida 21, C.C Parla Natura, Madrid, Madrid",Parla,Madrid,28984,Spain,ES,40.2465333,-3.7807687,+34 911 90 59 54,https://www.decathlon.es/es/store-view/tienda-de-deportes-parla-0070059500595,Mo-Su 10:00-21:00,AllThePlaces / localisateur officiel; OpenStreetMap,0070059500595;way/86336680,https://api.woosmap.com/stores?key=woos-5dbb4402-9d17-366b-af49-614910204d64&stores_by_page=300&page=1; https://www.openstreetmap.org/way/86336680,2026-07-11T20:29:07+00:00
DEC-01555,Decathlon,"Carrer de Santiago Rusiñol, 5, 17250 Platja d'Aro, Girona",Platja d´Aro,Catalonia,17250,Spain,ES,41.8070495,3.0539892,+34 972 78 92 09,https://www.decathlon.es/es/store-view/tienda-de-deportes-platja-d-aro-0070039300393,Mo-Su 09:30-21:00,AllThePlaces / localisateur officiel; OpenStreetMap,0070039300393;way/40773994,https://api.woosmap.com/stores?key=woos-5dbb4402-9d17-366b-af49-614910204d64&stores_by_page=300&page=1; https://www.openstreetmap.org/way/40773994,2026-07-11T20:29:07+00:00
DEC-01556,Decathlon,P.C. La Herreria Avda. Los escritores nº 3,Ponferrada,Castille and Leon,24400,Spain,ES,42.5491405,-6.6073921,+34 987 41 97 97,https://www.decathlon.es/es/store-view/tienda-de-deportes-ponferrada-0070108101081,Mo-Sa 09:00-21:00,AllThePlaces / localisateur officiel; OpenStreetMap,0070108101081;node/1175094654,https://api.woosmap.com/stores?key=woos-5dbb4402-9d17-366b-af49-614910204d64&stores_by_page=300&page=1; https://www.openstreetmap.org/node/1175094654,2026-07-11T20:29:07+00:00
DEC-01557,Decathlon,10 Avenida de Juan XXIII,Pozuelo de Alarcon,Madrid,28224,Spain,ES,40.4445760,-3.8092629,+34 917993014,https://www.decathlon.es/,Mo-Su 09:00-23:00,OpenStreetMap,way/164673984,https://www.openstreetmap.org/way/164673984,2026-07-11T20:29:07+00:00
DEC-01558,Decathlon,"C.C. El Silo, C/ Montalbán s/n Córdoba, Andalucía",Puente Genil,Andalusia,14500,Spain,ES,37.3959000,-4.7661000,+34 957 60 46 92,https://www.decathlon.es/es/store-view/tienda-de-deportes-puente-genil-0070107401074,Mo-Sa 09:00-21:00,AllThePlaces / localisateur officiel; OpenStreetMap,0070107401074;way/194515292,https://api.woosmap.com/stores?key=woos-5dbb4402-9d17-366b-af49-614910204d64&stores_by_page=300&page=1; https://www.openstreetmap.org/way/194515292,2026-07-11T20:29:07+00:00
DEC-01559,Decathlon,"Calle Mar Mediterrani Finca S'Olivera, 3",Puig d'en Valls,Balearic Islands,07813,Spain,ES,38.9239079,1.4312347,+34 971 31 80 88,https://www.decathlon.es/es/store-view/tienda-de-deportes-ibiza-0070073700737,Mo-Su 09:30-21:30,AllThePlaces / localisateur officiel; OpenStreetMap,0070073700737;way/494890871,https://api.woosmap.com/stores?key=woos-5dbb4402-9d17-366b-af49-614910204d64&stores_by_page=300&page=1; https://www.openstreetmap.org/way/494890871,2026-07-11T20:29:07+00:00
DEC-01560,Decathlon,"C/ Luis Buñuel, nº 6 Centro comercial Granaita, Granada, Andalucía",Pulianas,Andalusia,18197,Spain,ES,37.2126110,-3.6212699,+34 958 53 98 90,https://www.decathlon.es/es/store-view/tienda-de-deportes-granada-pulianas-0070076100761,Mo-Sa 09:00-21:30,AllThePlaces / localisateur officiel; OpenStreetMap,0070076100761;node/4316157058;node/10219407996,https://api.woosmap.com/stores?key=woos-5dbb4402-9d17-366b-af49-614910204d64&stores_by_page=300&page=1; https://www.openstreetmap.org/node/4316157058; https://www.openstreetmap.org/node/10219407996,2026-07-11T20:29:07+00:00
DEC-01561,Decathlon,"Carrer de Nicaragua, 2, 43204 Reus, Tarragona",Reus,Catalonia,43204,Spain,ES,41.1449477,1.1263827,+34 977 76 90 44,https://www.decathlon.es/es/store-view/tienda-de-deportes-reus-0070053100531,Mo-Sa 09:00-21:00,AllThePlaces / localisateur officiel; OpenStreetMap,0070053100531;way/199316566,https://api.woosmap.com/stores?key=woos-5dbb4402-9d17-366b-af49-614910204d64&stores_by_page=300&page=1; https://www.openstreetmap.org/way/199316566,2026-07-11T20:29:07+00:00
DEC-01562,Decathlon,,Ribadeo,Galicia,,Spain,ES,43.5398394,-7.0580498,,https://www.decathlon.es,Mo-Fr 10:00-21:00; Sa 10:00-21:30,OpenStreetMap,way/173074369,https://www.openstreetmap.org/way/173074369,2026-07-11T20:29:07+00:00
DEC-01563,Decathlon,Avenida Ría de Ribadeo N10,Ribadeo - Lugo,Galicia,27700,Spain,ES,43.5337000,-7.0403000,+34 982 13 14 54,https://www.decathlon.es/es/store-view/tienda-de-deportes-ribadeo-0070103701037,Mo-Fr 10:00-21:00; Sa 10:00-21:30,AllThePlaces / localisateur officiel,0070103701037,https://api.woosmap.com/stores?key=woos-5dbb4402-9d17-366b-af49-614910204d64&stores_by_page=300&page=1,2026-07-11T20:29:07+00:00
DEC-01564,Decathlon,"C/ Maria Montessori, 2, Madrid, Madrid",Rivas-Vaciamadrid,Madrid,28521,Spain,ES,40.3349129,-3.5287346,+34 917 51 80 40,https://www.decathlon.es/es/store-view/tienda-de-deportes-rivas-0070043500435,Mo-Sa 09:00-22:00; Su 10:00-22:00,AllThePlaces / localisateur officiel; OpenStreetMap,0070043500435;way/170349647,https://api.woosmap.com/stores?key=woos-5dbb4402-9d17-366b-af49-614910204d64&stores_by_page=300&page=1; https://www.openstreetmap.org/way/170349647,2026-07-11T20:29:07+00:00
DEC-01565,Decathlon,Calle Espinel 58,Ronda,Andalusia,29400,Spain,ES,36.7438100,-5.1634080,+34 952 98 07 55,https://www.decathlon.es/es/store-view/tienda-de-deportes-city-ronda-0070140801408,Mo-Sa 10:00-21:00,AllThePlaces / localisateur officiel; OpenStreetMap,0070140801408;node/9282711229,https://api.woosmap.com/stores?key=woos-5dbb4402-9d17-366b-af49-614910204d64&stores_by_page=300&page=1; https://www.openstreetmap.org/node/9282711229,2026-07-11T20:29:07+00:00
DEC-01566,Decathlon,"39 AV. POBLA DE VALLBONA, CTRA-CV35 SALIDA 16",SAN ANTONIO DE BENAGEBER (VALE,Valencia,46184,Spain,ES,39.5629756,-0.4927134,+34 961 80 13 04,https://www.decathlon.es/es/store-view/tienda-de-deportes-service-center-valencia-0070328703287,,AllThePlaces / localisateur officiel,0070328703287,https://api.woosmap.com/stores?key=woos-5dbb4402-9d17-366b-af49-614910204d64&stores_by_page=300&page=1,2026-07-11T20:29:07+00:00
DEC-01567,Decathlon,"Parque Comercial Alavera de San Juan, Sevilla, Andalucía",SAN JUAN DE AZNALFARACHE,Andalusia,41920,Spain,ES,37.3533991,-6.0246321,+34 954 10 67 69,https://www.decathlon.es/es/store-view/tienda-de-deportes-san-juan-de-aznalfarache-0070062500625,Mo-Sa 10:00-22:00,AllThePlaces / localisateur officiel; OpenStreetMap,0070062500625;node/1239265180,https://api.woosmap.com/stores?key=woos-5dbb4402-9d17-366b-af49-614910204d64&stores_by_page=300&page=1; https://www.openstreetmap.org/node/1239265180,2026-07-11T20:29:07+00:00
DEC-01568,Decathlon,"Calle Fernando Mugica Kalea, 2, 20018 Donostia, Gipuzkoa",SAN SEBASTIAN,Basque Country,20018,Spain,ES,43.2795970,-2.0136406,+34 943 37 87 00,https://www.decathlon.es/es/store-view/tienda-de-deportes-san-sebastian-donostia-0070024600246,Mo-Sa 09:30-21:00,AllThePlaces / localisateur officiel; OpenStreetMap,0070024600246;way/32873927,https://api.woosmap.com/stores?key=woos-5dbb4402-9d17-366b-af49-614910204d64&stores_by_page=300&page=1; https://www.openstreetmap.org/way/32873927,2026-07-11T20:29:07+00:00
DEC-01569,Decathlon,". DECATHLON LOGISTIQUE, MARTORELL",SANT ESTEVE DE SES ROVIRES,Catalonia,08635,Spain,ES,41.4915878,1.8745675,,https://www.decathlon.es/es/store-view/tienda-de-deportes-centro-logistico-barcelona-0070040100401,Mo-Fr 08:00-20:00; Sa 08:00-14:00,AllThePlaces / localisateur officiel,0070040100401,https://api.woosmap.com/stores?key=woos-5dbb4402-9d17-366b-af49-614910204d64&stores_by_page=300&page=1,2026-07-11T20:29:07+00:00
DEC-01570,Decathlon,"CALLE MARTIN VILLA, 2",SEVILLA,Andalusia,41003,Spain,ES,37.3929863,-5.9943743,+34 954 97 46 01,https://www.decathlon.es/es/store-view/tienda-de-deportes-sevilla-centro-0070243902439,Mo-Sa 09:30-22:00; Su 11:00-21:00,AllThePlaces / localisateur officiel; OpenStreetMap,0070243902439;node/6892086685,https://api.woosmap.com/stores?key=woos-5dbb4402-9d17-366b-af49-614910204d64&stores_by_page=300&page=1; https://www.openstreetmap.org/node/6892086685,2026-07-11T20:29:07+00:00
DEC-01571,Decathlon,Rambla 91,Sabadell,Catalonia,08202,Spain,ES,41.5437993,2.1106953,+34 935 21 53 91,https://www.decathlon.es/es/store-view/tienda-de-deportes-city-sabadell-0070189601896,Mo-Sa 10:00-21:00,AllThePlaces / localisateur officiel; OpenStreetMap,0070189601896;node/13472238601,https://api.woosmap.com/stores?key=woos-5dbb4402-9d17-366b-af49-614910204d64&stores_by_page=300&page=1; https://www.openstreetmap.org/node/13472238601,2026-07-11T20:29:07+00:00
DEC-01572,Decathlon,Parque Comercial VidaNova Parc. Avenida de les Moreres,Sagunto,Valencia,46500,Spain,ES,39.6745675,-0.2647695,+34 960 90 15 42,https://www.decathlon.es/es/store-view/tienda-de-deportes-sagunto-0070199801998,Mo-Th 10:00-21:00; Fr-Sa 10:00-22:00,AllThePlaces / localisateur officiel; OpenStreetMap,0070199801998;way/741663763,https://api.woosmap.com/stores?key=woos-5dbb4402-9d17-366b-af49-614910204d64&stores_by_page=300&page=1; https://www.openstreetmap.org/way/741663763,2026-07-11T20:29:07+00:00
DEC-01573,Decathlon,,Salou,Catalonia,,Spain,ES,41.0725193,1.1492784,,,,OpenStreetMap,node/1349599760,https://www.openstreetmap.org/node/1349599760,2026-07-11T20:29:07+00:00
DEC-01574,Decathlon,"Avda. Pobla de Vallbona nº39, Ctra. CV35 Salida 16, Valencia",San Antonio de Benagéber,Valencia,46184,Spain,ES,39.5610000,-0.4992000,+34 961 80 13 04,https://www.decathlon.es/es/store-view/tienda-de-deportes-san-antonio-0070052300523,Mo-Fr 09:00-21:00; Sa 09:00-21:30,AllThePlaces / localisateur officiel,0070052300523,https://api.woosmap.com/stores?key=woos-5dbb4402-9d17-366b-af49-614910204d64&stores_by_page=300&page=1,2026-07-11T20:29:07+00:00
DEC-01575,Decathlon,39 Avenida Pobla de Vallbona,San Antonio de Benagéber,Valencia,46184,Spain,ES,39.5764065,-0.5159551,+34 961 801 304,https://www.decathlon.es,Mo-Sa 09:00-21:30,OpenStreetMap,way/149289684,https://www.openstreetmap.org/way/149289684,2026-07-11T20:29:07+00:00
DEC-01576,Decathlon,"N-II, KM 16, Centro Comercial Camino Real, Madrid, Madrid",San Fernando de Henares,Madrid,28830,Spain,ES,40.4481963,-3.5236570,+34 914 85 15 41,https://www.decathlon.es/es/store-view/tienda-de-deportes-san-fernando-de-henares-0070076600766,Mo-Su 10:00-21:30,AllThePlaces / localisateur officiel; OpenStreetMap,0070076600766;way/209557719,https://api.woosmap.com/stores?key=woos-5dbb4402-9d17-366b-af49-614910204d64&stores_by_page=300&page=1; https://www.openstreetmap.org/way/209557719,2026-07-11T20:29:07+00:00
DEC-01577,Decathlon,"Frente A Ccdos Mares Carretera-332S/N, 30730 San Javier, Murcia",San Javier,Murcia,30730,Spain,ES,37.8223887,-0.8133439,+34 968 33 41 21,https://www.decathlon.es/es/store-view/tienda-de-deportes-san-javier-0070046400464,Mo-Su 09:30-21:30,AllThePlaces / localisateur officiel; OpenStreetMap,0070046400464;node/10267136259,https://api.woosmap.com/stores?key=woos-5dbb4402-9d17-366b-af49-614910204d64&stores_by_page=300&page=1; https://www.openstreetmap.org/node/10267136259,2026-07-11T20:29:07+00:00
DEC-01578,Decathlon,,San Juan de Aznalfarache,Andalusia,,Spain,ES,37.3566062,-6.0257214,,,,OpenStreetMap,node/8339002052;node/8339002116,https://www.openstreetmap.org/node/8339002052; https://www.openstreetmap.org/node/8339002116,2026-07-11T20:29:07+00:00
DEC-01579,Decathlon,,San Juan del Puerto,Andalusia,21007,Spain,ES,37.3085976,-6.8826770,+34 959 35 30 31,https://www.decathlon.es,,OpenStreetMap,way/64868164;way/64868165,https://www.openstreetmap.org/way/64868164; https://www.openstreetmap.org/way/64868165,2026-07-11T20:29:07+00:00
DEC-01580,Decathlon,,San Roque,Andalusia,,Spain,ES,36.1888262,-5.4340605,,https://www.decathlon.es,,OpenStreetMap,way/472227679,https://www.openstreetmap.org/way/472227679,2026-07-11T20:29:07+00:00
DEC-01581,Decathlon,"Calle Salvador de Madariaga s/n, SS. Madrid, Madrid",San Sebastián de Los Reyes,Madrid,28700,Spain,ES,40.5672234,-3.6074971,+34 914 53 60 00,https://www.decathlon.es/es/store-view/tienda-de-deportes-san-sebastian-de-los-reyes-0070043900439,Mo-Su 09:00-22:00,AllThePlaces / localisateur officiel; OpenStreetMap,0070043900439;node/576307159,https://api.woosmap.com/stores?key=woos-5dbb4402-9d17-366b-af49-614910204d64&stores_by_page=300&page=1; https://www.openstreetmap.org/node/576307159,2026-07-11T20:29:07+00:00
DEC-01582,Decathlon,"Calle San Marcial, 21",San Sebastían Donostia,Basque Country,20005,Spain,ES,43.3188134,-1.9816642,+34 943 22 18 49,https://www.decathlon.es/es/store-view/tienda-de-deportes-city-san-marcial-centro-donostia--0070187301873,Mo-Sa 10:00-21:00,AllThePlaces / localisateur officiel; OpenStreetMap,0070187301873;node/5173717995,https://api.woosmap.com/stores?key=woos-5dbb4402-9d17-366b-af49-614910204d64&stores_by_page=300&page=1; https://www.openstreetmap.org/node/5173717995,2026-07-11T20:29:07+00:00
DEC-01583,Decathlon,"MU-30 Alcantarilla-El Palmar S-144, Murcia, Región de Murcia",Sangonera La Seca,Murcia,30835,Spain,ES,37.9567929,-1.2177244,+34 968 89 65 54,https://www.decathlon.es/es/store-view/tienda-de-deportes-murcia-oeste-0070052600526,Mo-Sa 10:00-21:30,AllThePlaces / localisateur officiel; OpenStreetMap,0070052600526;node/672832149;way/53169051,https://api.woosmap.com/stores?key=woos-5dbb4402-9d17-366b-af49-614910204d64&stores_by_page=300&page=1; https://www.openstreetmap.org/node/672832149; https://www.openstreetmap.org/way/53169051,2026-07-11T20:29:07+00:00
DEC-01584,Decathlon,"c/ Riera Roja 33-35, Polig. Les Salines, Barcelona, Cataluña",Sant Boi de Llobregat,Catalonia,08830,Spain,ES,41.3276157,2.0476153,+34 936 35 83 00,https://www.decathlon.es/es/store-view/tienda-de-deportes-sant-boi-0070013700137,Mo-Sa 09:00-21:00,AllThePlaces / localisateur officiel; OpenStreetMap,0070013700137;way/531844020,https://api.woosmap.com/stores?key=woos-5dbb4402-9d17-366b-af49-614910204d64&stores_by_page=300&page=1; https://www.openstreetmap.org/way/531844020,2026-07-11T20:29:07+00:00
DEC-01585,Decathlon,"Av. de la Via Augusta, 2-14, 08174 Sant Cugat del Vallès, Barcelona",Sant Cugat del Valles,Catalonia,08174,Spain,ES,41.4828560,2.0529252,+34 936 61 83 36,https://www.decathlon.es/es/store-view/tienda-de-deportes-sant-cugat-del-valles-0070245002450,Mo-Sa 09:00-21:00,AllThePlaces / localisateur officiel; OpenStreetMap,0070245002450;node/8848625517,https://api.woosmap.com/stores?key=woos-5dbb4402-9d17-366b-af49-614910204d64&stores_by_page=300&page=1; https://www.openstreetmap.org/node/8848625517,2026-07-11T20:29:07+00:00
DEC-01586,Decathlon,"Calle Castillo, 51",Santa Cruz de Tenerife,Canary Islands,38003,Spain,ES,28.4674000,-16.2529000,+34 922 47 63 29,https://www.decathlon.es/es/store-view/tienda-de-deportes-city-tenerife-0070153801538,Mo-Sa 10:00-20:30,AllThePlaces / localisateur officiel; OpenStreetMap,0070153801538;node/6687238486,https://api.woosmap.com/stores?key=woos-5dbb4402-9d17-366b-af49-614910204d64&stores_by_page=300&page=1; https://www.openstreetmap.org/node/6687238486,2026-07-11T20:29:07+00:00
DEC-01587,Decathlon,"Calle Joaquin Rodrigo 4, Cantabria, Cantabria",Santander,Cantabria,39011,Spain,ES,43.4558764,-3.8646659,+34 942 35 51 43,https://www.decathlon.es/es/store-view/tienda-de-deportes-santander-0070035200352,Mo-Sa 09:30-21:30,AllThePlaces / localisateur officiel; OpenStreetMap,0070035200352;node/843781089;way/244052834,https://api.woosmap.com/stores?key=woos-5dbb4402-9d17-366b-af49-614910204d64&stores_by_page=300&page=1; https://www.openstreetmap.org/node/843781089; https://www.openstreetmap.org/way/244052834,2026-07-11T20:29:07+00:00
DEC-01588,Decathlon,"Calle República del Salvador, 31-33, Galicia",Santiago de Compostela,Galicia,15701,Spain,ES,42.8744000,-8.5486000,+34 981 98 49 06,https://www.decathlon.es/es/store-view/tienda-de-deportes-city-santiago-0070136901369,Mo-Su 10:00-21:00,AllThePlaces / localisateur officiel; OpenStreetMap,0070136901369;node/6402616585,https://api.woosmap.com/stores?key=woos-5dbb4402-9d17-366b-af49-614910204d64&stores_by_page=300&page=1; https://www.openstreetmap.org/node/6402616585,2026-07-11T20:29:07+00:00
DEC-01589,Decathlon,"C/ POLONIA Nº2, A Coruña, Galicia",Santiago de Compostela,Galicia,15707,Spain,ES,42.8894000,-8.5144000,+34 881 03 54 19,https://www.decathlon.es/es/store-view/tienda-de-deportes-santiago-de-compostela-0070041400414,Mo-Sa 10:00-22:00,AllThePlaces / localisateur officiel,0070041400414,https://api.woosmap.com/stores?key=woos-5dbb4402-9d17-366b-af49-614910204d64&stores_by_page=300&page=1,2026-07-11T20:29:07+00:00
DEC-01590,Decathlon,2 Rúa de Polonia,Santiago de Compostela,Galicia,15707,Spain,ES,42.9019776,-8.5102750,+34 981 89 75 16,https://www.decathlon.es,Mo-Sa 10:00-22:00,OpenStreetMap,way/116619875,https://www.openstreetmap.org/way/116619875,2026-07-11T20:29:07+00:00
DEC-01591,Decathlon,"Juan Bravo, 14",Segovia,Castille and Leon,40001,Spain,ES,40.9491930,-4.1226220,+34 921 75 04 11,https://www.decathlon.es/es/store-view/tienda-de-deportes-city-segovia-0070141401414,Mo-Sa 10:00-21:00,AllThePlaces / localisateur officiel; OpenStreetMap,0070141401414;node/10925840813,https://api.woosmap.com/stores?key=woos-5dbb4402-9d17-366b-af49-614910204d64&stores_by_page=300&page=1; https://www.openstreetmap.org/node/10925840813,2026-07-11T20:29:07+00:00
DEC-01592,Decathlon,"Parque Comercial El Golf, Toledo, Castilla-La Mancha",Talavera de la Reina,Castille-La Mancha,45600,Spain,ES,39.9629000,-4.8305000,+34 925 99 75 10,https://www.decathlon.es/es/store-view/tienda-de-deportes-talavera-de-la-reina-0070045900459,Mo-Sa 09:30-22:00,AllThePlaces / localisateur officiel,0070045900459,https://api.woosmap.com/stores?key=woos-5dbb4402-9d17-366b-af49-614910204d64&stores_by_page=300&page=1,2026-07-11T20:29:07+00:00
DEC-01593,Decathlon,114 Carretera de Madrid,Talavera de la Reina,Castille-La Mancha,45600,Spain,ES,39.9667081,-4.7949808,+34 925997510,https://www.decathlon.es/es/store-view/tienda-de-deportes-talavera-de-la-reina-0070045900459,Mo-Sa 09:30-22:00,OpenStreetMap,way/644423975,https://www.openstreetmap.org/way/644423975,2026-07-11T20:29:07+00:00
DEC-01594,Decathlon,"Polígono Comercial Les Gavarres, Tarragona, Cataluña",Tarragona,Catalonia,43006,Spain,ES,41.1301724,1.2021386,+34 977 55 60 60,https://www.decathlon.es/es/store-view/tienda-de-deportes-tarragona-0070018500185,Mo-Sa 09:00-21:00,AllThePlaces / localisateur officiel; OpenStreetMap,0070018500185;way/78353821,https://api.woosmap.com/stores?key=woos-5dbb4402-9d17-366b-af49-614910204d64&stores_by_page=300&page=1; https://www.openstreetmap.org/way/78353821,2026-07-11T20:29:07+00:00
DEC-01595,Decathlon,"Autovia GC 1 Km 8, Salida la Estrella, Gran Canaria",Telde,Canary Islands,35212,Spain,ES,27.9856000,-15.4197000,+34 928 69 93 80,https://www.decathlon.es/es/store-view/tienda-de-deportes-telde-0070036900369,Mo-Sa 09:00-21:30,AllThePlaces / localisateur officiel,0070036900369,https://api.woosmap.com/stores?key=woos-5dbb4402-9d17-366b-af49-614910204d64&stores_by_page=300&page=1,2026-07-11T20:29:07+00:00
DEC-01596,Decathlón,,Telde,Canary Islands,,Spain,ES,28.0124454,-15.3907941,,,,OpenStreetMap,way/127927726,https://www.openstreetmap.org/way/127927726,2026-07-11T20:29:07+00:00
DEC-01597,Decathlon,"Avenida del Téxtil 1, Barcelona, Cataluña",Terrassa,Catalonia,08223,Spain,ES,41.5445649,2.0268152,+34 937 31 81 00,https://www.decathlon.es/es/store-view/tienda-de-deportes-terrassa-0070010200102,Mo-Sa 09:00-21:00,AllThePlaces / localisateur officiel,0070010200102,https://api.woosmap.com/stores?key=woos-5dbb4402-9d17-366b-af49-614910204d64&stores_by_page=300&page=1,2026-07-11T20:29:07+00:00
DEC-01598,Decathlon,"Parque Comercial Abadia. Carretera A-42 Madrid-Toledo KM 65, Toledo",Toledo,Castille-La Mancha,45003,Spain,ES,39.8794000,-4.0209000,+34 925 53 97 69,https://www.decathlon.es/es/store-view/tienda-de-deportes-toledo-0070070900709,Mo-Sa 09:30-22:00,AllThePlaces / localisateur officiel,0070070900709,https://api.woosmap.com/stores?key=woos-5dbb4402-9d17-366b-af49-614910204d64&stores_by_page=300&page=1,2026-07-11T20:29:07+00:00
DEC-01599,Decathlon,"C/ Ganzo, 58",Torrelavega,Cantabria,39300,Spain,ES,43.3585768,-4.0636277,+34 942 24 35 61,https://www.decathlon.es/es/store-view/tienda-de-deportes-torrelavega-0070199601996,Mo-Sa 09:30-21:30,AllThePlaces / localisateur officiel; OpenStreetMap,0070199601996;way/671932020,https://api.woosmap.com/stores?key=woos-5dbb4402-9d17-366b-af49-614910204d64&stores_by_page=300&page=1; https://www.openstreetmap.org/way/671932020,2026-07-11T20:29:07+00:00
DEC-01600,Decathlon,"P. Comercial el Toll i L'Alberca, Valencia, Comunidad Valenciana",Torrent,Valencia,46900,Spain,ES,39.4189000,-0.5060600,+34 961 57 71 57,https://www.decathlon.es/es/store-view/tienda-de-deportes-torrent-0070047600476,Mo-Tu 10:00-21:00; We 10:00-20:00; Th-Sa 10:00-21:00,AllThePlaces / localisateur officiel; OpenStreetMap,0070047600476;way/724078343,https://api.woosmap.com/stores?key=woos-5dbb4402-9d17-366b-af49-614910204d64&stores_by_page=300&page=1; https://www.openstreetmap.org/way/724078343,2026-07-11T20:29:07+00:00
DEC-01601,Decathlon,"Carr. de Tortosa a L'Aldea, 43500 Tortosa, Tarragona",Tortosa,Catalonia,43500,Spain,ES,40.7930539,0.5221477,+34 977 44 99 22,https://www.decathlon.es/es/store-view/tienda-de-deportes-tortosa-0070071300713,Mo-Su 09:00-21:00,AllThePlaces / localisateur officiel; OpenStreetMap,0070071300713;way/634392146,https://api.woosmap.com/stores?key=woos-5dbb4402-9d17-366b-af49-614910204d64&stores_by_page=300&page=1; https://www.openstreetmap.org/way/634392146,2026-07-11T20:29:07+00:00
DEC-01602,Decathlon,"C/ PEDRERO 65, C.C ParqueAstur",Trasona,Asturias,33468,Spain,ES,43.5474698,-5.8689619,+34 985 55 90 50,https://www.decathlon.es/es/store-view/tienda-de-deportes-parqueastur-0070222202222,Mo-Sa 10:00-21:00,AllThePlaces / localisateur officiel; OpenStreetMap,0070222202222;node/6593127791;node/11197716461,https://api.woosmap.com/stores?key=woos-5dbb4402-9d17-366b-af49-614910204d64&stores_by_page=300&page=1; https://www.openstreetmap.org/node/6593127791; https://www.openstreetmap.org/node/11197716461,2026-07-11T20:29:07+00:00
DEC-01603,Decathlon,"Ctra Corella Vial Rio Colmar., Navarra, Navarra",Tudela,Navarre,31500,Spain,ES,42.0614000,-1.6063000,+34 948 84 80 40,https://www.decathlon.es/es/store-view/tienda-de-deportes-tudela-0070063200632,Mo-Sa 10:00-21:00,AllThePlaces / localisateur officiel,0070063200632,https://api.woosmap.com/stores?key=woos-5dbb4402-9d17-366b-af49-614910204d64&stores_by_page=300&page=1,2026-07-11T20:29:07+00:00
DEC-01604,Decathlon,"Calle Bodegas Sanchez Barba s/n, Ciudad Real",VALDEPENAS,Castille-La Mancha,13300,Spain,ES,38.7798665,-3.3865413,+34 926 34 85 34,https://www.decathlon.es/es/store-view/tienda-de-deportes-valdepenas-0070161301613,Mo-Sa 10:00-21:00,AllThePlaces / localisateur officiel; OpenStreetMap,0070161301613;way/1132255549;way/1284357245,https://api.woosmap.com/stores?key=woos-5dbb4402-9d17-366b-af49-614910204d64&stores_by_page=300&page=1; https://www.openstreetmap.org/way/1132255549; https://www.openstreetmap.org/way/1284357245,2026-07-11T20:29:07+00:00
DEC-01605,Decathlon,Av. del Profesor Lopez Piñero 16,VALENCIA,Valencia,46013,Spain,ES,39.4525752,-0.3563018,+34 963 09 90 10,https://www.decathlon.es/es/store-view/tienda-de-deportes-city-el-saler-0070345703457,Mo-Sa 10:00-22:00,AllThePlaces / localisateur officiel,0070345703457,https://api.woosmap.com/stores?key=woos-5dbb4402-9d17-366b-af49-614910204d64&stores_by_page=300&page=1,2026-07-11T20:29:07+00:00
DEC-01606,Decathlon,"C/ Dauradors, Vinaròs, Comunidad Valenciana","VINAROZ, VINAROS",Valencia,12500,Spain,ES,40.4564208,0.4504264,+34 964 40 27 51,https://www.decathlon.es/es/store-view/tienda-de-deportes-vinaros-0070107901079,Mo-Sa 09:30-21:00,AllThePlaces / localisateur officiel; OpenStreetMap,0070107901079;way/572892685,https://api.woosmap.com/stores?key=woos-5dbb4402-9d17-366b-af49-614910204d64&stores_by_page=300&page=1; https://www.openstreetmap.org/way/572892685,2026-07-11T20:29:07+00:00
DEC-01607,Decathlon,Cirilo Amorós N°62,Valencia,Valencia,46004,Spain,ES,39.4685322,-0.3681612,+34 963 07 37 25,https://www.decathlon.es/es/store-view/tienda-de-deportes-city-valencia-0070245102451,Mo-Fr 09:30-21:30; Sa 09:30-22:00,AllThePlaces / localisateur officiel; OpenStreetMap,0070245102451;node/9641270109,https://api.woosmap.com/stores?key=woos-5dbb4402-9d17-366b-af49-614910204d64&stores_by_page=300&page=1; https://www.openstreetmap.org/node/9641270109,2026-07-11T20:29:07+00:00
DEC-01608,Decathlon,"Av de Tirso de Molina, 16",Valencia,Valencia,46015,Spain,ES,39.4775229,-0.3955859,+34 962 79 54 07,https://www.decathlon.es/es/store-view/tienda-de-deportes-campanar-valencia-0070063900639,Mo-Fr 09:30-21:30; Sa 09:30-22:00,AllThePlaces / localisateur officiel; OpenStreetMap,0070063900639;node/4917673721,https://api.woosmap.com/stores?key=woos-5dbb4402-9d17-366b-af49-614910204d64&stores_by_page=300&page=1; https://www.openstreetmap.org/node/4917673721,2026-07-11T20:29:07+00:00
DEC-01609,Decathlon,C/ Constitución Nº 3,Valladolid,Castille and Leon,47001,Spain,ES,41.6511922,-4.7280364,+34 983 45 08 00,https://www.decathlon.es/es/store-view/tienda-de-deportes-city-valladolid-0070089200892,Mo-Sa 10:00-21:00,AllThePlaces / localisateur officiel; OpenStreetMap,0070089200892;node/5301385927,https://api.woosmap.com/stores?key=woos-5dbb4402-9d17-366b-af49-614910204d64&stores_by_page=300&page=1; https://www.openstreetmap.org/node/5301385927,2026-07-11T20:29:07+00:00
DEC-01610,Decathlon,"Carretera de Manlleu, Nº76-90, Barcelona, Cataluña",Vic,Catalonia,08500,Spain,ES,41.9453000,2.2588000,+34 938 88 30 10,https://www.decathlon.es/es/store-view/tienda-de-deportes-vic-0070050600506,Mo-Su 09:00-21:00,AllThePlaces / localisateur officiel; OpenStreetMap,0070050600506;way/166369664;way/319038065,https://api.woosmap.com/stores?key=woos-5dbb4402-9d17-366b-af49-614910204d64&stores_by_page=300&page=1; https://www.openstreetmap.org/way/166369664; https://www.openstreetmap.org/way/319038065,2026-07-11T20:29:07+00:00
DEC-01611,Decathlon,"Avenida Madrid 158, Parque Comercial Meixueiro Pontevedra, Galicia",Vigo,Galicia,36214,Spain,ES,42.2172000,-8.6813000,+34 986 40 65 01,https://www.decathlon.es/es/store-view/tienda-de-deportes-vigo-0070054000540,Mo-Sa 09:30-22:00,AllThePlaces / localisateur officiel; OpenStreetMap,0070054000540;node/1724682907,https://api.woosmap.com/stores?key=woos-5dbb4402-9d17-366b-af49-614910204d64&stores_by_page=300&page=1; https://www.openstreetmap.org/node/1724682907,2026-07-11T20:29:07+00:00
DEC-01612,Decathlon,"Plaza Estación, 1, C.C. Vialia, planta baja",Vigo,Galicia,36201,Spain,ES,42.2349290,-8.7106390,+34 986 38 87 05,https://www.decathlon.es/es/store-view/tienda-de-deportes-city-vigo-0070150601506,Mo-Sa 10:00-22:00,AllThePlaces / localisateur officiel; OpenStreetMap,0070150601506;node/9993770674,https://api.woosmap.com/stores?key=woos-5dbb4402-9d17-366b-af49-614910204d64&stores_by_page=300&page=1; https://www.openstreetmap.org/node/9993770674,2026-07-11T20:29:07+00:00
DEC-01613,Decathlon,"Av. Pere Molas, 36, 43480 Vila-seca, Tarragona",Vila-Seca,Catalonia,43480,Spain,ES,41.0961743,1.1513448,+34 977 32 55 65,https://www.decathlon.es/es/store-view/tienda-de-deportes-vila-seca-0070051000510,Mo-Su 09:00-21:00,AllThePlaces / localisateur officiel; OpenStreetMap,0070051000510;node/2858648554,https://api.woosmap.com/stores?key=woos-5dbb4402-9d17-366b-af49-614910204d64&stores_by_page=300&page=1; https://www.openstreetmap.org/node/2858648554,2026-07-11T20:29:07+00:00
DEC-01614,Decathlon,Carrer del ciment nº 1,Vilanova i la Geltrú,Catalonia,08800,Spain,ES,41.2371710,1.7302940,+34 938 14 48 30,https://www.decathlon.es/es/store-view/tienda-de-deportes-vilanova-i-la-geltru-0070038500385,Mo-Su 09:00-21:00,AllThePlaces / localisateur officiel; OpenStreetMap,0070038500385;way/1119270740,https://api.woosmap.com/stores?key=woos-5dbb4402-9d17-366b-af49-614910204d64&stores_by_page=300&page=1; https://www.openstreetmap.org/way/1119270740,2026-07-11T20:29:07+00:00
DEC-01615,Decathlon,"C-260, 18, 17484 Vilatenim, Girona",Vilatenim,Catalonia,17600,Spain,ES,42.2666024,2.9975392,+34 972 51 46 46,https://www.decathlon.es/es/store-view/tienda-de-deportes-figueres-0070037200372,Mo-Sa 09:00-21:00,AllThePlaces / localisateur officiel; OpenStreetMap,0070037200372;way/116729145;way/116729148,https://api.woosmap.com/stores?key=woos-5dbb4402-9d17-366b-af49-614910204d64&stores_by_page=300&page=1; https://www.openstreetmap.org/way/116729145; https://www.openstreetmap.org/way/116729148,2026-07-11T20:29:07+00:00
DEC-01616,Centro Logístico Decathlon Villadangos,,Villadangos del Páramo,Castille and Leon,,Spain,ES,42.5465940,-5.7403334,+34 987 39 14 69,,,OpenStreetMap,way/1532606511,https://www.openstreetmap.org/way/1532606511,2026-07-11T20:29:07+00:00
DEC-01617,Decathlon,"Parque Comercial Ribera del Guadiana, parcela 4, calle E",Villanueva de la Serena,Extremadura,06700,Spain,ES,38.9692830,-5.8092070,+34 924 84 34 41,https://www.decathlon.es/es/store-view/tienda-de-deportes-villanueva-de-la-serena-0070190901909,Mo-Sa 10:00-21:30,AllThePlaces / localisateur officiel; OpenStreetMap,0070190901909;way/574182112,https://api.woosmap.com/stores?key=woos-5dbb4402-9d17-366b-af49-614910204d64&stores_by_page=300&page=1; https://www.openstreetmap.org/way/574182112,2026-07-11T20:29:07+00:00
DEC-01618,Decathlon,General Álava 32,Vitoria,Basque Country,01005,Spain,ES,42.8446078,-2.6700741,+34 945 37 70 69,https://www.decathlon.es/es/store-view/tienda-de-deportes-city-vitoria-centro-ciudad--0070188601886,Mo-Fr 10:00-20:30; Sa 10:00-21:00,AllThePlaces / localisateur officiel,0070188601886,https://api.woosmap.com/stores?key=woos-5dbb4402-9d17-366b-af49-614910204d64&stores_by_page=300&page=1,2026-07-11T20:29:07+00:00
DEC-01619,Decathlon,"Carretera Miñano Mayor S/N, Álava, País Vasco",Vitoria - Gasteiz,Basque Country,01138,Spain,ES,42.9104175,-2.7124750,+34 945 46 07 90,https://www.decathlon.es/es/store-view/tienda-de-deportes-vitoria-c-c-gorbeia--0070031200312,Mo-Sa 09:30-21:30,AllThePlaces / localisateur officiel; OpenStreetMap,0070031200312;way/28735817,https://api.woosmap.com/stores?key=woos-5dbb4402-9d17-366b-af49-614910204d64&stores_by_page=300&page=1; https://www.openstreetmap.org/way/28735817,2026-07-11T20:29:07+00:00
DEC-01620,Decathlon,"Autovía A7, salida km 429, Almería, Andalucía",Vícar,Andalusia,04738,Spain,ES,36.8168920,-2.6010050,+34 950 18 72 87,https://www.decathlon.es/es/store-view/tienda-de-deportes-vicar-0070050200502,Mo-Sa 09:00-21:30,AllThePlaces / localisateur officiel; OpenStreetMap,0070050200502;way/261092139,https://api.woosmap.com/stores?key=woos-5dbb4402-9d17-366b-af49-614910204d64&stores_by_page=300&page=1; https://www.openstreetmap.org/way/261092139,2026-07-11T20:29:07+00:00
DEC-01621,Decathlon,"BRAÇAL DE LES DONES, Valencia, Comunidad Valenciana",Xativa,Valencia,46800,Spain,ES,38.9900000,-0.5235000,+34 962 28 78 83,https://www.decathlon.es/es/store-view/tienda-de-deportes-xativa-0070063700637,Mo-Su 09:30-21:30,AllThePlaces / localisateur officiel,0070063700637,https://api.woosmap.com/stores?key=woos-5dbb4402-9d17-366b-af49-614910204d64&stores_by_page=300&page=1,2026-07-11T20:29:07+00:00
DEC-01622,Decathlon,,Xativa,Valencia,,Spain,ES,38.9953180,-0.5295265,,,,OpenStreetMap,way/291009862,https://www.openstreetmap.org/way/291009862,2026-07-11T20:29:07+00:00
DEC-01623,Decathlon,Pol. Ind. La Iniesta Ampliación. C/ La Siega. Carretera Villacastín- Vigo,Zamora,Castille and Leon,49024,Spain,ES,41.5221801,-5.7568115,+34 980 55 07 41,https://www.decathlon.es/es/store-view/tienda-de-deportes-zamora-0070063500635,Mo-Sa 10:00-21:00,AllThePlaces / localisateur officiel; OpenStreetMap,0070063500635;way/413273854,https://api.woosmap.com/stores?key=woos-5dbb4402-9d17-366b-af49-614910204d64&stores_by_page=300&page=1; https://www.openstreetmap.org/way/413273854,2026-07-11T20:29:07+00:00
DEC-01624,Decathlon,"San Nicolo 10, Zaragoza, Aragón",Zaragoza,Aragon,50021,Spain,ES,41.6076235,-0.8847086,+34 976 93 02 50,https://www.decathlon.es/es/store-view/tienda-de-deportes-puerto-venecia-zaragoza-0070061600616,Mo-Sa 10:00-22:00,AllThePlaces / localisateur officiel; OpenStreetMap,0070061600616;way/182857477;way/1331308103,https://api.woosmap.com/stores?key=woos-5dbb4402-9d17-366b-af49-614910204d64&stores_by_page=300&page=1; https://www.openstreetmap.org/way/182857477; https://www.openstreetmap.org/way/1331308103,2026-07-11T20:29:07+00:00
DEC-01625,Decathlon,"Paseo Sagasta, 10",Zaragoza,Aragon,50006,Spain,ES,41.6460664,-0.8861789,+34 876 55 20 10,https://www.decathlon.es/es/store-view/tienda-de-deportes-city-zaragoza-0070141001410,Mo-Sa 10:00-21:00,AllThePlaces / localisateur officiel; OpenStreetMap,0070141001410;node/5630832343,https://api.woosmap.com/stores?key=woos-5dbb4402-9d17-366b-af49-614910204d64&stores_by_page=300&page=1; https://www.openstreetmap.org/node/5630832343,2026-07-11T20:29:07+00:00
DEC-01626,Decathlon,"Calle de Pikolin, Autovía de Logroño, KM. 6, 5, Zaragoza, Aragón",Zaragoza,Aragon,50011,Spain,ES,41.6764010,-0.9515420,+34 876 76 86 01,https://www.decathlon.es/es/store-view/tienda-de-deportes-la-torre-zaragoza-0070046300463,Mo-Sa 10:00-21:00,AllThePlaces / localisateur officiel; OpenStreetMap,0070046300463;way/815860875,https://api.woosmap.com/stores?key=woos-5dbb4402-9d17-366b-af49-614910204d64&stores_by_page=300&page=1; https://www.openstreetmap.org/way/815860875,2026-07-11T20:29:07+00:00
DEC-01627,Decathlon,"Avenida Gertrudis Gómez de Avellaneda Sin Numero, Zaragoza, Aragón",Zaragoza,Aragon,50018,Spain,ES,41.6927000,-0.8627000,+34 976 72 91 00,https://www.decathlon.es/es/store-view/tienda-de-deportes-grancasa-zaragoza-0070016800168,Mo-Sa 10:00-22:00,AllThePlaces / localisateur officiel,0070016800168,https://api.woosmap.com/stores?key=woos-5dbb4402-9d17-366b-af49-614910204d64&stores_by_page=300&page=1,2026-07-11T20:29:07+00:00
DEC-01628,Decathlon,"Avenida Juan Carlos I s/n, Ávila, Castilla y León",Ávila,Castille and Leon,05004,Spain,ES,40.6656090,-4.6625790,+34 920 26 40 67,https://www.decathlon.es/es/store-view/tienda-de-deportes-avila-0070139101391,Mo-Sa 09:30-21:30,AllThePlaces / localisateur officiel; OpenStreetMap,0070139101391;way/648226312,https://api.woosmap.com/stores?key=woos-5dbb4402-9d17-366b-af49-614910204d64&stores_by_page=300&page=1; https://www.openstreetmap.org/way/648226312,2026-07-11T20:29:07+00:00
DEC-01629,Decathlon,,Battaramulla South,Western,,Sri Lanka,LK,6.8930526,79.9236425,,,,OpenStreetMap,way/877824724,https://www.openstreetmap.org/way/877824724,2026-07-11T20:29:07+00:00
DEC-01630,Decathlon,"Route de Matran 9, Avry Centre",Avry sur Matran,Fribourg,1754,Switzerland,CH,46.7878360,7.0785810,+41 26 400 09 09,https://www.decathlon.ch/de/store-view/filiale-avry-0070213902139,Mo-Th 09:00-19:00; Fr 09:00-21:00; Sa 08:00-16:00,AllThePlaces / localisateur officiel; OpenStreetMap,0070213902139;node/8242663318;node/12762480692,https://api.woosmap.com/stores?key=woos-7b40f2ea-b0a6-3a3b-9315-53ca807b601c&stores_by_page=300&page=1; https://www.openstreetmap.org/node/8242663318; https://www.openstreetmap.org/node/12762480692,2026-07-11T20:29:07+00:00
DEC-01631,Decathlon,4 Spitalgasse,BERN,Bern,3011,Switzerland,CH,46.9483359,7.4430784,+41 31 311 82 83,https://www.decathlon.ch/de/store-view/filiale-bern-city-0070275402754,Mo-Fr 09:00-19:00; Sa 09:00-17:00,AllThePlaces / localisateur officiel; OpenStreetMap,0070275402754;node/5747852998,https://api.woosmap.com/stores?key=woos-7b40f2ea-b0a6-3a3b-9315-53ca807b601c&stores_by_page=300&page=1; https://www.openstreetmap.org/node/5747852998,2026-07-11T20:29:07+00:00
DEC-01632,Decathlon,Langgasse 40,Baar,Zug,6340,Switzerland,CH,47.1961520,8.5371330,+41 41 761 61 71,https://www.decathlon.ch/de/store-view/filiale-baar-0070213702137,Mo-Th 09:00-18:30; Fr 09:00-20:00; Sa 09:00-17:00,AllThePlaces / localisateur officiel; OpenStreetMap,0070213702137;node/1721469842,https://api.woosmap.com/stores?key=woos-7b40f2ea-b0a6-3a3b-9315-53ca807b601c&stores_by_page=300&page=1; https://www.openstreetmap.org/node/1721469842,2026-07-11T20:29:07+00:00
DEC-01633,Decathlon,Leimgrubenweg 27,Basel,Basel-Landschaft,4053,Switzerland,CH,47.5357980,7.6063730,+41 61 333 33 43,https://www.decathlon.ch/de/store-view/filiale-basel-0070213502135,Mo-Fr 09:00-20:00; Sa 09:00-18:00,AllThePlaces / localisateur officiel; OpenStreetMap,0070213502135;node/2049498603;node/8977133617,https://api.woosmap.com/stores?key=woos-7b40f2ea-b0a6-3a3b-9315-53ca807b601c&stores_by_page=300&page=1; https://www.openstreetmap.org/node/2049498603; https://www.openstreetmap.org/node/8977133617,2026-07-11T20:29:07+00:00
DEC-01634,Decathlon,23 Greifengasse,Basel,Basel-City,,Switzerland,CH,47.5615442,7.5927678,,https://www.decathlon.ch/de/store-view/filiale-basel-greifengasse-0070353403534,,OpenStreetMap,node/13749561103,https://www.openstreetmap.org/node/13749561103,2026-07-11T20:29:07+00:00
DEC-01635,Decathlon,Riedbachstrasse 100,Bern,Bern,3027,Switzerland,CH,46.9449810,7.3743090,+41 31 991 41 51,https://www.decathlon.ch/de/store-view/filiale-bern-westside-0070225102251,Mo-Th 09:00-20:00; Fr 09:00-21:00; Sa 08:00-17:00,AllThePlaces / localisateur officiel; OpenStreetMap,0070225102251;node/9312741609,https://api.woosmap.com/stores?key=woos-7b40f2ea-b0a6-3a3b-9315-53ca807b601c&stores_by_page=300&page=1; https://www.openstreetmap.org/node/9312741609,2026-07-11T20:29:07+00:00
DEC-01636,Decathlon,40 Nidaugasse,Biel,Bern,2502,Switzerland,CH,47.1391224,7.2459544,+41 32 322 55 53,https://www.decathlon.ch/de/store-view/filiale-biel-city-0070275502755,Mo-Fr 09:30-19:00; Sa 09:30-17:00,AllThePlaces / localisateur officiel; OpenStreetMap,0070275502755;node/5985880489,https://api.woosmap.com/stores?key=woos-7b40f2ea-b0a6-3a3b-9315-53ca807b601c&stores_by_page=300&page=1; https://www.openstreetmap.org/node/5985880489,2026-07-11T20:29:07+00:00
DEC-01637,Decathlon,Zürichstrasse 24,Biel,Bern,2504,Switzerland,CH,47.1616040,7.2933290,+41 32 341 40 50,https://www.decathlon.ch/de/store-view/filiale-biel-0070214502145,Mo-Th 09:00-19:00; Fr 09:00-20:00; Sa 08:00-17:00,AllThePlaces / localisateur officiel; OpenStreetMap,0070214502145;node/7897400623,https://api.woosmap.com/stores?key=woos-7b40f2ea-b0a6-3a3b-9315-53ca807b601c&stores_by_page=300&page=1; https://www.openstreetmap.org/node/7897400623,2026-07-11T20:29:07+00:00
DEC-01638,Decathlon,Kantonsstrasse 58,Brig-Glis,Valais,3902,Switzerland,CH,46.3086647,7.9700266,+41 27 924 96 46,https://www.decathlon.ch/de/store-view/filiale-decathlon-brig-0070321603216,Mo-Th 09:00-18:30; Fr 09:00-20:00; Sa 08:00-17:00,AllThePlaces / localisateur officiel,0070321603216,https://api.woosmap.com/stores?key=woos-7b40f2ea-b0a6-3a3b-9315-53ca807b601c&stores_by_page=300&page=1,2026-07-11T20:29:07+00:00
DEC-01639,Decathlon,Rue de l'Industrie 68,Bussigny,Vaud,1030,Switzerland,CH,46.5472000,6.5632400,+41 21 703 30 40,https://www.decathlon.ch/de/store-view/filiale-lausanne-bussigny-0070213302133,Mo-Th 09:00-19:00; Fr 09:00-20:00; Sa 08:30-18:00,AllThePlaces / localisateur officiel; OpenStreetMap,0070213302133;node/1320536286,https://api.woosmap.com/stores?key=woos-7b40f2ea-b0a6-3a3b-9315-53ca807b601c&stores_by_page=300&page=1; https://www.openstreetmap.org/node/1320536286,2026-07-11T20:29:07+00:00
DEC-01640,Decathlon,Chemin Industriel 3,Chavannes-de-Bogis,Rhone-Alpes,1279,Switzerland,CH,46.3317931,6.1551082,+41 22 776 49 29,https://www.decathlon.ch/de/store-view/filiale-chavannes-0070288602886,Mo-Th 09:00-19:00; Fr 09:00-21:00; Sa 09:00-19:00,AllThePlaces / localisateur officiel; OpenStreetMap,0070288602886;node/1603483939,https://api.woosmap.com/stores?key=woos-7b40f2ea-b0a6-3a3b-9315-53ca807b601c&stores_by_page=300&page=1; https://www.openstreetmap.org/node/1603483939,2026-07-11T20:29:07+00:00
DEC-01641,Decathlon,Wiesentalstrasse 98,Chur,Grisons,7000,Switzerland,CH,46.8623920,9.5310690,+41 81 353 53 63,https://www.decathlon.ch/de/store-view/filiale-chur-0070214702147,Mo-Th 09:00-19:00; Fr 09:00-20:00; Sa 09:00-18:00,AllThePlaces / localisateur officiel; OpenStreetMap,0070214702147;node/11007232705,https://api.woosmap.com/stores?key=woos-7b40f2ea-b0a6-3a3b-9315-53ca807b601c&stores_by_page=300&page=1; https://www.openstreetmap.org/node/11007232705,2026-07-11T20:29:07+00:00
DEC-01642,Decathlon,Via Alla Roggia 1,Collina D'oro,Ticino,6929,Switzerland,CH,45.9753214,8.9276721,+41 91 980 34 94,https://www.decathlon.ch/de/store-view/filiale-grancia-0070288502885,Mo-We 09:00-18:30; Th 09:00-21:00; Fr-Sa 09:00-18:30,AllThePlaces / localisateur officiel; OpenStreetMap,0070288502885;node/413516220;node/12488821193,https://api.woosmap.com/stores?key=woos-7b40f2ea-b0a6-3a3b-9315-53ca807b601c&stores_by_page=300&page=1; https://www.openstreetmap.org/node/413516220; https://www.openstreetmap.org/node/12488821193,2026-07-11T20:29:07+00:00
DEC-01643,Decathlon,Entre-Deux Fossaux,Collombey,Valais,1868,Switzerland,CH,46.2658850,6.9557240,+41 24 472 50 60,https://www.decathlon.ch/de/store-view/filiale-collombey-0070213102131,Mo-Th 09:00-18:30; Fr 09:00-20:00; Sa 08:00-17:00,AllThePlaces / localisateur officiel; OpenStreetMap,0070213102131;node/2955480110,https://api.woosmap.com/stores?key=woos-7b40f2ea-b0a6-3a3b-9315-53ca807b601c&stores_by_page=300&page=1; https://www.openstreetmap.org/node/2955480110,2026-07-11T20:29:07+00:00
DEC-01644,Decathlon,Route de Bassin 6,Conthey,Valais,1964,Switzerland,CH,46.2235480,7.2975080,+41 27 346 01 02,https://www.decathlon.ch/de/store-view/filiale-conthey-0070213002130,Mo-Th 09:00-18:30; Fr 09:00-20:00; Sa 08:00-17:00,AllThePlaces / localisateur officiel; OpenStreetMap,0070213002130;node/9138380427,https://api.woosmap.com/stores?key=woos-7b40f2ea-b0a6-3a3b-9315-53ca807b601c&stores_by_page=300&page=1; https://www.openstreetmap.org/node/9138380427,2026-07-11T20:29:07+00:00
DEC-01645,Decathlon,Route du Rawyl 39,Crans-Montana,Valais,3963,Switzerland,CH,46.3121602,7.4791050,+41 27 481 00 55,https://www.decathlon.ch/de/store-view/filiale-crans-montana-0070275102751,Mo-Su 08:30-18:30,AllThePlaces / localisateur officiel; OpenStreetMap,0070275102751;node/5151401067,https://api.woosmap.com/stores?key=woos-7b40f2ea-b0a6-3a3b-9315-53ca807b601c&stores_by_page=300&page=1; https://www.openstreetmap.org/node/5151401067,2026-07-11T20:29:07+00:00
DEC-01646,Decathlon,"Rätia Center, Promenade 40",DAVOS,Grisons,7270,Switzerland,CH,46.7936045,9.8212663,+41 81 413 30 39,https://www.decathlon.ch/de/store-view/filiale-davos-0070275302753,Mo-Fr 08:30-18:30; Sa 08:30-18:00; Su 08:30-17:00,AllThePlaces / localisateur officiel; OpenStreetMap,0070275302753;node/12615344583,https://api.woosmap.com/stores?key=woos-7b40f2ea-b0a6-3a3b-9315-53ca807b601c&stores_by_page=300&page=1; https://www.openstreetmap.org/node/12615344583,2026-07-11T20:29:07+00:00
DEC-01647,Decathlon,Industriestrasse 29,Dietlikon,Zurich,8305,Switzerland,CH,47.4127680,8.6199700,+41 44 888 30 40,https://www.decathlon.ch/de/store-view/filiale-dietlikon-0070214102141,Mo-Fr 09:00-20:00; Sa 09:00-18:00,AllThePlaces / localisateur officiel; OpenStreetMap,0070214102141;node/1370921222,https://api.woosmap.com/stores?key=woos-7b40f2ea-b0a6-3a3b-9315-53ca807b601c&stores_by_page=300&page=1; https://www.openstreetmap.org/node/1370921222,2026-07-11T20:29:07+00:00
DEC-01648,Decathlon,Stauffacherstrasse 1 (Emmen Center),Emmen,Lucerne,6020,Switzerland,CH,47.0745000,8.2872000,+41 41 260 00 70,https://www.decathlon.ch/de/store-view/filiale-emmenbrucke-0070214302143,Mo-Th 09:00-19:00; Fr 09:00-21:00; Sa 08:00-17:00,AllThePlaces / localisateur officiel; OpenStreetMap,0070214302143;node/7517875838,https://api.woosmap.com/stores?key=woos-7b40f2ea-b0a6-3a3b-9315-53ca807b601c&stores_by_page=300&page=1; https://www.openstreetmap.org/node/7517875838,2026-07-11T20:29:07+00:00
DEC-01649,Decathlon,01 rue de Jargonnant,Genève,Geneva,1207,Switzerland,CH,46.2009434,6.1604500,+41 22 901 04 05,https://www.decathlon.ch/de/store-view/filiale-geneve-eaux-vives-0070288402884,Mo-We 09:00-19:00; Th 09:00-20:00; Fr 09:00-19:30; Sa 09:00-18:00,AllThePlaces / localisateur officiel; OpenStreetMap,0070288402884;node/10989537816,https://api.woosmap.com/stores?key=woos-7b40f2ea-b0a6-3a3b-9315-53ca807b601c&stores_by_page=300&page=1; https://www.openstreetmap.org/node/10989537816,2026-07-11T20:29:07+00:00
DEC-01650,Decathlon,6 Rue de la Confédération,Genève,Geneva,1204,Switzerland,CH,46.2036066,6.1442509,+41 22 512 13 12,https://www.decathlon.ch/de/store-view/filiale-geneve-confederation-0070275602756,Mo-We 09:30-19:00; Th 09:30-20:00; Fr 09:30-19:30; Sa 09:30-18:00,AllThePlaces / localisateur officiel,0070275602756,https://api.woosmap.com/stores?key=woos-7b40f2ea-b0a6-3a3b-9315-53ca807b601c&stores_by_page=300&page=1,2026-07-11T20:29:07+00:00
DEC-01651,Decathlon,Rue de Lausanne 16-20,Genève,Geneva,1201,Switzerland,CH,46.2111170,6.1445240,+41 22 900 04 04,https://www.decathlon.ch/de/store-view/filiale-geneve-les-cygnes-0070225002250,Mo-We 09:00-19:00; Th-Fr 09:00-19:30; Sa 09:00-18:00,AllThePlaces / localisateur officiel; OpenStreetMap,0070225002250;node/6765630778,https://api.woosmap.com/stores?key=woos-7b40f2ea-b0a6-3a3b-9315-53ca807b601c&stores_by_page=300&page=1; https://www.openstreetmap.org/node/6765630778,2026-07-11T20:29:07+00:00
DEC-01652,Decathlon,Centre commercial Agy,Granges-Paccot,Fribourg,1763,Switzerland,CH,46.8211326,7.1528874,+41 26 466 17 07,https://www.decathlon.ch/de/store-view/filiale-fribourg-nord-0070320903209,Mo-We 09:00-19:00; Th 09:00-20:00; Fr 09:00-19:00; Sa 09:00-16:00,AllThePlaces / localisateur officiel; OpenStreetMap,0070320903209;node/12741344702,https://api.woosmap.com/stores?key=woos-7b40f2ea-b0a6-3a3b-9315-53ca807b601c&stores_by_page=300&page=1; https://www.openstreetmap.org/node/12741344702,2026-07-11T20:29:07+00:00
DEC-01653,Decathlon,Blümlisalpstrasse 36,Heimberg,Bern,3627,Switzerland,CH,46.7809720,7.6072780,+41 33 438 10 10,https://www.decathlon.ch/de/store-view/filiale-heimberg-0070214402144,Mo-Th 09:00-19:00; Fr 09:00-20:00; Sa 09:00-17:00,AllThePlaces / localisateur officiel; OpenStreetMap,0070214402144;node/8648855008,https://api.woosmap.com/stores?key=woos-7b40f2ea-b0a6-3a3b-9315-53ca807b601c&stores_by_page=300&page=1; https://www.openstreetmap.org/node/8648855008,2026-07-11T20:29:07+00:00
DEC-01654,Decathlon,Wässeristrasse 40,Hinwil,Zurich,8340,Switzerland,CH,47.3072300,8.8163220,+41 44 920 20 30,https://www.decathlon.ch/de/store-view/filiale-hinwil-0070214602146,Mo-Sa 09:00-20:00,AllThePlaces / localisateur officiel; OpenStreetMap,0070214602146;node/796771387,https://api.woosmap.com/stores?key=woos-7b40f2ea-b0a6-3a3b-9315-53ca807b601c&stores_by_page=300&page=1; https://www.openstreetmap.org/node/796771387,2026-07-11T20:29:07+00:00
DEC-01655,Decathlon,31 Bahnhofstrasse,Interlaken,Bern,3800,Switzerland,CH,46.6835857,7.8523026,+41 79 393 68 80,https://www.decathlon.ch/de/store-view/filiale-interlaken-0070351103511,Mo-Fr 09:00-19:00; Sa 09:00-17:00,AllThePlaces / localisateur officiel,0070351103511,https://api.woosmap.com/stores?key=woos-7b40f2ea-b0a6-3a3b-9315-53ca807b601c&stores_by_page=300&page=1,2026-07-11T20:29:07+00:00
DEC-01656,Decathlon,3 Leubernstrasse,Kreuzlingen,Thurgau,8280,Switzerland,CH,47.6386157,9.2029259,+41 71 688 81 71,https://www.decathlon.ch/de/store-view/filiale-kreuzlingen-ziil-0070321903219,Mo-Fr 09:00-19:00; Sa 08:00-18:00,AllThePlaces / localisateur officiel,0070321903219,https://api.woosmap.com/stores?key=woos-7b40f2ea-b0a6-3a3b-9315-53ca807b601c&stores_by_page=300&page=1,2026-07-11T20:29:07+00:00
DEC-01657,Decathlon,Rue Daniel-Jeanrichard 23,La Chaux de Fonds,Neuchatel,2300,Switzerland,CH,47.1000883,6.8274470,+41 32 755 09 99,https://www.decathlon.ch/de/store-view/filiale-la-chaux-de-fonds-0070321403214,Mo-We 08:30-19:00; Th 08:30-20:00; Fr 08:30-19:00; Sa 08:30-18:00,AllThePlaces / localisateur officiel,0070321403214,https://api.woosmap.com/stores?key=woos-7b40f2ea-b0a6-3a3b-9315-53ca807b601c&stores_by_page=300&page=1,2026-07-11T20:29:07+00:00
DEC-01658,Decathlon,Place Bel Air 1,Lausanne,Vaud,1003,Switzerland,CH,46.5220072,6.6289642,+41 21 311 90 30,https://www.decathlon.ch/de/store-view/filiale-lausanne-bel-air-0070321203212,Mo-Fr 09:00-19:00; Sa 09:00-18:00,AllThePlaces / localisateur officiel; OpenStreetMap,0070321203212;node/408170053,https://api.woosmap.com/stores?key=woos-7b40f2ea-b0a6-3a3b-9315-53ca807b601c&stores_by_page=300&page=1; https://www.openstreetmap.org/node/408170053,2026-07-11T20:29:07+00:00
DEC-01659,Decathlon,Kapellgasse 8,Luzern,Lucerne,6004,Switzerland,CH,47.0526009,8.3069935,+41 41 410 25 15,https://www.decathlon.ch/de/store-view/filiale-luzern-city-0070349503495,Mo-Fr 09:00-19:00; Sa 09:00-17:00,AllThePlaces / localisateur officiel; OpenStreetMap,0070349503495;node/7850677193,https://api.woosmap.com/stores?key=woos-7b40f2ea-b0a6-3a3b-9315-53ca807b601c&stores_by_page=300&page=1; https://www.openstreetmap.org/node/7850677193,2026-07-11T20:29:07+00:00
DEC-01660,Decathlon,"Rue de la Fleur-de-Lys 26, Marin Centre MMM Migros",Marin Epagnier,Neuchatel,2074,Switzerland,CH,47.0125130,7.0079500,+41 32 756 70 00,https://www.decathlon.ch/de/store-view/filiale-neuchatel-marin-0070161201612,Mo-We 09:00-19:00; Th 09:00-20:00; Fr 09:00-19:00; Sa 08:30-18:00,AllThePlaces / localisateur officiel; OpenStreetMap,0070161201612;node/5175374621,https://api.woosmap.com/stores?key=woos-7b40f2ea-b0a6-3a3b-9315-53ca807b601c&stores_by_page=300&page=1; https://www.openstreetmap.org/node/5175374621,2026-07-11T20:29:07+00:00
DEC-01661,Decathlon,Avenue de Fully 53,Martigny,Valais,1920,Switzerland,CH,46.1110322,7.0757466,+41 27 722 54 74,https://www.decathlon.ch/de/store-view/filiale-martigny-0070275202752,Mo-Th 09:00-18:30; Fr 09:00-20:00; Sa 09:00-17:00,AllThePlaces / localisateur officiel; OpenStreetMap,0070275202752;node/1483096230,https://api.woosmap.com/stores?key=woos-7b40f2ea-b0a6-3a3b-9315-53ca807b601c&stores_by_page=300&page=1; https://www.openstreetmap.org/node/1483096230,2026-07-11T20:29:07+00:00
DEC-01662,Decathlon,En Chamard 46A,Montagny-près-Yverdon,Vaud,1442,Switzerland,CH,46.7916350,6.6224550,+41 24 445 55 65,https://www.decathlon.ch/de/store-view/filiale-yverdon-0070213402134,Mo-Fr 09:00-19:00; Sa 09:00-18:00,AllThePlaces / localisateur officiel; OpenStreetMap,0070213402134;node/3661217434,https://api.woosmap.com/stores?key=woos-7b40f2ea-b0a6-3a3b-9315-53ca807b601c&stores_by_page=300&page=1; https://www.openstreetmap.org/node/3661217434,2026-07-11T20:29:07+00:00
DEC-01663,Decathlon,Via Serrai 10,Sant'Antonino,Ticino,6592,Switzerland,CH,46.1559080,8.9657230,+41 91 840 10 20,https://www.decathlon.ch/de/store-view/filiale-sant-antonino-0070213202132,Mo-We 09:00-19:00; Th 09:00-20:00; Fr 09:00-19:00; Sa 09:00-18:30,AllThePlaces / localisateur officiel; OpenStreetMap,0070213202132;node/7273791662,https://api.woosmap.com/stores?key=woos-7b40f2ea-b0a6-3a3b-9315-53ca807b601c&stores_by_page=300&page=1; https://www.openstreetmap.org/node/7273791662,2026-07-11T20:29:07+00:00
DEC-01664,Decathlon,Stüdliackerstrasse 4,Schaffhausen,Schaffhausen,8207,Switzerland,CH,47.7202115,8.6640641,+41 52 640 25 20,https://www.decathlon.ch/de/store-view/filiale-schaffhausen-herblingen-0070321703217,Mo-Fr 09:00-20:00; Sa 08:00-18:00,AllThePlaces / localisateur officiel; OpenStreetMap,0070321703217;node/13909111165,https://api.woosmap.com/stores?key=woos-7b40f2ea-b0a6-3a3b-9315-53ca807b601c&stores_by_page=300&page=1; https://www.openstreetmap.org/node/13909111165,2026-07-11T20:29:07+00:00
DEC-01665,Decathlon,Sandäckerstrasse 7,Spreitenbach,Aargau,8957,Switzerland,CH,47.4221279,8.3713763,+41 56 401 50 70,https://www.decathlon.ch/de/store-view/filiale-spreitenbach-tivoli-0070321503215,Mo-Sa 09:00-20:00,AllThePlaces / localisateur officiel; OpenStreetMap,0070321503215;node/12891988162,https://api.woosmap.com/stores?key=woos-7b40f2ea-b0a6-3a3b-9315-53ca807b601c&stores_by_page=300&page=1; https://www.openstreetmap.org/node/12891988162,2026-07-11T20:29:07+00:00
DEC-01666,Decathlon,Herisauer Str. 5,St Gallen,Appenzell Ausserrhoden,9015,Switzerland,CH,47.4066036,9.3057550,+41 71 311 60 70,https://www.decathlon.ch/de/store-view/filiale-st-gallen-0070214802148,Mo-We 09:00-19:00; Th 09:00-21:00; Fr 09:00-19:00; Sa 09:00-17:00,AllThePlaces / localisateur officiel; OpenStreetMap,0070214802148;node/12896883756,https://api.woosmap.com/stores?key=woos-7b40f2ea-b0a6-3a3b-9315-53ca807b601c&stores_by_page=300&page=1; https://www.openstreetmap.org/node/12896883756,2026-07-11T20:29:07+00:00
DEC-01667,Decathlon,Bitzistrasse 2,Stans,Nidwalden,6370,Switzerland,CH,46.9646898,8.3556553,+41 41 610 84 00,https://www.decathlon.ch/de/store-view/filiale-stans-0070288702887,Mo-Fr 09:00-20:00; Sa 08:00-18:00,AllThePlaces / localisateur officiel,0070288702887,https://api.woosmap.com/stores?key=woos-7b40f2ea-b0a6-3a3b-9315-53ca807b601c&stores_by_page=300&page=1,2026-07-11T20:29:07+00:00
DEC-01668,Decathlon,"Bernstrasse Ost 49, Pfister Center",Suhr,Aargau,5034,Switzerland,CH,47.3739580,8.0844430,+41 62 842 04 05,https://www.decathlon.ch/de/store-view/filiale-suhr-0070213602136,Mo-Fr 09:00-19:00; Sa 09:00-18:00,AllThePlaces / localisateur officiel; OpenStreetMap,0070213602136;node/3541583732,https://api.woosmap.com/stores?key=woos-7b40f2ea-b0a6-3a3b-9315-53ca807b601c&stores_by_page=300&page=1; https://www.openstreetmap.org/node/3541583732,2026-07-11T20:29:07+00:00
DEC-01669,Decathlon,,Urtenen,Bern,,Switzerland,CH,47.0169983,7.4919294,,,,OpenStreetMap,node/11639139536,https://www.openstreetmap.org/node/11639139536,2026-07-11T20:29:07+00:00
DEC-01670,Decathlon,Industriestrasse 10,Urtenen-Schönbühl,Bern,3321,Switzerland,CH,47.0478704,7.4947525,+41 31 333 60 70,https://www.decathlon.ch/de/store-view/filiale-bern-shoppyland-0070213802138,Mo-Th 09:00-20:00; Fr 09:00-21:00; Sa 08:00-17:00,AllThePlaces / localisateur officiel,0070213802138,https://api.woosmap.com/stores?key=woos-7b40f2ea-b0a6-3a3b-9315-53ca807b601c&stores_by_page=300&page=1,2026-07-11T20:29:07+00:00
DEC-01671,Decathlon,Route de Meyrin 171,Vernier,Geneva,1214,Switzerland,CH,46.2214698,6.0962215,+41 22 900 32 32,https://www.decathlon.ch/de/store-view/filiale-geneve-blandonnet-0070194101941,Mo-We 09:00-19:00; Th 09:00-20:00; Fr 09:00-19:30; Sa 09:00-18:00,AllThePlaces / localisateur officiel; OpenStreetMap,0070194101941;node/10988861366,https://api.woosmap.com/stores?key=woos-7b40f2ea-b0a6-3a3b-9315-53ca807b601c&stores_by_page=300&page=1; https://www.openstreetmap.org/node/10988861366,2026-07-11T20:29:07+00:00
DEC-01672,Decathlon,1 Av. du Général-Guisan,Vevey,Vaud,1800,Switzerland,CH,46.4629898,6.8407908,+41 21 921 27 21,https://www.decathlon.ch/de/store-view/filiale-vevey-0070321103211,Mo-Th 09:00-18:30; Fr 09:00-20:00; Sa 08:00-17:00,AllThePlaces / localisateur officiel; OpenStreetMap,0070321103211;node/13254180142;node/13340188311,https://api.woosmap.com/stores?key=woos-7b40f2ea-b0a6-3a3b-9315-53ca807b601c&stores_by_page=300&page=1; https://www.openstreetmap.org/node/13254180142; https://www.openstreetmap.org/node/13340188311,2026-07-11T20:29:07+00:00
DEC-01673,Decathlon,"Pré-neuf, ZI D 107",Villeneuve,Vaud,1844,Switzerland,CH,46.3858670,6.9303060,+41 21 968 20 10,https://www.decathlon.ch/de/store-view/filiale-villeneuve-0070214002140,Mo-Th 09:00-19:00; Fr 09:00-20:00; Sa 09:00-18:00,AllThePlaces / localisateur officiel; OpenStreetMap,0070214002140;node/7105269211,https://api.woosmap.com/stores?key=woos-7b40f2ea-b0a6-3a3b-9315-53ca807b601c&stores_by_page=300&page=1; https://www.openstreetmap.org/node/7105269211,2026-07-11T20:29:07+00:00
DEC-01674,Decathlon,Rudolf-Diesel-Strasse 14,Winterthur,Zurich,8404,Switzerland,CH,47.4943717,8.7571307,+41 52 238 48 58,https://www.decathlon.ch/de/store-view/filiale-winterthur-0070214902149,Mo-Fr 09:00-19:00; Sa 09:00-18:00,AllThePlaces / localisateur officiel; OpenStreetMap,0070214902149;way/44448849,https://api.woosmap.com/stores?key=woos-7b40f2ea-b0a6-3a3b-9315-53ca807b601c&stores_by_page=300&page=1; https://www.openstreetmap.org/way/44448849,2026-07-11T20:29:07+00:00
DEC-01675,Decathlon,Strickerstrasse 3,Winterthur,Zurich,8400,Switzerland,CH,47.4991427,8.7209930,+41 52 551 70 71,https://www.decathlon.ch/de/store-view/filiale-winterthur-neuwiesen-0070275702757,Mo-Fr 08:30-20:00; Sa 08:30-18:00,AllThePlaces / localisateur officiel; OpenStreetMap,0070275702757;node/8656021793,https://api.woosmap.com/stores?key=woos-7b40f2ea-b0a6-3a3b-9315-53ca807b601c&stores_by_page=300&page=1; https://www.openstreetmap.org/node/8656021793,2026-07-11T20:29:07+00:00
DEC-01676,Decathlon,9 Hofmattstrasse,Zermatt,Valais,3920,Switzerland,CH,46.0217457,7.7487067,+41 27 967 68 67,https://www.decathlon.ch/de/store-view/filiale-zermatt-0070292702927,Mo-Sa 08:00-19:00; Su 08:00-18:30,AllThePlaces / localisateur officiel; OpenStreetMap,0070292702927;node/11099000806,https://api.woosmap.com/stores?key=woos-7b40f2ea-b0a6-3a3b-9315-53ca807b601c&stores_by_page=300&page=1; https://www.openstreetmap.org/node/11099000806,2026-07-11T20:29:07+00:00
DEC-01677,Decathlon,Baarerstrasse 20.,Zug,Zug,6300,Switzerland,CH,47.1730913,8.5170014,+41 41 763 63 73,https://www.decathlon.ch/de/store-view/filiale-zug-metalli-0070321803218,Mo-We 09:00-19:00; Th 09:00-20:00; Fr 09:00-19:00; Sa 09:00-17:00,AllThePlaces / localisateur officiel,0070321803218,https://api.woosmap.com/stores?key=woos-7b40f2ea-b0a6-3a3b-9315-53ca807b601c&stores_by_page=300&page=1,2026-07-11T20:29:07+00:00
DEC-01678,Decathlon,1 Kalanderpl,Zurich,Zurich,8045,Switzerland,CH,47.3581442,8.5225083,+41 44 741 20 30,https://www.decathlon.ch/de/store-view/filiale-zurich-sihlcity-0070321003210,Mo-Sa 09:00-20:00,AllThePlaces / localisateur officiel,0070321003210,https://api.woosmap.com/stores?key=woos-7b40f2ea-b0a6-3a3b-9315-53ca807b601c&stores_by_page=300&page=1,2026-07-11T20:29:07+00:00
DEC-01679,Decathlon,Bahnhofstrasse 74,Zurich,Zurich,8001,Switzerland,CH,47.3746725,8.5389461,+41 44 212 76 80,https://www.decathlon.ch/de/store-view/filiale-popup-store-zurich-bahnhofstra-0070357003570,Mo-Fr 09:00-20:00; Sa 09:00-19:00,AllThePlaces / localisateur officiel; OpenStreetMap,0070357003570;node/11861593754,https://api.woosmap.com/stores?key=woos-7b40f2ea-b0a6-3a3b-9315-53ca807b601c&stores_by_page=300&page=1; https://www.openstreetmap.org/node/11861593754,2026-07-11T20:29:07+00:00
DEC-01680,Decathlon,Passage Sihlquai,Zurich,Zurich,8004,Switzerland,CH,47.3783684,8.5357906,+41 44 211 65 64,https://www.decathlon.ch/de/store-view/filiale-zurich-hb-0070321303213,Mo-Sa 07:30-21:00; Su 09:00-20:00,AllThePlaces / localisateur officiel; OpenStreetMap,0070321303213;node/6551162308,https://api.woosmap.com/stores?key=woos-7b40f2ea-b0a6-3a3b-9315-53ca807b601c&stores_by_page=300&page=1; https://www.openstreetmap.org/node/6551162308,2026-07-11T20:29:07+00:00
DEC-01681,Decathlon,Gessnerallee 3-5,Zürich,Zurich,8001,Switzerland,CH,47.3733190,8.5330190,+41 44 221 22 23,https://www.decathlon.ch/de/store-view/filiale-zurich-center-0070225302253,Mo-Fr 09:00-20:00; Sa 09:00-19:00,AllThePlaces / localisateur officiel; OpenStreetMap,0070225302253;node/1304946650,https://api.woosmap.com/stores?key=woos-7b40f2ea-b0a6-3a3b-9315-53ca807b601c&stores_by_page=300&page=1; https://www.openstreetmap.org/node/1304946650,2026-07-11T20:29:07+00:00
DEC-01682,Decathlon,50 Baslerstrasse,Zürich,Zurich,8048,Switzerland,CH,47.3863955,8.4994588,,https://www.decathlon.ch/,,OpenStreetMap,node/5026288934,https://www.openstreetmap.org/node/5026288934,2026-07-11T20:29:07+00:00
DEC-01683,迪卡儂,"南屯區大墩南路379號, (Costco旁)",台中市,155,40854,Taiwan,TW,24.1314000,120.6491000,+886 4 2471 9666,https://www.decathlon.tw/s/門市資訊/台中-南屯門市,Mo-Fr 10:00-22:00; Sa-Su 09:30-22:00,AllThePlaces / localisateur officiel; OpenStreetMap,666;way/261025597;way/916913274,https://www.decathlon.tw/s/%E9%96%80%E5%B8%82%E8%B3%87%E8%A8%8A; https://www.openstreetmap.org/way/261025597; https://www.openstreetmap.org/way/916913274,2026-07-11T20:29:07+00:00
DEC-01684,迪卡儂,北屯區中清路二段1075號,台中市,155,406040,Taiwan,TW,24.1912325,120.6606320,+886 4 2426 4107,https://www.decathlon.tw/s/門市資訊/台中-北屯門市,Mo-Fr 10:00-22:00; Sa-Su 09:30-22:00,AllThePlaces / localisateur officiel; OpenStreetMap,1292;node/12843711298,https://www.decathlon.tw/s/%E9%96%80%E5%B8%82%E8%B3%87%E8%A8%8A; https://www.openstreetmap.org/node/12843711298,2026-07-11T20:29:07+00:00
DEC-01685,迪卡儂,萬華區桂林路1號1樓,台北市,155,108412,Taiwan,TW,25.0379002,121.5059048,+886 2 2331 1103,https://www.decathlon.tw/s/門市資訊/台北-桂林門市,Mo-Su 10:00-22:00,AllThePlaces / localisateur officiel; OpenStreetMap,1639;node/6483408343,https://www.decathlon.tw/s/%E9%96%80%E5%B8%82%E8%B3%87%E8%A8%8A; https://www.openstreetmap.org/node/6483408343,2026-07-11T20:29:07+00:00
DEC-01686,迪卡儂,大同區南京西路62號2樓,台北市,155,103014,Taiwan,TW,25.0527615,121.5192829,+886 2 8979 5598,https://www.decathlon.tw/s/門市資訊/台北-中山門市,Mo-Th 10:00-22:00; Fr-Sa 10:00-22:30; Su 10:00-22:00,AllThePlaces / localisateur officiel; OpenStreetMap,2867;node/9524456390,https://www.decathlon.tw/s/%E9%96%80%E5%B8%82%E8%B3%87%E8%A8%8A; https://www.openstreetmap.org/node/9524456390,2026-07-11T20:29:07+00:00
DEC-01687,迪卡儂,內湖區新湖一路128巷38號,台北市,155,114065,Taiwan,TW,25.0602863,121.5766029,+886 2 2795 6700,https://www.decathlon.tw/s/門市資訊/台北-內湖門市,Mo-Su 10:00-22:00,AllThePlaces / localisateur officiel; OpenStreetMap,988;way/335520192,https://www.decathlon.tw/s/%E9%96%80%E5%B8%82%E8%B3%87%E8%A8%8A; https://www.openstreetmap.org/way/335520192,2026-07-11T20:29:07+00:00
DEC-01688,迪卡儂,仁德區中山路799號 (特力屋2樓),台南市,155,717022,Taiwan,TW,22.9730911,120.2448479,+886 6 279 1655,https://www.decathlon.tw/s/門市資訊/台南-仁德門市,Mo-Su 10:00-22:00,AllThePlaces / localisateur officiel; OpenStreetMap,1223;node/4382388319,https://www.decathlon.tw/s/%E9%96%80%E5%B8%82%E8%B3%87%E8%A8%8A; https://www.openstreetmap.org/node/4382388319,2026-07-11T20:29:07+00:00
DEC-01689,迪卡儂,台東市中興路三段592號,台東縣,155,950022,Taiwan,TW,22.7727080,121.1062513,+886 89 219 092,https://www.decathlon.tw/s/門市資訊/台東門市,Mo-Th 10:00-21:00; Fr-Sa 10:00-22:00; Su 10:00-21:00,AllThePlaces / localisateur officiel; OpenStreetMap,2855;node/10613850605,https://www.decathlon.tw/s/%E9%96%80%E5%B8%82%E8%B3%87%E8%A8%8A; https://www.openstreetmap.org/node/10613850605,2026-07-11T20:29:07+00:00
DEC-01690,迪卡儂,西區博愛路二段461號1F,嘉義市,155,600028,Taiwan,TW,23.4711973,120.4319822,+886 5 285 0515,https://www.decathlon.tw/s/門市資訊/嘉義門市,Mo-Su 10:00-22:00,AllThePlaces / localisateur officiel; OpenStreetMap,1633;node/6469976597,https://www.decathlon.tw/s/%E9%96%80%E5%B8%82%E8%B3%87%E8%A8%8A; https://www.openstreetmap.org/node/6469976597,2026-07-11T20:29:07+00:00
DEC-01691,迪卡儂,勝利里自由路550號,屏東市,155,90065,Taiwan,TW,22.6838000,120.4869000,+886 8 884 9688,https://www.decathlon.tw/s/門市資訊/屏東門市,Mo-Su 10:00-22:00,AllThePlaces / localisateur officiel; OpenStreetMap,871;node/3824112160,https://www.decathlon.tw/s/%E9%96%80%E5%B8%82%E8%B3%87%E8%A8%8A; https://www.openstreetmap.org/node/3824112160,2026-07-11T20:29:07+00:00
DEC-01692,Decathlon,241013新北市三重區集美街18號,新北市,Taipei,241013,Taiwan,TW,25.0553956,121.4888854,,,,OpenStreetMap,way/446336764,https://www.openstreetmap.org/way/446336764,2026-07-11T20:29:07+00:00
DEC-01693,迪卡儂,新店區中興路三段1號1樓,新北市,155,231695,Taiwan,TW,24.9764468,121.5463471,+886 2 8979 5245,https://www.decathlon.tw/s/門市資訊/新北-新店門市,Mo-Su 10:00-22:00,AllThePlaces / localisateur officiel; OpenStreetMap,1772;node/9123814711,https://www.decathlon.tw/s/%E9%96%80%E5%B8%82%E8%B3%87%E8%A8%8A; https://www.openstreetmap.org/node/9123814711,2026-07-11T20:29:07+00:00
DEC-01694,迪卡儂,中和區中山路二段228號1-3樓,新北市,155,235027,Taiwan,TW,25.0028646,121.4988202,+886 2 8245 1668,https://www.decathlon.tw/s/門市資訊/新北-中和門市,Mo-Su 10:00-22:00,AllThePlaces / localisateur officiel; OpenStreetMap,928;node/3430332163,https://www.decathlon.tw/s/%E9%96%80%E5%B8%82%E8%B3%87%E8%A8%8A; https://www.openstreetmap.org/node/3430332163,2026-07-11T20:29:07+00:00
DEC-01695,迪卡儂,三重區集美街18號,新北市,155,241013,Taiwan,TW,25.0614534,121.4867114,+886 2 8979 1879,https://www.decathlon.tw/s/門市資訊/新北-三重門市,Mo-Su 10:00-22:00,AllThePlaces / localisateur officiel,1769,https://www.decathlon.tw/s/%E9%96%80%E5%B8%82%E8%B3%87%E8%A8%8A,2026-07-11T20:29:07+00:00
DEC-01696,迪卡儂,東區慈雲路126號,新竹市,155,300196,Taiwan,TW,24.7917081,121.0124341,+886 3 668 7160,https://www.decathlon.tw/s/門市資訊/新竹門市,Mo-Fr 10:00-22:00; Sa-Su 09:30-22:00,AllThePlaces / localisateur officiel; OpenStreetMap,1681;way/582786459,https://www.decathlon.tw/s/%E9%96%80%E5%B8%82%E8%B3%87%E8%A8%8A; https://www.openstreetmap.org/way/582786459,2026-07-11T20:29:07+00:00
DEC-01697,迪卡儂,八德區介壽路一段728號,桃園市,155,334027,Taiwan,TW,24.9650227,121.2982841,+886 3 361 2686,https://www.decathlon.tw/s/門市資訊/桃園-八德門市,Mo-Su 10:00-22:00,AllThePlaces / localisateur officiel; OpenStreetMap,1229;node/6366861323,https://www.decathlon.tw/s/%E9%96%80%E5%B8%82%E8%B3%87%E8%A8%8A; https://www.openstreetmap.org/node/6366861323,2026-07-11T20:29:07+00:00
DEC-01698,迪卡儂,中壢區中華路一段450號,桃園市,155,320028,Taiwan,TW,24.9722954,121.2537582,+886 3 451 1292,https://www.decathlon.tw/s/門市資訊/桃園-中壢門市,Mo-Su 10:00-22:00,AllThePlaces / localisateur officiel; OpenStreetMap,1222;node/4335755847,https://www.decathlon.tw/s/%E9%96%80%E5%B8%82%E8%B3%87%E8%A8%8A; https://www.openstreetmap.org/node/4335755847,2026-07-11T20:29:07+00:00
DEC-01699,迪卡儂,斗六市雲林路二段297號,雲林縣,155,640001,Taiwan,TW,23.7017605,120.5298637,+886 5 552 9259,https://www.decathlon.tw/s/門市資訊/雲林門市,Mo-Su 10:00-22:00,AllThePlaces / localisateur officiel,1766,https://www.decathlon.tw/s/%E9%96%80%E5%B8%82%E8%B3%87%E8%A8%8A,2026-07-11T20:29:07+00:00
DEC-01700,迪卡儂,前鎮區時代大道33號,高雄市,155,806025,Taiwan,TW,22.5975118,120.3089947,+886 7 262 1292,https://www.decathlon.tw/s/門市資訊/高雄-亞灣門市,Mo-Su 10:00-22:00,AllThePlaces / localisateur officiel; OpenStreetMap,1779;way/935866907,https://www.decathlon.tw/s/%E9%96%80%E5%B8%82%E8%B3%87%E8%A8%8A; https://www.openstreetmap.org/way/935866907,2026-07-11T20:29:07+00:00
DEC-01701,迪卡儂,鳳山區文化路59號,高雄市,155,83006,Taiwan,TW,22.6336596,120.3548936,+886 7 743 2000,https://www.decathlon.tw/s/門市資訊/高雄-鳳山門市,Mo-Su 10:00-22:00,AllThePlaces / localisateur officiel; OpenStreetMap,926;node/5419599921,https://www.decathlon.tw/s/%E9%96%80%E5%B8%82%E8%B3%87%E8%A8%8A; https://www.openstreetmap.org/node/5419599921,2026-07-11T20:29:07+00:00
DEC-01702,迪卡儂,楠梓區土庫一路60號,高雄市,155,811032,Taiwan,TW,22.7362921,120.3305870,+886 7 262 6286,https://www.decathlon.tw/s/門市資訊/高雄-楠梓門市,Mo-Su 10:00-22:00,AllThePlaces / localisateur officiel,1762,https://www.decathlon.tw/s/%E9%96%80%E5%B8%82%E8%B3%87%E8%A8%8A,2026-07-11T20:29:07+00:00
DEC-01703,Decathlon,,Bang Bua Thong,Nonthaburi,,Thailand,TH,13.8803286,100.4081037,,,,OpenStreetMap,way/1047534474,https://www.openstreetmap.org/way/1047534474,2026-07-11T20:29:07+00:00
DEC-01704,Decathlon พระราม 2,80/2 ถนนพระรามที่ 2,Bang Khun Thian,กรุงเทพมหานคร,10150,Thailand,TH,13.6690738,100.4482236,,,Mo-Su 09:00-22:00,OpenStreetMap,node/12139002909,https://www.openstreetmap.org/node/12139002909,2026-07-11T20:29:07+00:00
DEC-01705,Decathlon,,Bang Na,Bangkok,10540,Thailand,TH,13.6526614,100.6787251,064-302-4268,https://www.decathlon.co.th/en/stores/Bangna,Mo-Su 08:00-22:00,OpenStreetMap,node/4484491440;way/945695258,https://www.openstreetmap.org/node/4484491440; https://www.openstreetmap.org/way/945695258,2026-07-11T20:29:07+00:00
DEC-01706,Decathlon,,Bang Phlat,Bangkok,,Thailand,TH,13.7882053,100.5017997,,,,OpenStreetMap,node/4542185599,https://www.openstreetmap.org/node/4542185599,2026-07-11T20:29:07+00:00
DEC-01707,Decathlon,163;165 ถนนสีลม,Bang Rak,Bangkok,10500,Thailand,TH,13.7287893,100.5352651,,,,OpenStreetMap,node/10723686305;way/1221016940,https://www.openstreetmap.org/node/10723686305; https://www.openstreetmap.org/way/1221016940,2026-07-11T20:29:07+00:00
DEC-01708,DECATHLON,,Chiang Mai,Chiang Mai,,Thailand,TH,18.7882653,98.9936572,,,09:00-21:00,OpenStreetMap,node/7884104685,https://www.openstreetmap.org/node/7884104685,2026-07-11T20:29:07+00:00
DEC-01709,Decathlon,,Chiang Mai,Chiang Mai,,Thailand,TH,18.7592226,98.9726602,,https://www.decathlon.co.th/,,OpenStreetMap,node/4483874190,https://www.openstreetmap.org/node/4483874190,2026-07-11T20:29:07+00:00
DEC-01710,Decathlon,17/17,Chiang Mai,จังหวัดเชียงใหม่,50000,Thailand,TH,18.8004494,99.0206290,,https://www.decathlon.co.th/,Mo-Su 08:00-21:00,OpenStreetMap,node/9429990817,https://www.openstreetmap.org/node/9429990817,2026-07-11T20:29:07+00:00
DEC-01711,Decathlon,,Khan Na Yao,Bangkok,,Thailand,TH,13.8254123,100.6594075,,,Mo-Su 09:00-20:00,OpenStreetMap,node/5632696635,https://www.openstreetmap.org/node/5632696635,2026-07-11T20:29:07+00:00
DEC-01712,Decathlon,3300 Thanon Rama IV,Khlong Toei,Bangkok,10110,Thailand,TH,13.7174231,100.5699135,,https://www.decathlon.co.th,Mo-Sa 09:00-22:00,OpenStreetMap,node/4636541993;node/5320230423,https://www.openstreetmap.org/node/4636541993; https://www.openstreetmap.org/node/5320230423,2026-07-11T20:29:07+00:00
DEC-01713,Decathlon,,Khlong Toei,Bangkok,,Thailand,TH,13.7376515,100.5602654,,,,OpenStreetMap,node/12438149301,https://www.openstreetmap.org/node/12438149301,2026-07-11T20:29:07+00:00
DEC-01714,Decathlon,,Lak Si,Bangkok,,Thailand,TH,13.8793371,100.6001758,,,,OpenStreetMap,node/5321951921,https://www.openstreetmap.org/node/5321951921,2026-07-11T20:29:07+00:00
DEC-01715,Decathlon,,Mueang Nonthaburi,Nonthaburi,,Thailand,TH,13.8622830,100.5186733,029504199,https://www.facebook.com/DecathlonRTB/,Mo-Su 09:00-22:00,OpenStreetMap,node/6203257798,https://www.openstreetmap.org/node/6203257798,2026-07-11T20:29:07+00:00
DEC-01716,Decathlon,,Pathum Wan,Bangkok,,Thailand,TH,13.7344257,100.5281627,,,,OpenStreetMap,node/11323335130,https://www.openstreetmap.org/node/11323335130,2026-07-11T20:29:07+00:00
DEC-01717,Decathlon,,Phatthaya,Chon Buri,,Thailand,TH,12.9092535,100.8964354,,,,OpenStreetMap,node/12479506501;way/311224358,https://www.openstreetmap.org/node/12479506501; https://www.openstreetmap.org/way/311224358,2026-07-11T20:29:07+00:00
DEC-01718,Decathlon,89 Bukis Phuket,Wichit,Phuket,,Thailand,TH,7.8936752,98.3686053,096-812-3346,https://www.decathlon.co.th/en/stores/Phuket,Mo-Su 09:00-21:00,OpenStreetMap,node/6440210887,https://www.openstreetmap.org/node/6440210887,2026-07-11T20:29:07+00:00
DEC-01719,Decathlon,الطريق الوطنية تونس - رأس جدير,Akouda,Susah,,Tunisia,TN,35.9006638,10.5443948,,,,OpenStreetMap,node/9014139018,https://www.openstreetmap.org/node/9014139018,2026-07-11T20:29:07+00:00
DEC-01720,Decathlon,,Al Marsa,Tunis,,Tunisia,TN,36.8684625,10.3060988,,,,OpenStreetMap,way/694520113,https://www.openstreetmap.org/way/694520113,2026-07-11T20:29:07+00:00
DEC-01721,Decathlon,,Midoun,Madanin,,Tunisia,TN,33.8178322,10.9713175,,,,OpenStreetMap,node/7124140408,https://www.openstreetmap.org/node/7124140408,2026-07-11T20:29:07+00:00
DEC-01722,Decathlon,Optimum AVM Hacı Sabancı Bulvarı No:28 Z.M03-B1 M18 Yüreğir/ADANA,ADANA,Adana,01180,Türkiye,TR,36.9974000,35.3439000,+90 322 333 30 26,https://www.decathlon.com.tr/store-view/magaza-spor-adana-optimum-avm-0070079300793,Mo-Su 10:00-22:00,AllThePlaces / localisateur officiel,0070079300793,https://api.woosmap.com/stores?key=woos-02fa0b82-a54d-3cc3-bdfa-3ce69249f220&stores_by_page=300&page=1,2026-07-11T20:29:07+00:00
DEC-01723,Decathlon,"Oran Mah. Kudüs Cad. 16743 / One Tower Avm, Çankaya / Ankara",ANKARA,Ankara,06550,Türkiye,TR,39.8494418,32.8357322,+90 850 201 2078,https://www.decathlon.com.tr/store-view/magaza-spor-ankara-one-tower-0070246602466,Mo-Su 10:00-22:00,AllThePlaces / localisateur officiel; OpenStreetMap,0070246602466;node/13195512949,https://api.woosmap.com/stores?key=woos-02fa0b82-a54d-3cc3-bdfa-3ce69249f220&stores_by_page=300&page=1; https://www.openstreetmap.org/node/13195512949,2026-07-11T20:29:07+00:00
DEC-01724,Decathlon,Beştepe Mahallesi 3 Cad. No:4 İç Kapı No: 14 Yenimahalle / Ankara,ANKARA,Ankara,06560,Türkiye,TR,39.9130112,32.8096411,+90 850 201 2914,https://www.decathlon.com.tr/store-view/magaza-spor-ankara-armada-0070353803538,Mo-Su 10:00-22:00,AllThePlaces / localisateur officiel,0070353803538,https://api.woosmap.com/stores?key=woos-02fa0b82-a54d-3cc3-bdfa-3ce69249f220&stores_by_page=300&page=1,2026-07-11T20:29:07+00:00
DEC-01725,Decathlon,"ANKAmall AVM, 06330 Akköprü, Ankara",ANKARA,Ankara,06330,Türkiye,TR,39.9505000,32.8323000,+90 850 201 4464,https://www.decathlon.com.tr/store-view/magaza-spor-ankara-ankamall-avm-0070109701097,Mo-Su 10:00-22:00,AllThePlaces / localisateur officiel; OpenStreetMap,0070109701097;node/4046420994,https://api.woosmap.com/stores?key=woos-02fa0b82-a54d-3cc3-bdfa-3ce69249f220&stores_by_page=300&page=1; https://www.openstreetmap.org/node/4046420994,2026-07-11T20:29:07+00:00
DEC-01726,Decathlon,Baskent Bulvari 224/H,ANKARA,Ankara,06170,Türkiye,TR,39.9707426,32.7146711,+90 850 577 3442,https://www.decathlon.com.tr/store-view/magaza-spor-ankara-atlantis-0070344403444,Mo-Su 10:00-22:00,AllThePlaces / localisateur officiel; OpenStreetMap,0070344403444;node/13195472162,https://api.woosmap.com/stores?key=woos-02fa0b82-a54d-3cc3-bdfa-3ce69249f220&stores_by_page=300&page=1; https://www.openstreetmap.org/node/13195472162,2026-07-11T20:29:07+00:00
DEC-01727,Decathlon,"Ovacık Mahallesi, Yozgat Bulvarı, No: 99, Forum Ankara AVM, Decathlon, Keçiören / Ankara",ANKARA,Ankara,06280,Türkiye,TR,40.0177205,32.8269856,,https://www.decathlon.com.tr/store-view/magaza-spor-ankara-forum-ankara-0070354003540,,AllThePlaces / localisateur officiel,0070354003540,https://api.woosmap.com/stores?key=woos-02fa0b82-a54d-3cc3-bdfa-3ce69249f220&stores_by_page=300&page=1,2026-07-11T20:29:07+00:00
DEC-01728,Decathlon,"Meltem Mahallesi, Akdeniz Bulvarı Ticari Bloklar No:10 İç Kapı No: Varyant Ticari 25, 07030 Muratpaşa/Antalya, Türkiye",ANTALYA,Antalya,07030,Türkiye,TR,36.8808028,30.6682387,+90 850 201 2319,https://www.decathlon.com.tr/store-view/magaza-spor-antalya-beach-park-0070325903259,Mo-Su 11:00-21:00,AllThePlaces / localisateur officiel; OpenStreetMap,0070325903259;node/12516348837,https://api.woosmap.com/stores?key=woos-02fa0b82-a54d-3cc3-bdfa-3ce69249f220&stores_by_page=300&page=1; https://www.openstreetmap.org/node/12516348837,2026-07-11T20:29:07+00:00
DEC-01729,Decathlon,"Tahılpazarı Mah. Şarampol Cad. No:84 Markantalya Alışveriş Merkezi, 1BK121 no’lu işyeri, Muratpaşa/ANTALYA",ANTALYA,Antalya,07040,Türkiye,TR,36.8930500,30.7032890,+90 850 202 2305,https://www.decathlon.com.tr/store-view/magaza-spor-antalya-markantalya-0070335903359,Mo-Su 10:00-22:00,AllThePlaces / localisateur officiel,0070335903359,https://api.woosmap.com/stores?key=woos-02fa0b82-a54d-3cc3-bdfa-3ce69249f220&stores_by_page=300&page=1,2026-07-11T20:29:07+00:00
DEC-01730,Decathlon,,Adana,Adana,,Türkiye,TR,36.9907862,35.3394981,,,,OpenStreetMap,node/3581454005,https://www.openstreetmap.org/node/3581454005,2026-07-11T20:29:07+00:00
DEC-01731,Decathlon,"Anatolium AVM Akşemsettin Mahallesi, 2308 Sokak Nato Yolu Cad. No:1",Ankara,Ankara,06460,Türkiye,TR,39.8864000,32.9332000,+90 850 201 4483,https://www.decathlon.com.tr/store-view/magaza-spor-ankara-anatolium-avm-0070107001070,Mo-Su 10:00-22:00,AllThePlaces / localisateur officiel; OpenStreetMap,0070107001070;node/4046420992,https://api.woosmap.com/stores?key=woos-02fa0b82-a54d-3cc3-bdfa-3ce69249f220&stores_by_page=300&page=1; https://www.openstreetmap.org/node/4046420992,2026-07-11T20:29:07+00:00
DEC-01732,Decathlon,"Kentpark AVM 164, Eskişehir Yolu.",Ankara,Ankara,06460,Türkiye,TR,39.9097400,32.7763500,+90 850 201 2993,https://www.decathlon.com.tr/store-view/magaza-spor-ankara-kentpark-avm-0070057500575,Mo-Su 10:00-22:00,AllThePlaces / localisateur officiel; OpenStreetMap,0070057500575;node/4046420993,https://api.woosmap.com/stores?key=woos-02fa0b82-a54d-3cc3-bdfa-3ce69249f220&stores_by_page=300&page=1; https://www.openstreetmap.org/node/4046420993,2026-07-11T20:29:07+00:00
DEC-01733,Decathlon,"Ayvalı Mahallesi, Halil Sezai Erkut Caddesi, Afra Sokak 1/A, 06010 Keçiören/Ankara",Ankara,Ankara,06010,Türkiye,TR,39.9700553,32.8184283,+90 850 202 1911,https://www.decathlon.com.tr/store-view/magaza-spor-ankara-antares-avm-0070194201942,Mo-Su 10:00-22:00,AllThePlaces / localisateur officiel,0070194201942,https://api.woosmap.com/stores?key=woos-02fa0b82-a54d-3cc3-bdfa-3ce69249f220&stores_by_page=300&page=1,2026-07-11T20:29:07+00:00
DEC-01734,Decathlon,1/A Halil Sezai Erkut Caddesi,Ankara,Ankara,06010,Türkiye,TR,39.9703602,32.8220968,+90 312 322 88 17,https://www.decathlon.com.tr/store-view/magaza-spor-ankara-antares-avm-0070194201942,Mo-Su 10:00-22:00,OpenStreetMap,node/13195472161,https://www.openstreetmap.org/node/13195472161,2026-07-11T20:29:07+00:00
DEC-01735,Decathlon,"Tunahan mah. Dumlupınar, 30 Ağustos cad.",Ankara,Ankara,06824,Türkiye,TR,39.9837000,32.6107100,+90 312 502 35 59,https://www.decathlon.com.tr/store-view/magaza-spor-ankara-metromall-avm-0070191301913,Mo-Su 10:00-22:00,AllThePlaces / localisateur officiel; OpenStreetMap,0070191301913;node/13195472163,https://api.woosmap.com/stores?key=woos-02fa0b82-a54d-3cc3-bdfa-3ce69249f220&stores_by_page=300&page=1; https://www.openstreetmap.org/node/13195472163,2026-07-11T20:29:07+00:00
DEC-01736,Decathlon,"Fener Mahallesi, Tekelioğlu Cd. No:55, 07160 Muratpaşa/Antalya",Antalya,Antalya,07160,Türkiye,TR,36.8527280,30.7573320,+90 242 318 16 11,https://www.decathlon.com.tr/store-view/magaza-spor-antalya-terracity-avm-0070193601936,Mo-Su 10:00-22:00,AllThePlaces / localisateur officiel; OpenStreetMap,0070193601936;node/5682939921,https://api.woosmap.com/stores?key=woos-02fa0b82-a54d-3cc3-bdfa-3ce69249f220&stores_by_page=300&page=1; https://www.openstreetmap.org/node/5682939921,2026-07-11T20:29:07+00:00
DEC-01737,Decathlon,Yeşilova Mahallesi Serik Caddesi No:8 Muratpaşa,Antalya,Antalya,07200,Türkiye,TR,36.9011650,30.7653920,+90 242 321 20 84,https://www.decathlon.com.tr/store-view/magaza-spor-antalya-muratpasa-0070100001000,Mo-Su 10:00-22:00,AllThePlaces / localisateur officiel; OpenStreetMap,0070100001000;way/402125965,https://api.woosmap.com/stores?key=woos-02fa0b82-a54d-3cc3-bdfa-3ce69249f220&stores_by_page=300&page=1; https://www.openstreetmap.org/way/402125965,2026-07-11T20:29:07+00:00
DEC-01738,Decathlon,"035 Gaziosmanpaşa Mah. 381 Sok, Altıeylül",BALIKESIR,Balikesir,10050,Türkiye,TR,39.6131114,27.8692376,+90 850 200 6641,https://www.decathlon.com.tr/store-view/magaza-spor-balikesir-onburda-avm-0070318203182,Mo-Su 10:00-22:00,AllThePlaces / localisateur officiel,0070318203182,https://api.woosmap.com/stores?key=woos-02fa0b82-a54d-3cc3-bdfa-3ce69249f220&stores_by_page=300&page=1,2026-07-11T20:29:07+00:00
DEC-01739,Decathlon,"Odunluk, Akademi Caddesi No: 6/A, 16110, Nilüfer/Bursa",BURSA,Bursa,16110,Türkiye,TR,40.2071087,28.9959605,+90 850 201 8794,https://www.decathlon.com.tr/store-view/magaza-spor-bursa-sur-yapi-marka-avm-0070161901619,Mo-Su 10:00-22:00,AllThePlaces / localisateur officiel,0070161901619,https://api.woosmap.com/stores?key=woos-02fa0b82-a54d-3cc3-bdfa-3ce69249f220&stores_by_page=300&page=1,2026-07-11T20:29:07+00:00
DEC-01740,Decathlon,"Emek Adnan Menderes Mahallesi, Mudanya Yolu 9 Km., 16140 Osmangazi/Bursa",Bursa,Bursa,16140,Türkiye,TR,40.2504451,28.9587820,+90 224 241 84 34,https://www.decathlon.com.tr/store-view/magaza-spor-bursa-korupark-avm-0070193501935,Mo-Th 10:00-22:00; Fr-Sa 10:00-22:30; Su 10:00-22:00,AllThePlaces / localisateur officiel; OpenStreetMap,0070193501935;node/5707662321,https://api.woosmap.com/stores?key=woos-02fa0b82-a54d-3cc3-bdfa-3ce69249f220&stores_by_page=300&page=1; https://www.openstreetmap.org/node/5707662321,2026-07-11T20:29:07+00:00
DEC-01741,Decathlon,"Horizon Garden AVM, Sümer, Çal Cd. Bina No: 1 BB No: 136 20050 Denizli Merkezefendi/Denizli, Türkiye",DENIZLI,Denizli,20010,Türkiye,TR,37.7903979,29.0894546,+90 850 201 0892,https://www.decathlon.com.tr/store-view/magaza-spor-denizli-horizon-garden-0070344603446,Mo-Su 10:00-22:00,AllThePlaces / localisateur officiel; OpenStreetMap,0070344603446;node/13260960145,https://api.woosmap.com/stores?key=woos-02fa0b82-a54d-3cc3-bdfa-3ce69249f220&stores_by_page=300&page=1; https://www.openstreetmap.org/node/13260960145,2026-07-11T20:29:07+00:00
DEC-01742,Decathlon,"Merkez, Forum Avm, Fabrika Mahallesi, Elazığ Cd. D:No:165, 21120 Yenişehir",Diyarbakır,Diyarbakir,21120,Türkiye,TR,37.9576700,40.1835100,+90 850 201 2252,https://www.decathlon.com.tr/store-view/magaza-spor-diyarbakir-forum-diyarbakir-0070305303053,Mo-Su 10:00-22:00,AllThePlaces / localisateur officiel,0070305303053,https://api.woosmap.com/stores?key=woos-02fa0b82-a54d-3cc3-bdfa-3ce69249f220&stores_by_page=300&page=1,2026-07-11T20:29:07+00:00
DEC-01743,Decathlon,,Esenler,Istanbul,,Türkiye,TR,41.0735982,28.9222139,,https://www.decathlon.com.tr,,OpenStreetMap,node/11022039175,https://www.openstreetmap.org/node/11022039175,2026-07-11T20:29:07+00:00
DEC-01744,Decathlon,"Eskibağlar Mahallesi, Üniverste Blv. No:21, Espark Alışveriş Merkezi Tepebaşı/Eskişehir",Eskişehir,Eskisehir,26170,Türkiye,TR,39.7826023,30.5104316,+90 222 333 03 04,https://www.decathlon.com.tr/store-view/magaza-spor-eskisehir-espark-avm-0070232802328,Mo-Su 10:00-22:00,AllThePlaces / localisateur officiel; OpenStreetMap,0070232802328;node/9372094492,https://api.woosmap.com/stores?key=woos-02fa0b82-a54d-3cc3-bdfa-3ce69249f220&stores_by_page=300&page=1; https://www.openstreetmap.org/node/9372094492,2026-07-11T20:29:07+00:00
DEC-01745,Decathlon,"Maraşal Fevzi Çakmak Blv. Sankopark Sokak, Şehitkamil / Gaziantep",Gaziantep,Gaziantep,27060,Türkiye,TR,37.0631000,37.3611700,+90 850 201 2081,https://www.decathlon.com.tr/store-view/magaza-spor-gaziantep-sankopark-avm-0070271302713,Mo-Su 10:00-22:00,AllThePlaces / localisateur officiel; OpenStreetMap,0070271302713;node/9278226940,https://api.woosmap.com/stores?key=woos-02fa0b82-a54d-3cc3-bdfa-3ce69249f220&stores_by_page=300&page=1; https://www.openstreetmap.org/node/9278226940,2026-07-11T20:29:07+00:00
DEC-01746,Decathlon,,Gaziemir,Izmir,,Türkiye,TR,38.3383999,27.1342477,,,Mo-Su 10:00-22:00,OpenStreetMap,node/4044822785;node/11624020272,https://www.openstreetmap.org/node/4044822785; https://www.openstreetmap.org/node/11624020272,2026-07-11T20:29:07+00:00
DEC-01747,Decathlon,1 Adnan Kahveci,ISTANBU#L,Istanbul,34528,Türkiye,TR,40.9988818,28.6293961,+90 850 202 1438,https://www.decathlon.com.tr/store-view/magaza-spor-perlavista-0070354103541,,AllThePlaces / localisateur officiel,0070354103541,https://api.woosmap.com/stores?key=woos-02fa0b82-a54d-3cc3-bdfa-3ce69249f220&stores_by_page=300&page=1,2026-07-11T20:29:07+00:00
DEC-01748,Decathlon,"Ataşehir Atatürk, Ataşehir Blv., 34758 Ataşehir/İstanbul",ISTANBUL,Istanbul,34758,Türkiye,TR,40.9941750,29.1218458,+90 850 202 0983,https://www.decathlon.com.tr/store-view/magaza-spor-istanbul-metropol-istanbul-0070097600976,Mo-Su 10:00-22:00,AllThePlaces / localisateur officiel; OpenStreetMap,0070097600976;node/13598351351,https://api.woosmap.com/stores?key=woos-02fa0b82-a54d-3cc3-bdfa-3ce69249f220&stores_by_page=300&page=1; https://www.openstreetmap.org/node/13598351351,2026-07-11T20:29:07+00:00
DEC-01749,Decathlon,"Marmara Forum AVM, Osmaniye Mahallesi, Çobançeşme Koşuyolu Bulvari",ISTANBUL,Istanbul,34146,Türkiye,TR,40.9991380,28.8850050,+90 212 466 66 22,https://www.decathlon.com.tr/store-view/magaza-spor-istanbul-marmara-forum-avm-0070081300813,Mo-Su 10:00-22:00,AllThePlaces / localisateur officiel; OpenStreetMap,0070081300813;node/4041855373,https://api.woosmap.com/stores?key=woos-02fa0b82-a54d-3cc3-bdfa-3ce69249f220&stores_by_page=300&page=1; https://www.openstreetmap.org/node/4041855373,2026-07-11T20:29:07+00:00
DEC-01750,Decathlon,"İstanbul Cevahir Alışveriş ve Eğlence Merkezi, Büyükdere Cad. No:22, Kat 1 Mağaza (Bağımsız Bölüm) No: 118 Şişli",ISTANBUL,Istanbul,34360,Türkiye,TR,41.0630798,28.9925265,+90 850 201 0896,https://www.decathlon.com.tr/store-view/magaza-spor-istanbul-cevahir-avm-0070305103051,Mo-Su 10:00-22:00,AllThePlaces / localisateur officiel; OpenStreetMap,0070305103051;node/11985206560,https://api.woosmap.com/stores?key=woos-02fa0b82-a54d-3cc3-bdfa-3ce69249f220&stores_by_page=300&page=1; https://www.openstreetmap.org/node/11985206560,2026-07-11T20:29:07+00:00
DEC-01751,Decathlon,"Mall Of İstanbul, Başakşehir, Süleyman Demirel Bulvarı, Istanbul",ISTANBUL,Istanbul,34480,Türkiye,TR,41.0681800,28.8046430,+90 850 201 2945,https://www.decathlon.com.tr/store-view/magaza-spor-istanbul-mall-of-istanbul-avm-0070084500845,Mo-Su 10:00-22:00,AllThePlaces / localisateur officiel,0070084500845,https://api.woosmap.com/stores?key=woos-02fa0b82-a54d-3cc3-bdfa-3ce69249f220&stores_by_page=300&page=1,2026-07-11T20:29:07+00:00
DEC-01752,Decathlon,"Optimum Outlet AVM, Akçay Cad.No:101 Ege Serbest Bölge Karşısı Gaziemir İZMİR",IZMIR,Izmir,35410,Türkiye,TR,38.3014000,27.1392000,+90 850 201 9134,https://www.decathlon.com.tr/store-view/magaza-spor-izmir-optimum-avm-0070070700707,Mo-Su 10:00-22:00,AllThePlaces / localisateur officiel,0070070700707,https://api.woosmap.com/stores?key=woos-02fa0b82-a54d-3cc3-bdfa-3ce69249f220&stores_by_page=300&page=1,2026-07-11T20:29:07+00:00
DEC-01753,Decathlon,"İçerenköy Mahallesi, Kayışdağı Caddesi, Dış Kapı No:2 City's İstanbul AVM İç Kapı No: 3-A Ataşehir",Istanbul,Istanbul,34752,Türkiye,TR,40.9797204,29.1001702,+90 850 201 2284,https://www.decathlon.com.tr/store-view/magaza-spor-istanbul-kozyatagi-citys-avm-0070311803118,Mo-Su 10:00-22:00,AllThePlaces / localisateur officiel,0070311803118,https://api.woosmap.com/stores?key=woos-02fa0b82-a54d-3cc3-bdfa-3ce69249f220&stores_by_page=300&page=1,2026-07-11T20:29:07+00:00
DEC-01754,Decathlon,"Yeşilova Mahallesi, 4174 sokak, A Blok, No: 84, İç kapı No: 101 Bornova",Izmir,Izmir,35080,Türkiye,TR,38.4309800,27.2109500,+90 850 202 2302,https://www.decathlon.com.tr/store-view/magaza-spor-izmir-point-bornova-0070305203052,Mo-Su 10:00-22:00,AllThePlaces / localisateur officiel; OpenStreetMap,0070305203052;node/11195509640,https://api.woosmap.com/stores?key=woos-02fa0b82-a54d-3cc3-bdfa-3ce69249f220&stores_by_page=300&page=1; https://www.openstreetmap.org/node/11195509640,2026-07-11T20:29:07+00:00
DEC-01755,Decathlon,SYMBOL AVM OVACIK MAH. D-100 KARAYOLU ÜZERİ NO:28/A BAŞİSKELE,KOCAELİ,Kocaeli,41140,Türkiye,TR,40.7596350,29.9782880,+90 262 502 05 25,https://www.decathlon.com.tr/store-view/magaza-spor-kocaeli-symbol-avm-0070109501095,Mo-Su 10:00-22:00,AllThePlaces / localisateur officiel; OpenStreetMap,0070109501095;node/4041855371,https://api.woosmap.com/stores?key=woos-02fa0b82-a54d-3cc3-bdfa-3ce69249f220&stores_by_page=300&page=1; https://www.openstreetmap.org/node/4041855371,2026-07-11T20:29:07+00:00
DEC-01756,Decathlon,"Alparslan Mah., Org. Eşref Bitlis Blv No:10, Melikgazi",Kayseri,Kayseri,38030,Türkiye,TR,38.7274641,35.5188781,+90 352 223 04 34,https://www.decathlon.com.tr/store-view/magaza-spor-kayseri-kayseri-park-avm-0070194301943,Mo-Su 10:00-22:00,AllThePlaces / localisateur officiel,0070194301943,https://api.woosmap.com/stores?key=woos-02fa0b82-a54d-3cc3-bdfa-3ce69249f220&stores_by_page=300&page=1,2026-07-11T20:29:07+00:00
DEC-01757,Decathlon,"ERASTA ANTALYA Dumlupınar Bulvarı No:49, Kepez/Antalya",Kepez,Antalya,07090,Türkiye,TR,36.9072150,30.6641400,+90 850 201 8848,https://www.decathlon.com.tr/store-view/magaza-spor-antalya-erasta-avm-0070138601386,Mo-Su 10:00-22:00,AllThePlaces / localisateur officiel; OpenStreetMap,0070138601386;node/6074938088,https://api.woosmap.com/stores?key=woos-02fa0b82-a54d-3cc3-bdfa-3ce69249f220&stores_by_page=300&page=1; https://www.openstreetmap.org/node/6074938088,2026-07-11T20:29:07+00:00
DEC-01758,Decathlon,"Bedir, Ataseven Cd. No:2 Selçuklu / Konya",Konya,Konya,42100,Türkiye,TR,37.9055570,32.4948230,+90 850 201 2251,https://www.decathlon.com.tr/store-view/magaza-spor-konya-kent-plaza-0070271402714,Mo-Su 10:00-22:00,AllThePlaces / localisateur officiel,0070271402714,https://api.woosmap.com/stores?key=woos-02fa0b82-a54d-3cc3-bdfa-3ce69249f220&stores_by_page=300&page=1,2026-07-11T20:29:07+00:00
DEC-01759,Decathlon,Palm City Mersin Alisveris Merkezi Decathlon Magazasi Limonluk Mah. Vali Huseyin Aksoy Caddesi No: 2 E Blok Mersin,MERSIN,Mersin,33112,Türkiye,TR,36.7834000,34.6055000,+90 850 201 2961,https://www.decathlon.com.tr/store-view/magaza-spor-mersin-palm-city-avm-0070084300843,Mo-Su 10:00-22:00,AllThePlaces / localisateur officiel,0070084300843,https://api.woosmap.com/stores?key=woos-02fa0b82-a54d-3cc3-bdfa-3ce69249f220&stores_by_page=300&page=1,2026-07-11T20:29:07+00:00
DEC-01760,Decathlon,"Midtown AVM, Ortakent, Bodrum",MUGLA,Mugla,48430,Türkiye,TR,37.0273000,27.3323000,+90 850 202 0934,https://www.decathlon.com.tr/store-view/magaza-spor-mugla-midtown-avm-0070086400864,Mo-Su 10:00-22:00,AllThePlaces / localisateur officiel,0070086400864,https://api.woosmap.com/stores?key=woos-02fa0b82-a54d-3cc3-bdfa-3ce69249f220&stores_by_page=300&page=1,2026-07-11T20:29:07+00:00
DEC-01761,Decathlon,,Mahmutbey,Istanbul,,Türkiye,TR,41.0622290,28.8061252,,,,OpenStreetMap,node/4041855374,https://www.openstreetmap.org/node/4041855374,2026-07-11T20:29:07+00:00
DEC-01762,Decathlon,,Mercin,Mersin,,Türkiye,TR,36.7999283,34.5958811,,,,OpenStreetMap,node/4045525216,https://www.openstreetmap.org/node/4045525216,2026-07-11T20:29:07+00:00
DEC-01763,Decathlon,,Ortakent,Mugla,,Türkiye,TR,37.0567909,27.3596887,,,,OpenStreetMap,node/4044816264,https://www.openstreetmap.org/node/4044816264,2026-07-11T20:29:07+00:00
DEC-01764,Decathlon,Adres: Arabacıalanı Mah. Mert Sk. Serdivan AVM NO:25 İç Kapı NO: 5 SERDİVAN / SAKARYA,SAKARYA,Sakarya,54055,Türkiye,TR,40.7764339,30.3696610,+90 850 283 1651,https://www.decathlon.com.tr/store-view/magaza-spor-sakarya-serdivan-avm-0070322903229,Mo-Su 10:00-22:00,AllThePlaces / localisateur officiel,0070322903229,https://api.woosmap.com/stores?key=woos-02fa0b82-a54d-3cc3-bdfa-3ce69249f220&stores_by_page=300&page=1,2026-07-11T20:29:07+00:00
DEC-01765,Decathlon,"Piazza AVM, Yeni Mahalle Çarşamba Caddesi No:52",SAMSUN,Samsun,55200,Türkiye,TR,41.2797000,36.3361000,+90 850 201 0863,https://www.decathlon.com.tr/store-view/magaza-spor-samsun-piazza-avm-0070075500755,Mo-Su 10:00-22:00,AllThePlaces / localisateur officiel,0070075500755,https://api.woosmap.com/stores?key=woos-02fa0b82-a54d-3cc3-bdfa-3ce69249f220&stores_by_page=300&page=1,2026-07-11T20:29:07+00:00
DEC-01766,Decathlon,,Samsun,Samsun,,Türkiye,TR,41.2773312,36.3525666,,,,OpenStreetMap,node/4041855375,https://www.openstreetmap.org/node/4041855375,2026-07-11T20:29:07+00:00
DEC-01767,Decathlon,"Kazımiye Mh. Salih Omurtak Cd. No:15, Çorlu / TEKİRDAĞ",TEKİRDAĞ,Tekirdag,59850,Türkiye,TR,41.1520800,27.8294233,+90 282 673 67 64,https://www.decathlon.com.tr/store-view/magaza-spor-tekirdag-trend-arena-avm-0070136301363,Mo-Su 10:00-22:00,AllThePlaces / localisateur officiel; OpenStreetMap,0070136301363;node/5534600837,https://api.woosmap.com/stores?key=woos-02fa0b82-a54d-3cc3-bdfa-3ce69249f220&stores_by_page=300&page=1; https://www.openstreetmap.org/node/5534600837,2026-07-11T20:29:07+00:00
DEC-01768,Decathlon,"Kalkınma, 2. Sahil Yolu Cd No:101, 61200 Menteng/Ortahisar/Trabzon, Türkiye",TRABZON,Trabzon,61200,Türkiye,TR,40.9995614,39.7601746,+90 850 201 0882,https://www.decathlon.com.tr/store-view/magaza-spor-trabzon-forum-trabzon-avm-0070318303183,Mo-Su 10:00-22:00,AllThePlaces / localisateur officiel,0070318303183,https://api.woosmap.com/stores?key=woos-02fa0b82-a54d-3cc3-bdfa-3ce69249f220&stores_by_page=300&page=1,2026-07-11T20:29:07+00:00
DEC-01769,Decathlon,"Yenişehir Mah., Dedepaşa Cad. No:19 Viaport AVM Mağaza No:002",istanbul,Istanbul,34912,Türkiye,TR,40.9389750,29.3242270,+90 850 201 7816,https://www.decathlon.com.tr/store-view/magaza-spor-istanbul-viaport-avm-0070193201932,Mo-Su 10:00-22:00,AllThePlaces / localisateur officiel; OpenStreetMap,0070193201932;node/6709371735,https://api.woosmap.com/stores?key=woos-02fa0b82-a54d-3cc3-bdfa-3ce69249f220&stores_by_page=300&page=1; https://www.openstreetmap.org/node/6709371735,2026-07-11T20:29:07+00:00
DEC-01770,Decathlon,Zeytinlik mah. Halit Ziya Uşaklıgil cad. No:1 Mağaza No:4-5-6,İSTANBUL,Istanbul,34140,Türkiye,TR,40.9779490,28.8735400,+90 212 570 56 14,https://www.decathlon.com.tr/store-view/magaza-spor-istanbul-carousel-avm-0070192301923,Mo-Su 10:00-22:00,AllThePlaces / localisateur officiel; OpenStreetMap,0070192301923;node/12320844096,https://api.woosmap.com/stores?key=woos-02fa0b82-a54d-3cc3-bdfa-3ce69249f220&stores_by_page=300&page=1; https://www.openstreetmap.org/node/12320844096,2026-07-11T20:29:07+00:00
DEC-01771,Decathlon,Bayrampaşa Forum İstanbul AVM,İSTANBUL,Istanbul,34000,Türkiye,TR,41.0482000,28.9005000,+90 212 640 05 12,https://www.decathlon.com.tr/store-view/magaza-spor-istanbul-forum-istanbul-avm-0070053800538,Mo-Th 10:00-22:00; Fr 12:00-22:00; Sa-Su 10:00-22:00,AllThePlaces / localisateur officiel,0070053800538,https://api.woosmap.com/stores?key=woos-02fa0b82-a54d-3cc3-bdfa-3ce69249f220&stores_by_page=300&page=1,2026-07-11T20:29:07+00:00
DEC-01772,Decathlon,"Mithatpaşa caddesi No : 44 Balçova /İZMİR EGE PARK BALÇOVA MODA VE ALIŞVERİŞ MERKEZİ, Mağaza no: Z 34",İZMİR,Izmir,35330,Türkiye,TR,38.3949640,27.0440910,+90 232 277 78 06,https://www.decathlon.com.tr/store-view/magaza-spor-izmir-ege-park-avm-0070133101331,Mo-Su 10:00-22:00,AllThePlaces / localisateur officiel; OpenStreetMap,0070133101331;node/4045444169,https://api.woosmap.com/stores?key=woos-02fa0b82-a54d-3cc3-bdfa-3ce69249f220&stores_by_page=300&page=1; https://www.openstreetmap.org/node/4045444169,2026-07-11T20:29:07+00:00
DEC-01773,Decathlon,"Cevizli Mahallesi, Tugay Yolu caddesi Maltepe Park AVM D Blok No:67/1 İç kapı no:3 MALTEPE İSTANBUL",İstanbul,Istanbul,34846,Türkiye,TR,40.9190000,29.1640000,+90 850 201 2073,https://www.decathlon.com.tr/store-view/magaza-spor-istanbul-maltepe-park-avm-0070150201502,Mo-Su 10:00-22:00,AllThePlaces / localisateur officiel,0070150201502,https://api.woosmap.com/stores?key=woos-02fa0b82-a54d-3cc3-bdfa-3ce69249f220&stores_by_page=300&page=1,2026-07-11T20:29:07+00:00
DEC-01774,Decathlon,"Optimum Outlet, Yeni Sahra Mahallesi, Demokrasi Cd No:2, Ataşehir/İstanbul",İstanbul,Istanbul,34746,Türkiye,TR,40.9882910,29.0857460,+90 216 664 16 46,https://www.decathlon.com.tr/store-view/magaza-spor-istanbul-optimum-avm-0070198001980,Mo-Su 10:00-22:00,AllThePlaces / localisateur officiel,0070198001980,https://api.woosmap.com/stores?key=woos-02fa0b82-a54d-3cc3-bdfa-3ce69249f220&stores_by_page=300&page=1,2026-07-11T20:29:07+00:00
DEC-01775,Decathlon,Fatih Cad. No: 1 Acıbadem Kadıköy - Istanbul,İstanbul,Istanbul,34718,Türkiye,TR,40.9996133,29.0315208,+90 216 326 10 64,https://www.decathlon.com.tr/store-view/magaza-spor-istanbul-tepe-nautilus-avm-0070246502465,Mo-Su 10:00-22:00,AllThePlaces / localisateur officiel; OpenStreetMap,0070246502465;node/11022156118,https://api.woosmap.com/stores?key=woos-02fa0b82-a54d-3cc3-bdfa-3ce69249f220&stores_by_page=300&page=1; https://www.openstreetmap.org/node/11022156118,2026-07-11T20:29:07+00:00
DEC-01776,Decathlon,"Turgut Özal Mahallesi, E-5 Üzeri Haramidere Esenyurt",İstanbul,Istanbul,34903,Türkiye,TR,41.0041680,28.6885760,+90 850 201 4489,https://www.decathlon.com.tr/store-view/magaza-spor-istanbul-torium-avm-0070193101931,Mo-Th 10:00-22:00; Fr-Sa 10:00-22:30; Su 10:00-22:00,AllThePlaces / localisateur officiel; OpenStreetMap,0070193101931;node/10711854918,https://api.woosmap.com/stores?key=woos-02fa0b82-a54d-3cc3-bdfa-3ce69249f220&stores_by_page=300&page=1; https://www.openstreetmap.org/node/10711854918,2026-07-11T20:29:07+00:00
DEC-01777,Decathlon,"Fatih Sultan Mehmet Mah. Balkan Cd, No:62, 34771",İstanbul,Istanbul,34771,Türkiye,TR,41.0265000,29.1264000,+90 850 201 0126,https://www.decathlon.com.tr/store-view/magaza-spor-istanbul-meydan-istanbul-avm-0070151301513,Mo-Su 10:00-22:00,AllThePlaces / localisateur officiel,0070151301513,https://api.woosmap.com/stores?key=woos-02fa0b82-a54d-3cc3-bdfa-3ce69249f220&stores_by_page=300&page=1,2026-07-11T20:29:07+00:00
DEC-01778,Decathlon,"İstiklal Mahallesi, İstiklal Cad. Demirören İstiklal No:50, 34435, Beyoğlu/İstanbul, Turkey",İstanbul,Istanbul,34435,Türkiye,TR,41.0349930,28.9800590,+90 212 249 10 30,https://www.decathlon.com.tr/store-view/magaza-spor-istanbul-istiklal-mall-0070221002210,Mo-Su 10:00-22:00,AllThePlaces / localisateur officiel; OpenStreetMap,0070221002210;node/6919639486,https://api.woosmap.com/stores?key=woos-02fa0b82-a54d-3cc3-bdfa-3ce69249f220&stores_by_page=300&page=1; https://www.openstreetmap.org/node/6919639486,2026-07-11T20:29:07+00:00
DEC-01779,Decathlon,,İstanbul,Istanbul,34045,Türkiye,TR,41.0461879,28.8953036,+90 212 640 0512,https://www.decathlon.com.tr/,10:00-22:00,OpenStreetMap,way/401781138,https://www.openstreetmap.org/way/401781138,2026-07-11T20:29:07+00:00
DEC-01780,Decathlon,"Yeşilpınar, Şht. Metin Kaya Sk. No: 11/1 Eyüp",İstanbul,Istanbul,34065,Türkiye,TR,41.0707133,28.9215171,+90 212 890 59 78,https://www.decathlon.com.tr/store-view/magaza-spor-istanbul-vialand-avm-0070246802468,Mo-Su 10:00-22:00,AllThePlaces / localisateur officiel,0070246802468,https://api.woosmap.com/stores?key=woos-02fa0b82-a54d-3cc3-bdfa-3ce69249f220&stores_by_page=300&page=1,2026-07-11T20:29:07+00:00
DEC-01781,Decathlon,"Esentepe, Büyükdere Cd. No:181, 34394 Şişli/İstanbul, Turkey",İstanbul,Istanbul,34330,Türkiye,TR,41.0770000,29.0110000,+90 850 201 0866,https://www.decathlon.com.tr/store-view/magaza-spor-istanbul-ozdilekpark-0070160401604,Mo-Su 10:00-22:00,AllThePlaces / localisateur officiel; OpenStreetMap,0070160401604;node/6257242587,https://api.woosmap.com/stores?key=woos-02fa0b82-a54d-3cc3-bdfa-3ce69249f220&stores_by_page=300&page=1; https://www.openstreetmap.org/node/6257242587,2026-07-11T20:29:07+00:00
DEC-01782,Decathlon,"Ayazağa Mahallesi, Cendere Cd. 109/C, Sarıyer",İstanbul,Istanbul,34396,Türkiye,TR,41.1092160,28.9861290,+90 212 803 46 58,https://www.decathlon.com.tr/store-view/magaza-spor-istanbul-vadistanbul-avm-0070191101911,Mo-Su 10:00-22:00,AllThePlaces / localisateur officiel,0070191101911,https://api.woosmap.com/stores?key=woos-02fa0b82-a54d-3cc3-bdfa-3ce69249f220&stores_by_page=300&page=1,2026-07-11T20:29:07+00:00
DEC-01783,Decathlon,"Yalı Mahallesi 6522 Sokak No:3 Hilltown Karşıyaka AVM, Karşıyaka / İzmir",İzmir,Izmir,35590,Türkiye,TR,38.4787886,27.0746853,+90 232 504 62 01,https://www.decathlon.com.tr/store-view/magaza-spor-izmir-hilltown-avm-0070244302443,Mo-Su 10:00-22:00,AllThePlaces / localisateur officiel,0070244302443,https://api.woosmap.com/stores?key=woos-02fa0b82-a54d-3cc3-bdfa-3ce69249f220&stores_by_page=300&page=1,2026-07-11T20:29:07+00:00
DEC-01784,Декатлон,,Fontanka,Odessa,,Ukraine,UA,46.5642661,30.8337539,,,,OpenStreetMap,node/9573960133,https://www.openstreetmap.org/node/9573960133,2026-07-11T20:29:07+00:00
DEC-01785,Decathlon,,Kiev,Kyiv City,,Ukraine,UA,50.4549724,30.6367224,,,Mo-Su 10:00-22:00,OpenStreetMap,node/12178236873,https://www.openstreetmap.org/node/12178236873,2026-07-11T20:29:07+00:00
DEC-01786,Декатлон,,Kiev,Kyiv City,,Ukraine,UA,50.4915964,30.4872008,,https://www.decathlon.ua,Mo-Su 09:00-22:00,OpenStreetMap,node/6358349455,https://www.openstreetmap.org/node/6358349455,2026-07-11T20:29:07+00:00
DEC-01787,Декатлон,,Kotsyubyns'ke,Kyiv City,,Ukraine,UA,50.4973398,30.3623224,,https://www.decathlon.ua/,Mo-Su 09:00-22:00,OpenStreetMap,node/7173313230,https://www.openstreetmap.org/node/7173313230,2026-07-11T20:29:07+00:00
DEC-01788,Decathlon,,Dubai,Dubai,,United Arab Emirates,AE,25.1979871,55.2790483,,,,OpenStreetMap,node/11475941169,https://www.openstreetmap.org/node/11475941169,2026-07-11T20:29:07+00:00
DEC-01789,Decathlon,,Sharjah,Ash Shariqah,,United Arab Emirates,AE,25.2140673,55.4078371,,,,OpenStreetMap,node/4556972329,https://www.openstreetmap.org/node/4556972329,2026-07-11T20:29:07+00:00
DEC-01790,Decathlon,7/8 60-61 The Linkway Horwich,BOLTON,England,BL6 6JA,United Kingdom,GB,53.5835170,-2.5352340,+44 1204 394023,https://www.decathlon.co.uk/store-view/sport-shop-middlebrook-0070289002890,Mo-Sa 09:00-20:00; Su 11:00-17:00,AllThePlaces / localisateur officiel,0070289002890,https://api.woosmap.com/stores?key=woos-4c9860ae-4147-39e0-af88-6d56fc1a5ab6&stores_by_page=300&page=1,2026-07-11T20:29:07+00:00
DEC-01791,Decathlon,Holywood Exchange Retail Park,Belfast,Northern Ireland,BT3 9EJ,United Kingdom,GB,54.6246130,-5.8589530,+44 28 9691 0080,https://www.decathlon.co.uk/store-view/sport-shop-belfast-0070061400614,Mo-Sa 09:00-19:00; Su 13:00-18:00,AllThePlaces / localisateur officiel; OpenStreetMap,0070061400614;node/5117468837,https://api.woosmap.com/stores?key=woos-4c9860ae-4147-39e0-af88-6d56fc1a5ab6&stores_by_page=300&page=1; https://www.openstreetmap.org/node/5117468837,2026-07-11T20:29:07+00:00
DEC-01792,Decathlon,7/8 60-61 The Linkway,Bolton,England,BL6 6JA,United Kingdom,GB,53.5860253,-2.5372708,+44 1204 394023,,Mo-Sa 09:00-20:00; Su 11:00-17:00,OpenStreetMap,way/1052059530,https://www.openstreetmap.org/way/1052059530,2026-07-11T20:29:07+00:00
DEC-01793,Decathlon,"Unit 3, 134 North Street",Brighton,England,BN1 1RG,United Kingdom,GB,50.8234003,-0.1427117,+44 1273 525451,https://www.decathlon.co.uk/store-view/sport-shop-brighton-0070201902019,Mo-Sa 09:00-19:00; Su 11:00-17:00,AllThePlaces / localisateur officiel; OpenStreetMap,0070201902019;node/5172549925,https://api.woosmap.com/stores?key=woos-4c9860ae-4147-39e0-af88-6d56fc1a5ab6&stores_by_page=300&page=1; https://www.openstreetmap.org/node/5172549925,2026-07-11T20:29:07+00:00
DEC-01794,Decathlon,Grafton Centre,Cambridge,England,CB1 1PS,United Kingdom,GB,52.2063978,0.1323222,+44 1223 603400,https://www.decathlon.co.uk/store-view/sport-shop-cambridge-0070138101381,Mo-Sa 09:00-18:00; Su 11:00-17:00,AllThePlaces / localisateur officiel; OpenStreetMap,0070138101381;node/4965247925,https://api.woosmap.com/stores?key=woos-4c9860ae-4147-39e0-af88-6d56fc1a5ab6&stores_by_page=300&page=1; https://www.openstreetmap.org/node/4965247925,2026-07-11T20:29:07+00:00
DEC-01795,Decathlon,0 Tesco Culverhouse Cross,Cardiff,Wales,CF5 6XQ,United Kingdom,GB,51.4662090,-3.2752300,+44 29 2280 1709,https://www.decathlon.co.uk/store-view/sport-shop-cardiff-culverhouse-cross-0070282302823,Mo-Sa 09:00-20:00; Su 10:00-16:00,AllThePlaces / localisateur officiel; OpenStreetMap,0070282302823;node/13456260115,https://api.woosmap.com/stores?key=woos-4c9860ae-4147-39e0-af88-6d56fc1a5ab6&stores_by_page=300&page=1; https://www.openstreetmap.org/node/13456260115,2026-07-11T20:29:07+00:00
DEC-01796,Decathlon,"30 Regents Arcade, Cheltenham",Cheltenham,England,GL50 1JZ,United Kingdom,GB,51.8996605,-2.0741986,,https://www.decathlon.co.uk/store-view/sport-shop-cheltenham-gloucester-0070282902829,Mo-We 09:00-18:00; Th 09:00-19:00; Fr-Sa 09:00-18:00; Su 10:00-16:00,AllThePlaces / localisateur officiel; OpenStreetMap,0070282902829;node/9421181200,https://api.woosmap.com/stores?key=woos-4c9860ae-4147-39e0-af88-6d56fc1a5ab6&stores_by_page=300&page=1; https://www.openstreetmap.org/node/9421181200,2026-07-11T20:29:07+00:00
DEC-01797,Decathlon,Corktree Retail Park,Chingford,England,E4 8JA,United Kingdom,GB,51.6130995,-0.0361440,+44 20 3915 4660,https://www.decathlon.co.uk/store-view/sport-shop-chingford-0070158801588,Mo-Sa 10:00-19:00; Su 11:00-17:00,AllThePlaces / localisateur officiel,0070158801588,https://api.woosmap.com/stores?key=woos-4c9860ae-4147-39e0-af88-6d56fc1a5ab6&stores_by_page=300&page=1,2026-07-11T20:29:07+00:00
DEC-01798,Decathlon,Arena Shopping Park,Coventry,England,CV6 6AS,United Kingdom,GB,52.4464056,-1.4931026,+44 2476 66 82 88,https://www.decathlon.co.uk/store-view/sport-shop-coventry-0070071700717,Mo-Sa 09:00-20:00; Su 11:00-17:00,OpenStreetMap,way/189732743,https://www.openstreetmap.org/way/189732743,2026-07-11T20:29:07+00:00
DEC-01799,Decathlon,Queens Square,Crawley,England,RH10 1HA,United Kingdom,GB,51.1152646,-0.1881426,+44 1293 516597,https://www.decathlon.co.uk/store-view/sport-shop-crawley-0070140501405,Mo-Sa 09:00-18:00; Su 10:30-16:30,AllThePlaces / localisateur officiel; OpenStreetMap,0070140501405;way/472840951,https://api.woosmap.com/stores?key=woos-4c9860ae-4147-39e0-af88-6d56fc1a5ab6&stores_by_page=300&page=1; https://www.openstreetmap.org/way/472840951,2026-07-11T20:29:07+00:00
DEC-01800,Decathlon,"Trafalgar Way Retail Park, Purley Way",Croydon,England,CR0 4XT,United Kingdom,GB,51.3773431,-0.1212289,+44 20 8760 0471,https://www.decathlon.co.uk/store-view/sport-shop-croydon-0070097400974,Mo-Sa 10:00-19:00; Su 11:00-17:00,AllThePlaces / localisateur officiel; OpenStreetMap,0070097400974;way/94808592,https://api.woosmap.com/stores?key=woos-4c9860ae-4147-39e0-af88-6d56fc1a5ab6&stores_by_page=300&page=1; https://www.openstreetmap.org/way/94808592,2026-07-11T20:29:07+00:00
DEC-01801,Decathlon,Volta Way,Croydon,England,,United Kingdom,GB,51.3804449,-0.1232060,,https://www.decathlon.co.uk/store-view/sport-shop-croydon-ikea-0070289202892,Mo-Sa 10:00-19:00; Su 11:00-17:00,OpenStreetMap,node/13762886496,https://www.openstreetmap.org/node/13762886496,2026-07-11T20:29:07+00:00
DEC-01802,Decathlon,Hermiston Gait Retail Park,Edinburgh,Scotland,EH11 4DG,United Kingdom,GB,55.9247000,-3.3089000,+44 131 442 3293,https://www.decathlon.co.uk/store-view/sport-shop-edinburgh-0070071500715,Mo-Fr 09:00-20:00; Sa 09:00-19:00; Su 10:00-18:00,AllThePlaces / localisateur officiel; OpenStreetMap,0070071500715;way/296725055,https://api.woosmap.com/stores?key=woos-4c9860ae-4147-39e0-af88-6d56fc1a5ab6&stores_by_page=300&page=1; https://www.openstreetmap.org/way/296725055,2026-07-11T20:29:07+00:00
DEC-01803,Decathlon,"Unit 2, Princes Mead Shopping Park",Farnborough,England,GU14 7LT,United Kingdom,GB,51.2918278,-0.7600448,+44 1252 518315,https://www.decathlon.co.uk/store-view/sport-shop-farnborough-0070138001380,Mo-Sa 09:00-19:00; Su 10:00-16:00,AllThePlaces / localisateur officiel; OpenStreetMap,0070138001380;node/5117577492,https://api.woosmap.com/stores?key=woos-4c9860ae-4147-39e0-af88-6d56fc1a5ab6&stores_by_page=300&page=1; https://www.openstreetmap.org/node/5117577492,2026-07-11T20:29:07+00:00
DEC-01804,Decathlon,"Team Valley Retail Park, Team Valley Trading Estate",Gateshead,England,NE11 0BD,United Kingdom,GB,54.9222231,-1.6193000,+44 191 495 8330,https://www.decathlon.co.uk/store-view/sport-shop-gateshead-0070133601336,Mo-Fr 09:00-20:00; Sa 09:00-19:00; Su 11:00-17:00,AllThePlaces / localisateur officiel; OpenStreetMap,0070133601336;way/243328706,https://api.woosmap.com/stores?key=woos-4c9860ae-4147-39e0-af88-6d56fc1a5ab6&stores_by_page=300&page=1; https://www.openstreetmap.org/way/243328706,2026-07-11T20:29:07+00:00
DEC-01805,Decathlon,"Decathlon in Tesco Extra, 751 Barrhead Rd",Glasgow,Scotland,G53 6AG,United Kingdom,GB,55.8227181,-4.3401110,+44 141 737 7291,https://www.decathlon.co.uk/store-view/sport-shop-silverburn-0070282802828,Mo-Sa 10:00-20:00; Su 10:00-18:00,AllThePlaces / localisateur officiel; OpenStreetMap,0070282802828;node/11869897329,https://api.woosmap.com/stores?key=woos-4c9860ae-4147-39e0-af88-6d56fc1a5ab6&stores_by_page=300&page=1; https://www.openstreetmap.org/node/11869897329,2026-07-11T20:29:07+00:00
DEC-01806,Decathlon,13 North Street,Guildford,England,GU1 4AF,United Kingdom,GB,51.2370053,-0.5732052,+44 1483 920030,https://www.decathlon.co.uk/store-view/sport-shop-guildford-0070202102021,Mo-Sa 09:00-18:00; Su 11:00-17:00,AllThePlaces / localisateur officiel; OpenStreetMap,0070202102021;node/767329765,https://api.woosmap.com/stores?key=woos-4c9860ae-4147-39e0-af88-6d56fc1a5ab6&stores_by_page=300&page=1; https://www.openstreetmap.org/node/767329765,2026-07-11T20:29:07+00:00
DEC-01807,Decathlon,,Hardingstone,England,,United Kingdom,GB,52.2167800,-0.8605656,,,,OpenStreetMap,way/108858869,https://www.openstreetmap.org/way/108858869,2026-07-11T20:29:07+00:00
DEC-01808,Decathlon,Huyton Lane,Huyton,England,L36 7TX,United Kingdom,GB,53.4129544,-2.8364710,+44 151 480 7271,,Mo-Sa 09:00-20:00; Su 10:00-16:30,OpenStreetMap,node/5117607232,https://www.openstreetmap.org/node/5117607232,2026-07-11T20:29:07+00:00
DEC-01809,Decathlon,49 Boar Ln,Leeds,England,LS1 5EL,United Kingdom,GB,53.7960150,-1.5458640,+44 113 824 4130,https://www.decathlon.co.uk/store-view/sport-shop-leeds-0070258102581,Mo-Sa 09:00-20:00; Su 11:00-17:00,AllThePlaces / localisateur officiel; OpenStreetMap,0070258102581;node/8731319450;way/1510415538;node/8777524258,https://api.woosmap.com/stores?key=woos-4c9860ae-4147-39e0-af88-6d56fc1a5ab6&stores_by_page=300&page=1; https://www.openstreetmap.org/node/8731319450; https://www.openstreetmap.org/way/1510415538; https://www.openstreetmap.org/node/8777524258,2026-07-11T20:29:07+00:00
DEC-01810,Decathlon,18-20 Church St,Liverpool,England,L1 3AP,United Kingdom,GB,53.4048933,-2.9870043,+44 151 245 6946,https://www.decathlon.co.uk/store-view/sport-shop-liverpool-0070283002830,Mo-Fr 09:00-20:00; Sa 09:00-19:00; Su 11:00-17:00,AllThePlaces / localisateur officiel; OpenStreetMap,0070283002830;way/221893912,https://api.woosmap.com/stores?key=woos-4c9860ae-4147-39e0-af88-6d56fc1a5ab6&stores_by_page=300&page=1; https://www.openstreetmap.org/way/221893912,2026-07-11T20:29:07+00:00
DEC-01811,Decathlon,3 Almondvale West Retail Park,Livingston,Scotland,EH54 6FQ,United Kingdom,GB,55.8820762,-3.5209471,+44 1506 371681,https://www.decathlon.co.uk/store-view/sport-shop-livingston-0070283102831,Mo-We 09:30-18:30; Th 09:30-19:30; Fr-Sa 09:30-18:30; Su 10:00-18:00,AllThePlaces / localisateur officiel; OpenStreetMap,0070283102831;node/12974163711,https://api.woosmap.com/stores?key=woos-4c9860ae-4147-39e0-af88-6d56fc1a5ab6&stores_by_page=300&page=1; https://www.openstreetmap.org/node/12974163711,2026-07-11T20:29:07+00:00
DEC-01812,Decathlon,"55-57 Garratt Lane, Southside Shopping Center",London,England,SW18 4TF,United Kingdom,GB,51.4543749,-0.1929608,+44 20 8870 5135,https://www.decathlon.co.uk/store-view/sport-shop-wandsworth-0070104001040,Mo-Sa 09:00-19:00; Su 11:00-17:00,AllThePlaces / localisateur officiel; OpenStreetMap,0070104001040;way/1189863623,https://api.woosmap.com/stores?key=woos-4c9860ae-4147-39e0-af88-6d56fc1a5ab6&stores_by_page=300&page=1; https://www.openstreetmap.org/way/1189863623,2026-07-11T20:29:07+00:00
DEC-01813,Decathlon,9 Maritime Street,London,England,SE16 7FU,United Kingdom,GB,51.4977301,-0.0474559,+44 20 7394 2000,https://www.decathlon.co.uk/store-view/sport-shop-london-surrey-quays-0070024000240,Mo-Sa 09:00-20:00; Su 11:00-17:00,AllThePlaces / localisateur officiel; OpenStreetMap,0070024000240;node/7656020547;node/7077383346;way/997577288;way/729958296,https://api.woosmap.com/stores?key=woos-4c9860ae-4147-39e0-af88-6d56fc1a5ab6&stores_by_page=300&page=1; https://www.openstreetmap.org/node/7656020547; https://www.openstreetmap.org/node/7077383346; https://www.openstreetmap.org/way/997577288; https://www.openstreetmap.org/way/729958296,2026-07-11T20:29:07+00:00
DEC-01814,Decathlon,146 High Street Kensington,London,England,W8 7RL,United Kingdom,GB,51.5005200,-0.1949580,+44 20 4517 7291,https://www.decathlon.co.uk/store-view/sport-shop-high-street-kensington-0070202002020,Mo-Sa 10:00-20:00; Su 11:30-17:30,AllThePlaces / localisateur officiel; OpenStreetMap,0070202002020;node/5464084445,https://api.woosmap.com/stores?key=woos-4c9860ae-4147-39e0-af88-6d56fc1a5ab6&stores_by_page=300&page=1; https://www.openstreetmap.org/node/5464084445,2026-07-11T20:29:07+00:00
DEC-01815,Decathlon,"Ealing Broadway Shopping Centre, The Broadway",London,England,W5 5JY,United Kingdom,GB,51.5129757,-0.3045397,+44 20 8076 2130,https://www.decathlon.co.uk/store-view/sport-shop-ealing-broadway-0070208402084,Mo-Sa 10:00-19:00; Su 11:00-17:00,AllThePlaces / localisateur officiel; OpenStreetMap,0070208402084;node/7807385340,https://api.woosmap.com/stores?key=woos-4c9860ae-4147-39e0-af88-6d56fc1a5ab6&stores_by_page=300&page=1; https://www.openstreetmap.org/node/7807385340,2026-07-11T20:29:07+00:00
DEC-01816,Decathlon,"Unit D1, Geron Way, Staples Corner Retail Park",London,England,NW2 6LW,United Kingdom,GB,51.5681400,-0.2273349,+44 20 3915 4560,https://www.decathlon.co.uk/store-view/sport-shop-brent-cross-0070159101591,Mo-Sa 10:00-20:00; Su 11:00-17:00,AllThePlaces / localisateur officiel; OpenStreetMap,0070159101591;node/5221348586,https://api.woosmap.com/stores?key=woos-4c9860ae-4147-39e0-af88-6d56fc1a5ab6&stores_by_page=300&page=1; https://www.openstreetmap.org/node/5221348586,2026-07-11T20:29:07+00:00
DEC-01817,Decathlon,Cork Tree Way,London,England,E4 8JA,United Kingdom,GB,51.6128506,-0.0317726,+44 7880381355,https://www.decathlon.co.uk/,Mo-Sa 09:00-20:00; Su 10:30-16:30,OpenStreetMap,way/692982125,https://www.openstreetmap.org/way/692982125,2026-07-11T20:29:07+00:00
DEC-01818,Decathlon,Ashton New Road,Manchester,England,M11 4BD,United Kingdom,GB,53.4835142,-2.1925417,+44 161 230 8928,https://www.decathlon.co.uk/store-view/sport-shop-manchester-eastlands-0070137801378,Mo-Sa 10:00-19:00; Su 11:00-17:00,AllThePlaces / localisateur officiel; OpenStreetMap,0070137801378;node/4687699889,https://api.woosmap.com/stores?key=woos-4c9860ae-4147-39e0-af88-6d56fc1a5ab6&stores_by_page=300&page=1; https://www.openstreetmap.org/node/4687699889,2026-07-11T20:29:07+00:00
DEC-01819,Decathlon,"Central Car Park, Patriot Dr",Milton Keynes,England,MK13 8PU,United Kingdom,GB,52.0357508,-0.7751962,+44 1908 331982,https://www.decathlon.co.uk/store-view/sport-shop-milton-keynes-0070138501385,Mo-Sa 09:00-19:00; Su 10:30-16:30,AllThePlaces / localisateur officiel,0070138501385,https://api.woosmap.com/stores?key=woos-4c9860ae-4147-39e0-af88-6d56fc1a5ab6&stores_by_page=300&page=1,2026-07-11T20:29:07+00:00
DEC-01820,Decathlon,Patriot Drive,Milton Keynes,England,MK13 8PU,United Kingdom,GB,52.0406303,-0.7767297,+44 190 833 1982,,Mo-Sa 09:00-20:00; Su 10:30-16:30,OpenStreetMap,node/408436172,https://www.openstreetmap.org/node/408436172,2026-07-11T20:29:07+00:00
DEC-01821,Decathlon,"Decathlon Unit 2, Thomas Dachser Way",Northampton,England,NN4 7HT,United Kingdom,GB,52.2230477,-0.8524454,,https://www.decathlon.co.uk/store-view/sport-shop-northampton-warehouse-c-c-point-only-0070221902219,Mo-Su 06:30-20:30,AllThePlaces / localisateur officiel,0070221902219,https://api.woosmap.com/stores?key=woos-4c9860ae-4147-39e0-af88-6d56fc1a5ab6&stores_by_page=300&page=1,2026-07-11T20:29:07+00:00
DEC-01822,Decathlon,"Giltbrook Retail Park, Nottingham Road East",Nottingham,England,NG16 2RP,United Kingdom,GB,53.0012743,-1.2807888,+44 115 850 0660,https://www.decathlon.co.uk/store-view/sport-shop-nottingham-derby-0070026000260,Mo-Sa 09:00-20:00; Su 11:00-17:00,AllThePlaces / localisateur officiel; OpenStreetMap,0070026000260;way/31350510,https://api.woosmap.com/stores?key=woos-4c9860ae-4147-39e0-af88-6d56fc1a5ab6&stores_by_page=300&page=1; https://www.openstreetmap.org/way/31350510,2026-07-11T20:29:07+00:00
DEC-01823,Decathlon,"Address:, Seacourt Retail Park",Oxford,England,OX2 0JJ,United Kingdom,GB,51.7541480,-1.2952550,+44 1865 797910,https://www.decathlon.co.uk/store-view/sport-shop-oxford-0070084700847,Mo-Sa 09:00-19:00; Su 10:00-16:00,AllThePlaces / localisateur officiel; OpenStreetMap,0070084700847;node/2994491945,https://api.woosmap.com/stores?key=woos-4c9860ae-4147-39e0-af88-6d56fc1a5ab6&stores_by_page=300&page=1; https://www.openstreetmap.org/node/2994491945,2026-07-11T20:29:07+00:00
DEC-01824,Decathlon,"Decathlon, Unit 1 Binnacle Way, Cosham",Portsmouth,England,PO6 4FG,United Kingdom,GB,50.8462981,-1.0944501,+44 23 9241 4752,https://www.decathlon.co.uk/store-view/sport-shop-portsmouth-0070207802078,Mo-Sa 09:00-20:00; Su 10:00-16:00,AllThePlaces / localisateur officiel; OpenStreetMap,0070207802078;way/1299065972,https://api.woosmap.com/stores?key=woos-4c9860ae-4147-39e0-af88-6d56fc1a5ab6&stores_by_page=300&page=1; https://www.openstreetmap.org/way/1299065972,2026-07-11T20:29:07+00:00
DEC-01825,Decathlon,Kenavon Drive,Reading,England,RG1 3HS,United Kingdom,GB,51.4571907,-0.9592675,+44 118 956 9151,https://www.decathlon.co.uk/store-view/sport-shop-reading-0070065000650,Mo-Sa 09:00-19:00; Su 10:00-16:00,OpenStreetMap,way/65546826,https://www.openstreetmap.org/way/65546826,2026-07-11T20:29:07+00:00
DEC-01826,Decathlon,Forbury Retail Park,Reading,England,RG1 3HS,United Kingdom,GB,51.4580000,-0.9645000,+44 118 229 3896,https://www.decathlon.co.uk/store-view/sport-shop-reading-0070065000650,Mo-Sa 09:00-19:00; Su 10:00-16:00,AllThePlaces / localisateur officiel,0070065000650,https://api.woosmap.com/stores?key=woos-4c9860ae-4147-39e0-af88-6d56fc1a5ab6&stores_by_page=300&page=1,2026-07-11T20:29:07+00:00
DEC-01827,Decathlon,Poole Retail Park,Redlands,England,BH12 1DN,United Kingdom,GB,50.7288882,-1.9214031,+44 1202 768016,https://www.decathlon.co.uk/store-view/sport-shop-poole-redlands-0070137601376,Mo-Sa 09:00-19:00; Su 10:00-16:00,AllThePlaces / localisateur officiel; OpenStreetMap,0070137601376;way/222892047,https://api.woosmap.com/stores?key=woos-4c9860ae-4147-39e0-af88-6d56fc1a5ab6&stores_by_page=300&page=1; https://www.openstreetmap.org/way/222892047,2026-07-11T20:29:07+00:00
DEC-01828,Decathlon,Old Govan Road,Renfrew,Scotland,PA4 8XJ,United Kingdom,GB,55.8736149,-4.3701906,+44 141 885 1788,https://www.decathlon.co.uk/store-view/sport-shop-braehead-0070087500875,Mo-Fr 09:30-20:00; Sa 09:30-19:00; Su 10:00-18:00,AllThePlaces / localisateur officiel; OpenStreetMap,0070087500875;way/459623967;node/12173789813,https://api.woosmap.com/stores?key=woos-4c9860ae-4147-39e0-af88-6d56fc1a5ab6&stores_by_page=300&page=1; https://www.openstreetmap.org/way/459623967; https://www.openstreetmap.org/node/12173789813,2026-07-11T20:29:07+00:00
DEC-01829,Decathlon,"RUSHDEN LAKES SHOPPING CENTRE, RUSHDEN, NORTHAMPTONSHIRE",Rushden,England,NN10 6FH,United Kingdom,GB,52.3012910,-0.6224520,,https://www.decathlon.co.uk/store-view/sport-shop-rushden-lakes-0070208302083,Mo-Sa 09:00-19:00; Su 10:30-16:30,AllThePlaces / localisateur officiel; OpenStreetMap,0070208302083;node/7002726434,https://api.woosmap.com/stores?key=woos-4c9860ae-4147-39e0-af88-6d56fc1a5ab6&stores_by_page=300&page=1; https://www.openstreetmap.org/node/7002726434,2026-07-11T20:29:07+00:00
DEC-01830,Decathlon,199 Eyre Street,Sheffield,England,S1 3HU,United Kingdom,GB,53.3743000,-1.4725000,+44 20 3161 2920,https://www.decathlon.co.uk/store-view/sport-shop-sheffield-0070034000340,Mo-Fr 09:00-20:00; Sa 09:00-19:00; Su 10:30-16:30,AllThePlaces / localisateur officiel; OpenStreetMap,0070034000340;node/3714715378;node/12862274332;way/16150561;way/1223660299,https://api.woosmap.com/stores?key=woos-4c9860ae-4147-39e0-af88-6d56fc1a5ab6&stores_by_page=300&page=1; https://www.openstreetmap.org/node/3714715378; https://www.openstreetmap.org/node/12862274332; https://www.openstreetmap.org/way/16150561; https://www.openstreetmap.org/way/1223660299,2026-07-11T20:29:07+00:00
DEC-01831,Decathlon,"24 Harbour Parade, West Quay Retail Park",Southampton,England,SO15 1BA,United Kingdom,GB,50.9035178,-1.4095817,+44 23 8017 4770,https://www.decathlon.co.uk/store-view/sport-shop-southampton-0070071800718,Mo-Sa 09:00-20:00; Su 10:00-16:00,AllThePlaces / localisateur officiel; OpenStreetMap,0070071800718;way/191972366,https://api.woosmap.com/stores?key=woos-4c9860ae-4147-39e0-af88-6d56fc1a5ab6&stores_by_page=300&page=1; https://www.openstreetmap.org/way/191972366,2026-07-11T20:29:07+00:00
DEC-01832,Decathlon,Monkswood Way,Stevenage,England,SG1 1LA,United Kingdom,GB,51.8975422,-0.2010637,+44 1438 369 870,https://www.decathlon.co.uk/store-view/sport-shop-stevenage-0070137901379,Mo-Fr 09:00-19:00; Sa 09:00-18:00; Su 10:00-16:00,AllThePlaces / localisateur officiel; OpenStreetMap,0070137901379;node/5117664486,https://api.woosmap.com/stores?key=woos-4c9860ae-4147-39e0-af88-6d56fc1a5ab6&stores_by_page=300&page=1; https://www.openstreetmap.org/node/5117664486,2026-07-11T20:29:07+00:00
DEC-01833,Decathlon,Georges Road,Stockport,England,SK4 1DN,United Kingdom,GB,53.4111000,-2.1717000,+44 161 476 9600,https://www.decathlon.co.uk/store-view/sport-shop-stockport-0070025000250,Mo-Sa 09:00-20:00; Su 10:30-16:30,AllThePlaces / localisateur officiel; OpenStreetMap,0070025000250;way/101365798,https://api.woosmap.com/stores?key=woos-4c9860ae-4147-39e0-af88-6d56fc1a5ab6&stores_by_page=300&page=1; https://www.openstreetmap.org/way/101365798,2026-07-11T20:29:07+00:00
DEC-01834,Decathlon,Ventura Park Road,Tamworth,England,B78 3HB,United Kingdom,GB,52.6258162,-1.7043657,+44 1827 54083,https://www.decathlon.co.uk/store-view/sport-shop-tamworth-0070117201172,Mo-Fr 09:00-20:00; Sa 09:00-19:00; Su 10:00-16:00,AllThePlaces / localisateur officiel; OpenStreetMap,0070117201172;node/5119163463,https://api.woosmap.com/stores?key=woos-4c9860ae-4147-39e0-af88-6d56fc1a5ab6&stores_by_page=300&page=1; https://www.openstreetmap.org/node/5119163463,2026-07-11T20:29:07+00:00
DEC-01835,Decathlon,Colliers Way,Telford,England,TF3 4AG,United Kingdom,GB,52.6815808,-2.4565167,,,,OpenStreetMap,way/200524551,https://www.openstreetmap.org/way/200524551,2026-07-11T20:29:07+00:00
DEC-01836,Decathlon,Jubilee Way,Warrington,England,WA2 8HE,United Kingdom,GB,53.4054290,-2.5928960,+44 1925 445547,https://www.decathlon.co.uk/store-view/sport-shop-warrington-0070068400684,Mo-Sa 09:00-20:00; Su 10:30-16:30,AllThePlaces / localisateur officiel; OpenStreetMap,0070068400684;way/182997971,https://api.woosmap.com/stores?key=woos-4c9860ae-4147-39e0-af88-6d56fc1a5ab6&stores_by_page=300&page=1; https://www.openstreetmap.org/way/182997971,2026-07-11T20:29:07+00:00
DEC-01837,Decathlon,Gallagher Retail Park.,Wednesbury,England,WS10 9QY,United Kingdom,GB,52.5669000,-2.0071000,+44 121 502 1065,https://www.decathlon.co.uk/store-view/sport-shop-wednesbury-0070066000660,Mo-Sa 09:00-20:00; Su 11:00-17:00,AllThePlaces / localisateur officiel; OpenStreetMap,0070066000660;way/161176422,https://api.woosmap.com/stores?key=woos-4c9860ae-4147-39e0-af88-6d56fc1a5ab6&stores_by_page=300&page=1; https://www.openstreetmap.org/way/161176422,2026-07-11T20:29:07+00:00
DEC-01838,Decathlon,"Tunnel Estate Retail Park, Weston Avenue",West Thurrock,England,RM20 3LP,United Kingdom,GB,51.4878600,0.2717300,+44 1708 895650,https://www.decathlon.co.uk/store-view/sport-shop-lakeside-0070038700387,Mo-Sa 09:30-20:00; Su 10:15-16:30,AllThePlaces / localisateur officiel; OpenStreetMap,0070038700387;way/180834011,https://api.woosmap.com/stores?key=woos-4c9860ae-4147-39e0-af88-6d56fc1a5ab6&stores_by_page=300&page=1; https://www.openstreetmap.org/way/180834011,2026-07-11T20:29:07+00:00
DEC-01839,Decathlon,"0 Monks Cross Dr, Huntington",York,England,YO32 9GX,United Kingdom,GB,53.9879754,-1.0471212,+44 1904 947725,https://www.decathlon.co.uk/store-view/sport-shop-york-0070289102891,Mo-Fr 09:00-20:00; Sa 09:00-19:00; Su 10:30-16:30,AllThePlaces / localisateur officiel; OpenStreetMap,0070289102891;way/952384099,https://api.woosmap.com/stores?key=woos-4c9860ae-4147-39e0-af88-6d56fc1a5ab6&stores_by_page=300&page=1; https://www.openstreetmap.org/way/952384099,2026-07-11T20:29:07+00:00
DEC-01840,Decathlon,,Colonia Nicolich,Canelones,,Uruguay,UY,-34.8170780,-55.9810033,,,Mo-Su 10:00-21:00,OpenStreetMap,node/11607885149,https://www.openstreetmap.org/node/11607885149,2026-07-11T20:29:07+00:00
DEC-01841,Decathlon,,Hai BaTrung,Ha Noi,,Viet Nam,VN,20.9946061,105.8696172,,,,OpenStreetMap,way/1331638488,https://www.openstreetmap.org/way/1331638488,2026-07-11T20:29:07+00:00
DEC-01842,Decathlon,,Ho Chi Minh City,Ho Chi Minh City,,Viet Nam,VN,10.8011362,106.6158654,,https://www.decathlon.vn/,Sa-Su 09:00-22:00; Mo-Fr 10:00-22:00,OpenStreetMap,node/7574922685,https://www.openstreetmap.org/node/7574922685,2026-07-11T20:29:07+00:00
DEC-01843,Decathlon,,Quan Hai,Ho Chi Minh City,,Viet Nam,VN,10.8025020,106.7415403,,,,OpenStreetMap,node/10991504005,https://www.openstreetmap.org/node/10991504005,2026-07-11T20:29:07+00:00
DEC-01844,Decathlon,11 Sư Vạn Hạnh,Quan Muoi,Ho Chi Minh City,,Viet Nam,VN,10.7704738,106.6695772,,https://www.decathlon.vn/,Mo-Su 09:30-22:00,OpenStreetMap,node/11278615069,https://www.openstreetmap.org/node/11278615069,2026-07-11T20:29:07+00:00
DEC-01845,Decathlon,,Thanh Xuan,Ha Noi,,Viet Nam,VN,21.0025164,105.8162927,,https://m.decathlon.vn/vi/,Mo-Su 09:30-22:00,OpenStreetMap,way/892577257,https://www.openstreetmap.org/way/892577257,2026-07-11T20:29:07+00:00
DEC-01846,Decathlon,,Thu Duc,Ho Chi Minh City,,Viet Nam,VN,10.8439044,106.8427685,,,,OpenStreetMap,node/13609781501,https://www.openstreetmap.org/node/13609781501,2026-07-11T20:29:07+00:00
